Project Type: Cut-In 08/20/2018 Buyer: Danielle Minchella x643 Analyst: Megan McDermott x322,,,,,,,,,,,"9/21/2018
HBA Department
33173 Aromatherapy-08' L-Released Option A",,,,,,,,,,,,,,,,,,,,,,,,,,
"Shelf 7:  Height 1' 0.00"", Length 4' 0.00"", Depth 1' 8.00""                                                                     Shelf 14:  Height 1' 0.00"", Length 4' 0.00"", Depth 1' 8.00""",,,,,,,,,,,,,,,,,,,,,,,,,,,,,,,,,,,,,
"Shelf 6:  Height 1' 0.00"", Length 4' 0.00"", Depth 1' 8.00""                                                                     Shelf 13:  Height 0' 11.50"", Length 4' 0.00"", Depth 1' 8.00""",,,,,,,,,,,,,,,,,,,,,,,,,,,,,,,,,,,,,
"Shelf 5:  Height 0' 5.00"", Length 4' 0.00"", Depth 1' 8.00""",,,,,,,,,,,,,,,,"00
WI TA
Shelf 12:  Height 0' 5.50"", Length 4' 0.00"", Depth 1' 8.00""",,,,,,,,,,,,,,,,,,,,,
"Shelf 4:  Height 0' 5.50"", Length 4' 0.00"", Depth 1' 8.00""",,,,,,,,,,,,,,,,,,,,,,,,,,,,,,,,,,,,,
"Shelf 11:  Height 0' 6.50"", Length 4' 0.00"", Depth 1' 8.00""",,,,,,,,,,,,,,,,,,,,,,,,,,,,,,,,,,,,,
"Shelf 3:  Height 0' 6.50"", Length 4' 0.00"", Depth 1' 8.00""
Shelf 10:  Height 0' 5.50"", Length 4' 0.00"", Depth 1' 8.00""",,,,,,,,,,,,,,,,,,,,,,,,,,,,,,,,,,,,,
"Shelf 2:  Height 0' 8.50"", Length 4' 0.00"", Depth 1' 8.00""                                                                     Shelf 9:  Height 0' 6.50"", Length 4' 0.00"", Depth 1' 8.00""",,,,,,,,,,,,,,,,,,,,,,,,,,,,,,,,,,,,,
"Shelf 1:  Height 0' 9.50"", Length 4' 0.00"", Depth 1' 8.00""                                                                     Shelf 8:  Height 0' 9.50"", Length 4' 0.00"", Depth 1' 8.00""",,,,,,,,,,,,,,,,,,,,,,,,,,,,,,,,,,,,,
"Location(s):
Notes: For use when slat wall pannel is on the Left.",,,,,,,,,,,,,,,,,"Confidential-For Sprouts Use Only
Page 1 / 1",,,,,,,,,,,,,,,,,,,,
,,,,,,,,,,,,,,,,,,,,,,,,,,,,,,,,,,,,,
,,,,,,,,,,,,,,,,,,,,,,,,,,,,,,,,,,,,,
,,,,,,,,,,,,,,,,,,,,,,,,,,,,,,,,,,,,,
,,,,,,,,,,,,,,,,,,,,,,,,,,,First,,,,,Product,,,,,
Positio,,UPC,,,,Facings,,,Brand,,,,,Long Description,,,,,,Size,,,UOM,,,,Date,,,,,Width,,,,,
-----------   --------------------------------- ------------------------------------------------------------------------------------------------------------------ ------------ -------------------- ---------------,,,,,,,,,,,,,,,,,,,,,,,,,,,,,,,,,,,,,
"Shelf: 1,   Length: 4' 0.00"",    Height: 0' 9.50"",   Depth: 1' 8.00"",   Product: 4' 0.00""",,,,,,,,,,,,,,,,,,,,,,,,,,,,,,,,,,,,,
1,0031885850912,,,,1,,,HOME HEALTH,,,,,LANOLIN-LIQUID,,,,,,4.00,,,OZ,,,,Jul 17 2016 1,,,,,1.65,,,,,,
2,0031885850124,,,,2,,,HOME HEALTH,,,,,CASTOR OIL,,,,,,8.00,,,OZ,,,,Jul 17 2016 1,,,,,2.00,,,,,,
3,0031885850148,,,,1,,,HOME HEALTH,,,,,CASTOR OIL,,,,,,16.00,,,OZ,,,,Jul 17 2016 1,,,,,2.40,,,,,,
4,0031885850132,,,,1,,,HOME HEALTH,,,,,CASTOR OIL,,,,,,32.00,,,OZ,,,,Jul 17 2016 1,,,,,3.15,,,,,,
5,0007697022174,,,,1,,,HERITAGE STORE,,,,,WOOL FLANNEL,,,,,,1.00,,,EA,,,,,,,,,6.40,,,,,,
6,0007697022109,,,,1,,,HERITAGE STORE,,,,,CASTOR OIL,,,,,,8.00,,,FOZ,,,,,,,,,2.05,,,,,,
7,0007697022116,,,,1,,,HERITAGE STORE,,,,,CASTOR OIL,,,,,,16.00,,,FOZ,,,,,,,,,2.40,,,,,,
8,0007697022132,,,,1,,,HERITAGE STORE,,,,,CASTOR OIL,,,,,,32.00,,,FOZ,,,,,,,,,3.10,,,,,,
9,0007697011031,,,,1,,,HERITAGE STORE,,,,,AURA GLOW-ALMOND,,,,,,8.00,,,FOZ,,,,,,,,,2.05,,,,,,
10,0007697011034,,,,1,,,HERITAGE STORE,,,,,AURA GLOW-COCONUT MUSK,,,,,,8.00,,,FOZ,,,,,,,,,2.05,,,,,,
11,0007697011035,,,,1,,,HERITAGE STORE,,,,,AURA GLOW-JASMINE,,,,,,8.00,,,FOZ,,,,,,,,,2.05,,,,,,
12,0007697011033,,,,1,,,HERITAGE STORE,,,,,AURA GLOW-LAVENDER,,,,,,8.00,,,FOZ,,,,,,,,,2.05,,,,,,
13,0007697011037,,,,1,,,HERITAGE STORE,,,,,AURA GLOW-VANILLA SPICE,,,,,,8.00,,,FOZ,,,,,,,,,2.05,,,,,,
14,0007697011032,,,,1,,,HERITAGE STORE,,,,,AURA GLOW-ROSE,,,,,,8.00,,,FOZ,,,,,,,,,2.05,,,,,,
15,0007697044656,,,,1,,,HERITAGE STORE,,,,,ROSEWATER & GLYCERIN SKIN SOOTHER SP,,,,,,4.00,,,FOZ,,,,Jul 17 2016 1,,,,,1.70,,,,,,
16,0007697044609,,,,1,,,HERITAGE STORE,,,,,ROSEWATER SPRAY,,,,,,4.00,,,FOZ,,,,Jul 17 2016 1,,,,,1.70,,,,,,
17,0007697044612,,,,2,,,HERITAGE STORE,,,,,ROSEWATER SPRAY,,,,,,8.00,,,FOZ,,,,Jul 17 2016 1,,,,,2.00,,,,,,
18,0005138191337,,,,1,,,AURA CACIA,,,,,ESSENTIAL OIL WICKS,,,,,,10.00,,,PK,,,,Sep 18 2016 1,,,,,1.90,,,,,,
,,,,,---------------,,,,,,,,,,,,,,,,,,,,,,,,,,,,,,,,
Totals:,,,,,20,,,,,,,,,,,,,,,,,,,,,,,,,,,,,,,,
"Shelf: 2,   Length: 4' 0.00"",    Height: 0' 8.50"",   Depth: 1' 8.00"",   Product: 3' 11.82""",,,,,,,,,,,,,,,,,,,,,,,,,,,,,,,,,,,,,
1,0072474200834,,,,1,,,ALBA BOTANICA,,,,,MASSAGE OIL-KUKUI NUT,,,,,,8.50,,,FOZ,,,,Jul 17 2016 1,,,,,2.05,,,,,,
2,0081265901292,,,,1,,,SOOTHING TOUCH,,,,,OIL-MASSAGE-COCONUT,,,,,,8.00,,,FOZ,,,,,,,,,1.90,,,,,,
3,0064595140530,,,,1,,,LIFEFLO,,,,,PURE MAGNESIUM OIL,,,,,,8.00,,,FOZ,,,,Jul 17 2016 1,,,,,1.90,,,,,,
4,0064595155407,,,,1,,,LIFEFLO,,,,,NAPCA MIST,,,,,,8.00,,,FOZ,,,,Jul 17 2016 1,,,,,1.90,,,,,,
5,0064595136437,,,,1,,,LIFEFLO,,,,,COCONUT OIL SPRAY,,,,,,8.00,,,OZ,,,,Aug 28 2016 1,,,,,1.90,,,,,,
6,0064595173730,,,,1,,,LIFEFLO,,,,,OIL-COCONUT-FRACTIONATED,,,,,,16.00,,,FOZ,,,,Jul 17 2016 1,,,,,2.50,,,,,,
7,0073373907703,,,,1,,,NOW,,,,,LIQUID COCONUT OIL,,,,,,16.00,,,FOZ,,,,Sep  4 2016 1,,,,,2.50,,,,,,
8,0073373907717,,,,1,,,NOW,,,,,PURE JOJOBA OIL,,,,,,4.00,,,FOZ,,,,Jul 17 2016 1,,,,,1.56,,,,,,
9,0073373907707,,,,1,,,NOW,,,,,GRAPE SEED OIL,,,,,,16.00,,,FOZ,,,,Jul 17 2016 1,,,,,2.50,,,,,,
10,0073373907670,,,,1,,,NOW,,,,,AVOCADO OIL REFINED,,,,,,4.00,,,FOZ,,,,Jul 17 2016 1,,,,,1.56,,,,,,
11,0073373907666,,,,1,,,NOW,,,,,APRICOT KERNEL OIL,,,,,,16.00,,,FOZ,,,,Jul 17 2016 1,,,,,2.50,,,,,,
12,0073373907665,,,,1,,,NOW,,,,,APRICOT KERNEL OIL,,,,,,4.00,,,FOZ,,,,Jul 17 2016 1,,,,,1.56,,,,,,
13,0073373907661,,,,1,,,NOW,,,,,ALMOND OIL,,,,,,16.00,,,FOZ,,,,Jul 17 2016 1,,,,,2.50,,,,,,
Positio,,,,UPC,,Facings,,,,Brand,,,,,Long Description,,,,,,Size,,,UOM,,,,,Date,,,,Width,,,,
-----------   --------------------------------- ------------------------------------------------------------------------------------------------------------------ ------------ -------------------- ---------------,,,,,,,,,,,,,,,,,,,,,,,,,,,,,,,,,,,,,
14,0073373907660,,,,1,,,NOW,,,,,SWEET ALMOND OIL,,,,,,4.00,,,FOZ,,,,Jul 17 2016 1,,,,,1.56,,,,,,
15,0073373907700,,,,1,,,NOW,,,,,VEGETABLE GLYCERINE,,,,,,16.00,,,FOZ,,,,Jul 17 2016 1,,,,,2.50,,,,,,
16,0073373907695,,,,1,,,NOW,,,,,VEGETABLE GLYCERINE,,,,,,4.00,,,FOZ,,,,Jul 17 2016 1,,,,,1.56,,,,,,
17,0005138191402,,,,1,,,AURA CACIA,,,,,OIL-VEGETABLE GLYCERIN-ORG,,,,,,16.00,,,FOZ,,,,Jul 17 2016 1,,,,,2.45,,,,,,
18,0005138191400,,,,1,,,AURA CACIA,,,,,OIL-VEGETABLE GLYCERIN-ORG,,,,,,4.00,,,FOZ,,,,Jul 17 2016 1,,,,,1.55,,,,,,
19,0005138191405,,,,1,,,AURA CACIA,,,,,OIL-CASTOR-ORGANIC,,,,,,16.00,,,FOZ,,,,Jul 17 2016 1,,,,,2.45,,,,,,
20,0005138191403,,,,1,,,AURA CACIA,,,,,OIL-CASTOR-ORGANIC,,,,,,4.00,,,FOZ,,,,Jul 17 2016 1,,,,,1.55,,,,,,
21,0005138191174,,,,1,,,AURA CACIA,,,,,GRAPESEED MASSAGE OIL,,,,,,16.00,,,FOZ,,,,Jul 17 2016 1,,,,,2.45,,,,,,
22,0005138191171,,,,1,,,AURA CACIA,,,,,GRAPESEED MASSAGE OIL,,,,,,4.00,,,FOZ,,,,Jul 17 2016 1,,,,,1.55,,,,,,
23,0005138191145,,,,1,,,AURA CACIA,,,,,OIL-SWEET ALMOND,,,,,,16.00,,,FOZ,,,,Jul 17 2016 1,,,,,2.45,,,,,,
,,,,,---------------,,,,,,,,,,,,,,,,,,,,,,,,,,,,,,,,
Totals:,,,,,23,,,,,,,,,,,,,,,,,,,,,,,,,,,,,,,,
"Shelf: 3,   Length: 4' 0.00"",    Height: 0' 6.50"",   Depth: 1' 8.00"",   Product: 3' 11.78""",,,,,,,,,,,,,,,,,,,,,,,,,,,,,,,,,,,,,
1,0073373907595,,,,1,,,NOW,,,,,OIL-ROSE HIP SEED,,,,,,1.00,,,FOZ,,,,Jul 17 2016 1,,,,,1.30,,,,,,
2,0073373907577,,,,1,,,NOW,,,,,OIL OF OREGANO,,,,,,1.00,,,FOZ,,,,,,,,,1.30,,,,,,
3,0073373907734,,,,1,,,NOW,,,,,OIL-ARGAN-ORGANIC,,,,,,2.00,,,FOZ,,,,Jul 17 2016 1,,,,,1.55,,,,,,
4,0073373907546,,,,1,,,NOW,,,,,ESSENTIAL OIL-EUCALYPTUS,,,,,,4.00,,,OZ,,,,Jul 17 2016 1,,,,,1.95,,,,,,
5,0073373907561,,,,1,,,NOW,,,,,LAVENDER OIL,,,,,,4.00,,,FOZ,,,,Jul 17 2016 1,,,,,1.95,,,,,,
6,0073373907569,,,,1,,,NOW,,,,,LEMON ESSENTIAL OIL,,,,,,4.00,,,FOZ,,,,Aug 28 2016 1,,,,,1.95,,,,,,
7,0073373907586,,,,1,,,NOW,,,,,PEPPERMINT OIL,,,,,,4.00,,,FOZ,,,,Jul 17 2016 1,,,,,1.95,,,,,,
8,0073373907578,,,,1,,,NOW,,,,,ORANGE ESSENTIAL OIL,,,,,,4.00,,,FOZ,,,,Aug 28 2016 1,,,,,1.95,,,,,,
9,0073373907626,,,,1,,,NOW,,,,,TEA TREE OIL,,,,,,4.00,,,FOZ,,,,Jul 17 2016 1,,,,,1.95,,,,,,
10,0071833433175,,,,1,,,DESERT ESSENCE,,,,,ESSENTIAL OIL-ORG-DREAM WEAVER,,,,,,0.50,,,FOZ,,,,,,,,,1.10,,,,,,
11,0071833433177,,,,1,,,DESERT ESSENCE,,,,,ESSENTIAL OIL-ORG-INNER PEACH,,,,,,0.50,,,FOZ,,,,,,,,,1.10,,,,,,
12,0071833433179,,,,1,,,DESERT ESSENCE,,,,,ESSENTIAL OIL-ORG-MOOD LIFTER,,,,,,0.50,,,FOZ,,,,,,,,,1.10,,,,,,
13,0071833433181,,,,1,,,DESERT ESSENCE,,,,,ESSENTIAL OIL-ORG-SHARP THOUGHT,,,,,,0.50,,,FOZ,,,,,,,,,1.10,,,,,,
14,0071833433183,,,,1,,,DESERT ESSENCE,,,,,ESSENTIAL OIL-ORG-MUSCLE MEND,,,,,,0.50,,,FOZ,,,,,,,,,1.10,,,,,,
15,0071833433185,,,,1,,,DESERT ESSENCE,,,,,ESSENTIAL OIL-ORG-BREATHE DEEPLY,,,,,,0.50,,,FOZ,,,,,,,,,1.10,,,,,,
16,0071833433132,,,,1,,,DESERT ESSENCE,,,,,OIL-MORINGA JOJOBA & ROSE HIP,,,,,,2.00,,,FOZ,,,,Jul 17 2016 1,,,,,1.80,,,,,,
17,0071833433131,,,,1,,,DESERT ESSENCE,,,,,OIL-COCONUT-JOJOBA & PURE COFFEE,,,,,,4.00,,,FOZ,,,,Jul 17 2016 1,,,,,2.25,,,,,,
18,0071833433130,,,,1,,,DESERT ESSENCE,,,,,OIL-COCONUT-JOJOBA-ORGANIC,,,,,,4.00,,,FOZ,,,,Jul 17 2016 1,,,,,2.25,,,,,,
19,0071833422005,,,,1,,,DESERT ESSENCE,,,,,OIL-100 PERCENT PURE-JOJOBA,,,,,,2.00,,,OZ,,,,Jul 17 2016 1,,,,,1.75,,,,,,
20,0071833422007,,,,1,,,DESERT ESSENCE,,,,,OIL-JOJOBA,,,,,,4.00,,,OZ,,,,Jul 17 2016 1,,,,,2.15,,,,,,
21,0007679101008,,,,1,,,HOBE LABS,,,,,OIL-SWEET ALMOND,,,,,,4.00,,,OZ,,,,Jul 17 2016 1,,,,,2.15,,,,,,
22,0007679101009,,,,1,,,HOBE LABS,,,,,OIL-APRICOT KERNEL,,,,,,4.00,,,OZ,,,,Jul 17 2016 1,,,,,2.15,,,,,,
23,0007679101010,,,,1,,,HOBE LABS,,,,,OIL-AVOCADO,,,,,,4.00,,,OZ,,,,Jul 17 2016 1,,,,,2.15,,,,,,
24,0007679101011,,,,1,,,HOBE LABS,,,,,OIL-GRAPESEED,,,,,,4.00,,,OZ,,,,Jul 17 2016 1,,,,,2.15,,,,,,
Positio,,,,UPC,,Facings,,,,Brand,,,,,Long Description,,,,,,Size,,,UOM,,,,,Date,,,,Width,,,,
-----------   --------------------------------- ------------------------------------------------------------------------------------------------------------------ ------------ -------------------- ---------------,,,,,,,,,,,,,,,,,,,,,,,,,,,,,,,,,,,,,
25,0007679101012,,,,1,,,HOBE LABS,,,,,OIL-SESAME,,,,,,4.00,,,OZ,,,,Jul 17 2016 1,,,,,2.15,,,,,,
26,0007679101007,,,,1,,,HOBE LABS,,,,,OIL-ORGANIC-JOJOBA,,,,,,4.00,,,OZ,,,,Jul 17 2016 1,,,,,2.15,,,,,,
,,,,,---------------,,,,,,,,,,,,,,,,,,,,,,,,,,,,,,,,
Totals:,,,,,26,,,,,,,,,,,,,,,,,,,,,,,,,,,,,,,,
"Shelf: 4,   Length: 4' 0.00"",    Height: 0' 5.50"",   Depth: 1' 8.00"",   Product: 3' 11.88""",,,,,,,,,,,,,,,,,,,,,,,,,,,,,,,,,,,,,
1,0073373907518,,,,1,,,NOW,,,,,BERGAMOT OIL,,,,,,1.00,,,FOZ,,,,Jul 17 2016 1,,,,,1.30,,,,,,
2,0073373907525,,,,1,,,NOW,,,,,CEDARWOOD OIL,,,,,,1.00,,,FOZ,,,,Jul 17 2016 1,,,,,1.30,,,,,,
3,0073373907530,,,,1,,,NOW,,,,,CINNAMON OIL,,,,,,1.00,,,FOZ,,,,Jul 17 2016 1,,,,,1.30,,,,,,
4,0073373907535,,,,1,,,NOW,,,,,CITRONELLA OIL,,,,,,1.00,,,FOZ,,,,Jul 17 2016 1,,,,,1.30,,,,,,
5,0073373907540,,,,1,,,NOW,,,,,CLOVE OIL,,,,,,1.00,,,FOZ,,,,Jul 17 2016 1,,,,,1.30,,,,,,
6,0073373907545,,,,1,,,NOW,,,,,ESSENTIAL OIL-EUCALYPTUS,,,,,,1.00,,,FOZ,,,,Jul 17 2016 1,,,,,1.30,,,,,,
7,0073373907548,,,,1,,,NOW,,,,,FRANKINSENSE OIL BLEND,,,,,,1.00,,,FOZ,,,,Jul 17 2016 1,,,,,1.30,,,,,,
8,0073373907552,,,,1,,,NOW,,,,,EGYPTIAN GERANIUM OIL,,,,,,1.00,,,FOZ,,,,Jul 17 2016 1,,,,,1.30,,,,,,
9,0073373907550,,,,1,,,NOW,,,,,PURE GINGER OIL,,,,,,1.00,,,FOZ,,,,Jul 17 2016 1,,,,,1.30,,,,,,
10,0073373907553,,,,1,,,NOW,,,,,GRAPEFRUIT OIL,,,,,,1.00,,,FOZ,,,,Jul 17 2016 1,,,,,1.30,,,,,,
11,0073373907555,,,,1,,,NOW,,,,,JASMINE OIL,,,,,,1.00,,,FOZ,,,,Jul 17 2016 1,,,,,1.30,,,,,,
12,0073373907560,,,,1,,,NOW,,,,,ESSENTIAL OIL-LAVENDER,,,,,,1.00,,,FOZ,,,,Jul 17 2016 1,,,,,1.30,,,,,,
13,0073373907565,,,,1,,,NOW,,,,,LEMON OIL,,,,,,1.00,,,FOZ,,,,Jul 17 2016 1,,,,,1.30,,,,,,
14,0073373907582,,,,1,,,NOW,,,,,LEMONGRASS OIL,,,,,,1.00,,,FOZ,,,,Jul 17 2016 1,,,,,1.30,,,,,,
15,0073373907570,,,,1,,,NOW,,,,,ORANGE OIL,,,,,,1.00,,,FOZ,,,,Jul 17 2016 1,,,,,1.30,,,,,,
16,0073373907573,,,,1,,,NOW,,,,,OREGANO OIL,,,,,,1.00,,,FOZ,,,,Jul 17 2016 1,,,,,1.30,,,,,,
17,0073373907575,,,,1,,,NOW,,,,,PATCHOULI OIL,,,,,,1.00,,,FOZ,,,,Jul 17 2016 1,,,,,1.30,,,,,,
18,0073373907585,,,,1,,,NOW,,,,,ESSENTIAL OIL-PEPPERMINT,,,,,,1.00,,,FOZ,,,,Jul 17 2016 1,,,,,1.30,,,,,,
19,0073373907590,,,,1,,,NOW,,,,,PINE OIL,,,,,,1.00,,,FOZ,,,,Jul 17 2016 1,,,,,1.30,,,,,,
20,0073373907597,,,,1,,,NOW,,,,,ROSE ABSOLUTE,,,,,,1.00,,,FOZ,,,,Jul 17 2016 1,,,,,1.30,,,,,,
21,0073373907600,,,,1,,,NOW,,,,,ROSEMARY OIL,,,,,,1.00,,,FOZ,,,,Jul 17 2016 1,,,,,1.30,,,,,,
22,0073373907620,,,,1,,,NOW,,,,,SPEARMINT OIL,,,,,,1.00,,,FOZ,,,,Jul 17 2016 1,,,,,1.30,,,,,,
23,0073373907623,,,,1,,,NOW,,,,,TANGERINE OIL,,,,,,1.00,,,FOZ,,,,Jul 17 2016 1,,,,,1.30,,,,,,
24,0073373907625,,,,1,,,NOW,,,,,TEA TREE OIL,,,,,,1.00,,,FOZ,,,,Jul 17 2016 1,,,,,1.30,,,,,,
25,0073373907410,,,,1,,,NOW,,,,,OIL-EUCALYPTUS-ORGANIC,,,,,,1.00,,,FOZ,,,,Jul 17 2016 1,,,,,1.30,,,,,,
26,0073373907430,,,,1,,,NOW,,,,,OIL-LAVENDER-ORGANIC,,,,,,1.00,,,FOZ,,,,Jul 17 2016 1,,,,,1.30,,,,,,
27,0073373907470,,,,1,,,NOW,,,,,OIL-TEA TREE-ORGANIC,,,,,,1.00,,,FOZ,,,,Jul 17 2016 1,,,,,1.30,,,,,,
28,0073373907630,,,,1,,,NOW,,,,,ESSENTIAL OIL-BOTTLED BOUQUET,,,,,,1.00,,,FOZ,,,,Sep 11 2016 1,,,,,1.30,,,,,,
29,0073373907604,,,,1,,,NOW,,,,,CHEER UP BUTTERCUP OIL,,,,,,1.00,,,FOZ,,,,Jul 17 2016 1,,,,,1.30,,,,,,
30,0073373907605,,,,1,,,NOW,,,,,CLEAR THE AIR OIL,,,,,,1.00,,,FOZ,,,,Jul 17 2016 1,,,,,1.30,,,,,,
31,0073373907631,,,,1,,,NOW,,,,,ESSENTIAL OIL-MORNING SUNSHINE,,,,,,1.00,,,FOZ,,,,Sep 11 2016 1,,,,,1.30,,,,,,
32,0073373907606,,,,1,,,NOW,,,,,MENTAL FOCUS OIL,,,,,,1.00,,,FOZ,,,,Jul 17 2016 1,,,,,1.30,,,,,,
Positio,,,,UPC,,Facings,,,,Brand,,,,,Long Description,,,,,,Size,,,UOM,,,,,Date,,,,Width,,,,
-----------   --------------------------------- ------------------------------------------------------------------------------------------------------------------ ------------ -------------------- ---------------,,,,,,,,,,,,,,,,,,,,,,,,,,,,,,,,,,,,,
33,0073373907612,1,NOW,NATURES SHIELD ESSENTIAL OIL,1.00,FOZ,
34,0073373907634,1,NOW,ESSENTIAL OIL-PEACE LOVE & FLOWERS,1.00,FOZ,
35,0073373907607,1,NOW,PEACEFUL SLEEP OIL,1.00,FOZ,
36,0073373907633,1,NOW,ESSENTIAL OIL-SMILES FOR MILES,1.00,FOZ,
Totals:,,,
"Shelf: 5,   Length: 4' 0.00"",    Height: 0' 5.00"",   Depth: 1' 8.00"",   Product: 3' 11.85""",,,,,,,,,,,,,,,,,,,,,,,,,,,,,,,,,,,,,
1,0072607850340,,,,1,,,WINDROSE,,,,,TRANQUILITY INCENSE BURNER,,,,,,1.00,,,EA,,,,,,,,,3.50,,,,,,
2,0072607850940,,,,1,,,WINDROSE,,,,,CELTIC CERAMIC INCENSE STAND,,,,,,1.00,,,EA,,,,Jul 17 2016 1,,,,,2.18,,,,,,
3,0072607850235,,,,1,,,WINDROSE,,,,,LUCKY ELEPHANTS SOAPSTONE INCENSE HO,,,,,,1.00,,,EA,,,,Jul 17 2016 1,,,,,3.43,,,,,,
4,0072607850835,,,,1,,,TRILOKA,,,,,DIFFUSER-MAGIC BEANSTALK,,,,,,1.00,,,EA,,,,,,,,,2.60,,,,,,
5,0072607850836,,,,1,,,WINDROSE,,,,,DIFFUSER-SUNFACE W/ VINE,,,,,,1.00,,,EA,,,,,,,,,2.60,,,,,,
6,0072607850359,,,,1,,,TRILOKA,,,,,OM MINI DIFFUSER,,,,,,1.00,,,EA,,,,Jul 17 2016 1,,,,,2.82,,,,,,
7,0003062950510,,,,1,,,WINDROSE,,,,,TEALIGHT CANDLES 10PK,,,,,,1.00,,,CNT,,,,Jul 17 2016 1,,,,,3.10,,,,,,
8,0072607810334,,,,1,,,WINDROSE,,,,,NAG CHAMPA CONES,,,,,,1.00,,,EA,,,,Jul 17 2016 1,,,,,2.75,,,,,,
9,0005052555501,,,,1,,,SAI BABA,,,,,INCENSE-NAG CHAMPA 15 GR 2015,,,,,,15.00,,,GM,,,,Jul 17 2016 1,,,,,8.63,,,,,,
10,0005052555503,,,,1,,,SAI BABA,,,,,INCENSE-NAG CHAMPA 40 GR 2015,,,,,,40.00,,,GM,,,,Jul 17 2016 1,,,,,8.63,,,,,,
11,0005052555505,,,,1,,,SAI BABA,,,,,INCENSE-NAG CHAMPA,,,,,,100.00,,,GM,,,,Jul 17 2016 1,,,,,9.00,,,,,,
12,0072607810104,,,,1,,,WINDROSE,,,,,GOLOKA NAGCHAMPA,,,,,,16.00,,,GM,,,,Jul 17 2016 1,,,,,8.63,,,,,,
13,0072607810268,,,,1,,,WINDROSE,,,,,GOLOKA NAGCHAMPA AGARBATHI,,,,,,1.00,,,EA,,,,Jul 17 2016 1,,,,,8.63,,,,,,
14,0072607810266,,,,1,,,WINDROSE,,,,,SHRINIVAS SUGANDHALAYA SUPER HIT INC,,,,,,15.00,,,GM,,,,Jul 17 2016 1,,,,,8.63,,,,,,
15,0072607810270,,,,1,,,WINDROSE,,,,,SUPER HIT INCENSE,,,,,,40.00,,,GM,,,,Jul 17 2016 1,,,,,8.63,,,,,,
16,0072607810127,,,,1,,,WINDROSE,,,,,TARA HEALING INCENSE,,,,,,1.00,,,EA,,,,Jul 17 2016 1,,,,,5.90,,,,,,
17,0072607810308,,,,1,,,WINDROSE,,,,,THREE KINGS CHARCOAL,,,,,,1.00,,,EA,,,,Jul 17 2016 1,,,,,6.60,,,,,,
18,0007697063250,,,,1,,,HERITAGE STORE,,,,,AURA SMUDGE,,,,,,4.00,,,FOZ,,,,Jul 17 2016 1,,,,,1.95,,,,,,
,,,,,---------------,,,,,,,,,,,,,,,,,,,,,,,,,,,,,,,,
Totals:,,,,,18,,,,,,,,,,,,,,,,,,,,,,,,,,,,,,,,
"Shelf: 6,   Length: 4' 0.00"",    Height: 1' 0.00"",   Depth: 1' 8.00"",   Product: 0' 0.00""",,,,,,,,,,,,,,,,,,,,,,,,,,,,,,,,,,,,,
1,0072607810201,,,,1,,,WINDROSE,,,,,SAGE PERFUME SAGE SWEET GRASS MEDIUM,,,,,,1.00,,,EA,,,,,,,,,3.22,,,,,,
2,0072607810200,,,,1,,,TRILOKA,,,,,SMUDGE-SAGE PINE PERFUME-MEDIUM,,,,,,1.00,,,EA,,,,,,,,,3.20,,,,,,
3,0072607850025,,,,1,,,WINDROSE,,,,,TRILOKA WHITE SAGE SMUDGE 6IN,,,,,,1.00,,,EA,,,,Jul 17 2016 1,,,,,3.20,,,,,,
4,0072607810199,,,,1,,,WINDROSE,,,,,SAGE CEDAR SWEETGRASS MEDIUM SMUDGE,,,,,,1.00,,,EA,,,,Jul 17 2016 1,,,,,3.20,,,,,,
5,0072607810332,,,,1,,,TRILOKA,,,,,INCESNE-PALO SANTO,,,,,,1.00,,,EA,,,,,,,,,3.25,,,,,,
6,0072607850024,,,,1,,,WINDROSE,,,,,TRILOKA ASSORTED MINI SMUDGE 3 PACK,,,,,,1.00,,,EA,,,,Jul 17 2016 1,,,,,3.23,,,,,,
7,0072607850671,,,,1,,,WINDROSE,,,,,TRILOKA MOUNTAIN SAGE MINI SMUDGE 3,,,,,,1.00,,,EA,,,,Jul 17 2016 1,,,,,3.23,,,,,,
8,0072607840011,,,,1,,,WINDROSE,,,,,TRILOKA WHITE SAGE MINI SMUDGE 3 PAC,,,,,,1.00,,,EA,,,,Jul 17 2016 1,,,,,3.23,,,,,,
Positio,,,,UPC,,Facings,,,,Brand,,,,,Long Description,,,,,,Size,,,UOM,,,,,Date,,,,Width,,,,
-----------   --------------------------------- ------------------------------------------------------------------------------------------------------------------ ------------ -------------------- ---------------,,,,,,,,,,,,,,,,,,,,,,,,,,,,,,,,,,,,,
9,0072607810300,,,,1,,,WINDROSE,,,,,SAGE CEDAR LAVENDAR MINI 3 PACK SMUD,,,,,,1.00,,,EA,,,,Jul 17 2016 1,,,,,3.23,,,,,,
10,0079773464935,,,,2,,,EVOLUTION SALT CO,,,,,BULBS-SALT LAMP,,,,,,4.00,,,PK,,,,Sep 11 2016 1,,,,,2.05,,,,,,
11,0005138191315,,,,1,,,AURA CACIA,,,,,CAR ROOM DIFFUSER REFILL PADS 10CT,,,,,,1.00,,,EA,,,,Aug 21 2016 1,,,,,3.75,,,,,,
,,,,,---------------,,,,,,,,,,,,,,,,,,,,,,,,,,,,,,,,
Totals:,,,,,12,,,,,,,,,,,,,,,,,,,,,,,,,,,,,,,,
"Shelf: 7,   Length: 4' 0.00"",    Height: 1' 0.00"",   Depth: 1' 8.00"",   Product: 3' 11.96""",,,,,,,,,,,,,,,,,,,,,,,,,,,,,,,,,,,,,
1,0072607851060,,,,1,,,WINDROSE,,,,,VINE & FLOWER WOODEN BURNER,,,,,,1.00,,,EA,,,,Jul 17 2016 1,,,,,2.00,,,,,,
2,0072607850043,,,,1,,,WINDROSE,,,,,VINE & LEAF INCENSE HOLDER,,,,,,1.00,,,EA,,,,Jul 17 2016 1,,,,,2.00,,,,,,
3,0072607850244,,,,1,,,WINDROSE,,,,,PLAIN INCENSE HOLDER 10 INCH,,,,,,1.00,,,EA,,,,Jul 17 2016 1,,,,,2.00,,,,,,
4,0072607851043,,,,1,,,WINDROSE,,,,,BAMBOO INDIAN REDWOOD BOAT INCENSE H,,,,,,1.00,,,EA,,,,Jul 17 2016 1,,,,,2.00,,,,,,
5,0072607850199,,,,1,,,WINDROSE,,,,,PALMWOOD OM WOODEN BURNER,,,,,,1.00,,,EA,,,,Jul 17 2016 1,,,,,2.00,,,,,,
6,0072607850240,,,,1,,,WINDROSE,,,,,STAR WITH MOON INCENSE STAND,,,,,,1.00,,,EA,,,,Jul 17 2016 1,,,,,2.00,,,,,,
7,0072607810336,,,,1,,,TRILOKA,,,,,INCENSE-BEST SELLERS ASSORTED,,,,,,1.00,,,EA,,,,Jul 17 2016 1,,,,,2.70,,,,,,
8,0072607810002,,,,1,,,WINDROSE,,,,,TRILOKA ORIGINAL INCENSE ASSORTED FR,,,,,,1.00,,,EA,,,,Jul 17 2016 1,,,,,2.70,,,,,,
9,0072607810008,,,,1,,,WINDROSE,,,,,TRILOKA ORIGINAL INCENSE ASSORTED FR,,,,,,1.00,,,EA,,,,Jul 17 2016 1,,,,,2.70,,,,,,
10,0072607810042,,,,1,,,WINDROSE,,,,,TRILOKA ORIGINAL INCENSE PATCHOULI,,,,,,1.00,,,EA,,,,Jul 17 2016 1,,,,,2.70,,,,,,
11,0072607810110,,,,1,,,WINDROSE,,,,,TRILOKA ORIGINAL INCENSE FRANKINCENS,,,,,,1.00,,,EA,,,,Jul 17 2016 1,,,,,2.70,,,,,,
12,0072607810024,,,,1,,,WINDROSE,,,,,TRILOKA ORIGINAL INCENSE VANILLA BRE,,,,,,1.00,,,EA,,,,Jul 17 2016 1,,,,,2.70,,,,,,
13,0072607810082,,,,1,,,WINDROSE,,,,,TRILOKA ORIGINAL INCENSE SIERRA CEDA,,,,,,1.00,,,EA,,,,Jul 17 2016 1,,,,,2.70,,,,,,
14,0072607810010,,,,1,,,WINDROSE,,,,,TRILOKA ORIGINAL INCENSE EGYPTIAN MU,,,,,,1.00,,,EA,,,,Jul 17 2016 1,,,,,2.70,,,,,,
15,0072607810019,,,,1,,,WINDROSE,,,,,TRILOKA ORIGINAL INCENSE TIBETAN LOT,,,,,,1.00,,,EA,,,,Jul 17 2016 1,,,,,2.70,,,,,,
16,0072607810007,,,,1,,,WINDROSE,,,,,TRILOKA ORIGINAL INCENSE LAVENDER FI,,,,,,1.00,,,EA,,,,Jul 17 2016 1,,,,,2.70,,,,,,
17,0072607810005,,,,1,,,WINDROSE,,,,,TRILOKA ORIGINAL INCENSE HAWAIIAN HI,,,,,,1.00,,,EA,,,,Jul 17 2016 1,,,,,2.70,,,,,,
18,0072607810016,,,,1,,,WINDROSE,,,,,TRILOKA ORIGINAL INCENSE SANDALWOOD,,,,,,1.00,,,EA,,,,Jul 17 2016 1,,,,,2.70,,,,,,
19,0064084210900,,,,1,,,KUUMBA MADE,,,,,PERFUME-ROLL ON-ASSORTED FRAGRANCE,,,,,,0.13,,,OZ,,,,Jul 17 2016 1,,,,,0.70,,,,,,
20,0064084250011,,,,1,,,KUUMBA MADE,,,,,FRAGRANCE OIL-AMBER PASTE,,,,,,3.70,,,ML,,,,,,,,,0.70,,,,,,
21,0064084250101,,,,1,,,KUUMBA MADE,,,,,FRAGRANCE OIL-AMBER & MYRAH,,,,,,3.70,,,ML,,,,,,,,,0.70,,,,,,
22,0064084250251,,,,1,,,KUUMBA MADE,,,,,FRAGRANCE OIL-AMBER & SANDALWOOD,,,,,,3.70,,,ML,,,,,,,,,0.70,,,,,,
23,0064084250341,,,,1,,,KUUMBA MADE,,,,,FRAGRANCE OIL-ARABIAN SANDALWOOD,,,,,,3.70,,,ML,,,,,,,,,0.70,,,,,,
24,0064084250291,,,,1,,,KUUMBA MADE,,,,,FRAGRANCE OIL-ARABIAN ROSE,,,,,,3.70,,,ML,,,,,,,,,0.70,,,,,,
25,0064084250311,,,,1,,,KUUMBA MADE,,,,,FRAGRANCE OIL-BLACK COCONUT,,,,,,3.70,,,ML,,,,,,,,,0.70,,,,,,
26,0064084250781,,,,1,,,KUUMBA MADE,,,,,FRAGRANCE OIL-CREAMY COCONUT,,,,,,3.70,,,ML,,,,,,,,,0.70,,,,,,
27,0064084250321,,,,1,,,KUUMBA MADE,,,,,FRAGRANCE OIL-EGYPTIAN MUSK,,,,,,3.70,,,ML,,,,,,,,,0.70,,,,,,
28,0064084250441,,,,1,,,KUUMBA MADE,,,,,FRAGRANCE OIL-FRANKINCENSE & MYRAH,,,,,,3.70,,,ML,,,,,,,,,0.70,,,,,,
29,0064084250771,,,,1,,,KUUMBA MADE,,,,,FRAGRANCE OIL-LAVENDER LACE,,,,,,3.70,,,ML,,,,,,,,,0.70,,,,,,
30,0064084250361,,,,1,,,KUUMBA MADE,,,,,FRAGRANCE OIL-LILY OF THE VALLEY,,,,,,3.70,,,ML,,,,,,,,,0.70,,,,,,
31,0064084250381,,,,1,,,KUUMBA MADE,,,,,FRAGRANCE OIL-ORIENTAL MUSK,,,,,,3.70,,,ML,,,,,,,,,0.70,,,,,,
Positio,,,,UPC,,Facings,,,,Brand,,,,,Long Description,,,,,,Size,,,UOM,,,,,Date,,,,Width,,,,
-----------   --------------------------------- ------------------------------------------------------------------------------------------------------------------ ------------ -------------------- ---------------,,,,,,,,,,,,,,,,,,,,,,,,,,,,,,,,,,,,,
32,0064084250711,,,,1,,,,KUUMBA MADE,,,FRAGRANCE OIL-PERSIAN GARDEN,,,,,,3.70,,,,ML,,,,,,,,0.70,,,,,,,
33,0064084250111,,,,1,,,,KUUMBA MADE,,,FRAGRANCE OIL-PIKAKE LEI,,,,,,3.70,,,,ML,,,,,,,,0.70,,,,,,,
34,0064084250051,,,,1,,,,KUUMBA MADE,,,FRAGRANCE OIL-TUNISIAN JASMINE,,,,,,3.70,,,,ML,,,,,,,,0.70,,,,,,,
35,0064084250221,,,,1,,,,KUUMBA MADE,,,FRAGRANCE OIL-TUNISIAN PATCHOULI,,,,,,3.70,,,,ML,,,,,,,,0.70,,,,,,,
36,0064084250391,,,,1,,,,KUUMBA MADE,,,FRAGRANCE OIL-TUNISIAN OPIUM,,,,,,3.70,,,,ML,,,,,,,,0.70,,,,,,,
37,0064084250761,,,,1,,,,KUUMBA MADE,,,FRAGRANCE OIL-VANILLA BEAN,,,,,,3.70,,,,ML,,,,,,,,0.70,,,,,,,
38,0064084250231,,,,1,,,,KUUMBA MADE,,,FRAGRANCE OIL-VANILLA MUSK,,,,,,3.70,,,,ML,,,,,,,,0.70,,,,,,,
39,0064084250271,,,,1,,,,KUUMBA MADE,,,FRAGRANCE OIL-WATER GODDESS,,,,,,3.70,,,,ML,,,,,,,,0.70,,,,,,,
40,0064084250741,,,,1,,,,KUUMBA MADE,,,FRAGRANCE OIL-WATER LILY,,,,,,3.70,,,,ML,,,,,,,,0.70,,,,,,,
41,0064084250041,,,,1,,,,KUUMBA MADE,,,FRAGRANCE OIL-WHITE GINGER,,,,,,3.70,,,,ML,,,,,,,,0.70,,,,,,,
42,0064084250021,,,,1,,,,KUUMBA MADE,,,FRAGRANCE OIL-WIND DANCER,,,,,,3.70,,,,ML,,,,,,,,0.70,,,,,,,
43,0064084250721,,,,1,,,,KUUMBA MADE,,,FRAGRANCE OIL-ZEN RAIN,,,,,,3.70,,,,ML,,,,,,,,0.70,,,,,,,
,,,,,---------------,,,,,,,,,,,,,,,,,,,,,,,,,,,,,,,,
Totals:,,,,,43,,,,,,,,,,,,,,,,,,,,,,,,,,,,,,,,
"Shelf: 8,   Length: 4' 0.00"",    Height: 0' 9.50"",   Depth: 1' 8.00"",   Product: 3' 11.97""",,,,,,,,,,,,,,,,,,,,,,,,,,,,,,,,,,,,,
1,0005138191336,,,,1,,,AURA CACIA,,,,,USB ESSENTIAL OIL DIFFUSER,,,,,,1.00,,,EA,,,,Sep 11 2016 1,,,,,4.65,,,,,,
2,0005138191338,,,,1,,,AURA CACIA,,,,,ESSENTIAL OIL DIFFUSER,,,,,,1.00,,,EA,,,,Sep 11 2016 1,,,,,7.40,,,,,,
3,0063687401146,,,,1,,,EVERYONE,,,,,AROMATHERAPY DIFFUSER,,,,,,1.00,,,EA,,,,,,,,,5.25,,,,,,
4,0081190901545,,,,1,,,GREEN AIR,,,,,ESSENTIAL OIL DIFFUSER-USB-BREEZY,,,,,,1.00,,,EA,,,,,,,,,4.85,,,,,,
5,0081190901674,,,,1,,,GREEN AIR,,,,,ESSENTIAL OIL DIFFUSER-VICTORIAN MTL,,,,,,1.00,,,EA,,,,,,,,,5.00,,,,,,
6,0081190901589,,,,1,,,GREEN AIR,,,,,ESSENTIAL OIL DIFFUSER-BAMBOO,,,,,,1.00,,,EA,,,,,,,,,4.00,,,,,,
7,0060972258580,,,,1,,,EVOLUTION SALT CO,,,,,LAMP-SALT-AROMATHERAPY,,,,,,1.00,,,EA,,,,Sep  4 2016 1,,,,,5.40,,,,,,
8,0079773449390,,,,1,,,EVOLUTION SALT CO,,,,,LAMP-SALT-SMALL,,,,,,1.00,,,EA,,,,Sep 11 2016 1,,,,,5.40,,,,,,
9,0061056347085,,,,1,,,EVOLUTION SALT CO,,,,,LAMP-SALT-USB MULTI COLOR,,,,,,1.00,,,EA,,,,Aug 21 2016 1,,,,,4.40,,,,,,
,,,,,---------------,,,,,,,,,,,,,,,,,,,,,,,,,,,,,,,,
Totals:,,,,,9,,,,,,,,,,,,,,,,,,,,,,,,,,,,,,,,
"Shelf: 9,   Length: 4' 0.00"",    Height: 0' 6.50"",   Depth: 1' 8.00"",   Product: 3' 11.79""",,,,,,,,,,,,,,,,,,,,,,,,,,,,,,,,,,,,,
1,0005138191144,,,,2,,,AURA CACIA,,,,,SWEET ALMOND MASSAGE OIL,,,,,,4.00,,,FOZ,,,,Jul 17 2016 1,,,,,1.55,,,,,,
2,0005138190607,,,,1,,,AURA CACIA,,,,,ORGANIC SKIN CARE OIL SWEET ALMOND,,,,,,4.00,,,FOZ,,,,Jul 17 2016 1,,,,,1.55,,,,,,
3,0005138190380,,,,1,,,AURA CACIA,,,,,OIL-ORG-SHEA NUT,,,,,,4.00,,,FOZ,,,,,,,,,1.55,,,,,,
4,0005138191380,,,,1,,,AURA CACIA,,,,,OIL-SHEA NUT,,,,,,4.00,,,FOZ,,,,,,,,,1.55,,,,,,
5,0005138190609,,,,1,,,AURA CACIA,,,,,ORGANIC SKIN CARE OIL SESAME,,,,,,4.00,,,FOZ,,,,Jul 17 2016 1,,,,,1.55,,,,,,
6,0005138191198,,,,1,,,AURA CACIA,,,,,SESAME NATURAL SKIN CARE OIL,,,,,,4.00,,,FOZ,,,,Jul 17 2016 1,,,,,1.55,,,,,,
7,0005138190608,,,,1,,,AURA CACIA,,,,,ORGANIC SKIN CARE OIL JOJOBA,,,,,,4.00,,,FOZ,,,,Jul 17 2016 1,,,,,1.55,,,,,,
8,0005138191172,,,,2,,,AURA CACIA,,,,,JOJOBA MASSAGE OIL,,,,,,4.00,,,FOZ,,,,Jul 17 2016 1,,,,,1.55,,,,,,
9,0005138190382,,,,1,,,AURA CACIA,,,,,OIL-ORGANIC-HEMP SEED,,,,,,4.00,,,FOZ,,,,,,,,,1.55,,,,,,
Positio,,,,UPC,,Facings,,,,Brand,,,,,Long Description,,,,,,Size,,,UOM,,,,,Date,,,,Width,,,,
-----------   --------------------------------- ------------------------------------------------------------------------------------------------------------------ ------------ -------------------- ---------------,,,,,,,,,,,,,,,,,,,,,,,,,,,,,,,,,,,,,
10,0005138191196,,,,1,,,AURA CACIA,,,,,AVOCADO OIL,,,,,,4.00,,,FOZ,,,,Jul 17 2016 1,,,,,1.55,,,,,,
11,0005138191170,,,,1,,,AURA CACIA,,,,,APRICOT MASSAGE OIL,,,,,,4.00,,,FOZ,,,,Jul 17 2016 1,,,,,1.55,,,,,,
12,0005138188618,,,,2,,,AURA CACIA,,,,,RELAXING LAVENDER BODY OIL,,,,,,4.00,,,FOZ,,,,Jul 17 2016 1,,,,,1.55,,,,,,
13,0005138190140,,,,1,,,AURA CACIA,,,,,COCONUT OIL-ORGANIC-UNREFINED,,,,,,6.25,,,OZ,,,,,,,,,3.64,,,,,,
14,0073373907683,,,,2,,,NOW,,,,,PURE COCONUT OIL,,,,,,7.00,,,FOZ,,,,Jul 17 2016 1,,,,,2.87,,,,,,
15,0073373907760,,,,1,,,NOW,,,,,SOFT COCOA BUTTER WITH JOJOBA OIL,,,,,,6.50,,,FOZ,,,,Jul 17 2016 1,,,,,2.87,,,,,,
16,0073373907680,,,,1,,,NOW,,,,,PURE COCOA BUTTER,,,,,,7.00,,,FOZ,,,,Jul 17 2016 1,,,,,2.87,,,,,,
17,0005138184627,,,,1,,,AURA CACIA,,,,,COCOA BUTTER-PURE-JAR,,,,,,4.00,,,FOZ,,,,Jul 17 2016 1,,,,,2.86,,,,,,
18,0007989604946,,,,2,,,QUEEN HELENE,,,,,COCOA BUTTER 100%,,,,,,1.00,,,OZ,,,,Jul 17 2016 1,,,,,1.05,,,,,,
19,0084321617100,,,,1,,,TRU MELANGE,,,,,BEESWAX,,,,,,5.00,,,OZ,,,,Oct 30 2016 1,,,,,2.30,,,,,,
,,,,,---------------,,,,,,,,,,,,,,,,,,,,,,,,,,,,,,,,
Totals:,,,,,24,,,,,,,,,,,,,,,,,,,,,,,,,,,,,,,,
"Shelf: 10,   Length: 4' 0.00"",    Height: 0' 5.50"",   Depth: 1' 8.00"",   Product: 3' 11.94""",,,,,,,,,,,,,,,,,,,,,,,,,,,,,,,,,,,,,
1,0005138191314,,,,1,,,AURA CACIA,,,,,AROMATHERAPY CAR DIFFUSER,,,,,,1.00,,,EA,,,,Jul 17 2016 1,,,,,2.55,,,,,,
2,0005138191304,,,,1,,,AURA CACIA,,,,,AROMATHERAPY ROOM DIFFUSER,,,,,,0.47,,,EA,,,,Jul 17 2016 1,,,,,2.75,,,,,,
3,0005138191364,,,,1,,,AURA CACIA,,,,,JAR-AMBER-EMPTY,,,,,,4.00,,,FOZ,,,,Jul 17 2016 1,,,,,2.60,,,,,,
4,0005138191363,,,,2,,,AURA CACIA,,,,,BOTTLE-EMPTY-ROLL ON,,,,,,0.31,,,FOZ,,,,Jul 17 2016 1,,,,,0.90,,,,,,
5,0005138191360,,,,1,,,AURA CACIA,,,,,BOTTLE-EMPTY-AMBER,,,,,,2.00,,,FOZ,,,,Jul 17 2016 1,,,,,1.55,,,,,,
6,0005138191362,,,,1,,,AURA CACIA,,,,,BOTTLE-EMPTY-AMBER,,,,,,4.00,,,FOZ,,,,Jul 17 2016 1,,,,,1.95,,,,,,
7,0005138191361,,,,2,,,AURA CACIA,,,,,BOTTLE-EMPTY-MISTER,,,,,,2.00,,,FOZ,,,,Jul 17 2016 1,,,,,1.55,,,,,,
8,0065267093754,,,,1,,,NATURE'S DISTRIBUTION,,,,,JAR-CLEAR-CLASP-7 OZ,,,,,,7.00,,,OZ,,,,,,,,,3.20,,,,,,
9,0065267093752,,,,2,,,NATURE'S DISTRIBUTION,,,,,ROLLER-ROLL ON W/ STEEL-AMBER-10 ML,,,,,,10.00,,,ML,,,,,,,,,0.80,,,,,,
10,0071317978968,,,,1,,,NATURE'S DISTRIBUTION,,,,,BOTTLE-DROPPER-AMBER-.5 OZ,,,,,,0.50,,,OZ,,,,,,,,,1.00,,,,,,
11,0071317978963,,,,1,,,NATURE'S DISTRIBUTION,,,,,BOTTLE-DROPPER-AMBER-1 OZ,,,,,,1.00,,,OZ,,,,,,,,,1.30,,,,,,
12,0070148556863,,,,1,,,NATURE'S DISTRIBUTION,,,,,BOTTLE-SPRAY-AMBER-1 OZ,,,,,,1.00,,,OZ,,,,,,,,,1.30,,,,,,
13,0070148556865,,,,1,,,NATURE'S DISTRIBUTION,,,,,BOTTLE-SPRAY-AMBER-2 OZ,,,,,,2.00,,,OZ,,,,,,,,,1.55,,,,,,
14,0065267093751,,,,1,,,NATURE'S DISTRIBUTION,,,,,BOTTLE-SPRAYER-PUMP-AMBER-4 OZ,,,,,,4.00,,,OZ,,,,,,,,,1.95,,,,,,
15,0065267093753,,,,2,,,NATURE'S DISTRIBUTION,,,,,ROLLER-ROLL ON W/ STEEL-10 ML,,,,,,10.00,,,ML,,,,,,,,,0.80,,,,,,
16,0071317978967,,,,1,,,NATURE'S DISTRIBUTION,,,,,BOTTLE-DROPPER-BLUE-.5 OZ,,,,,,0.50,,,OZ,,,,,,,,,1.00,,,,,,
17,0071317978962,,,,1,,,NATURE'S DISTRIBUTION,,,,,BOTTLE-DROPPER-BLUE-1 OZ,,,,,,1.00,,,OZ,,,,,,,,,1.30,,,,,,
18,0071317978965,,,,1,,,NATURE'S DISTRIBUTION,,,,,BOTTLE-SPRAY-BLUE-1 OZ,,,,,,1.00,,,OZ,,,,,,,,,1.30,,,,,,
19,0071317978958,,,,1,,,NATURE'S DISTRIBUTION,,,,,BOTTLE-SPRAY-BLUE-2 OZ,,,,,,2.00,,,OZ,,,,,,,,,1.55,,,,,,
20,0070148556867,,,,1,,,NATURE'S DISTRIBUTION,,,,,BOTTLE-PUMP SPRAYER-BLUE-4 OZ,,,,,,4.00,,,OZ,,,,,,,,,1.95,,,,,,
21,0063408448043,,,,1,,,BADGER BALM,,,,,STICK-HEADACHE SOOTHER-ORGANIC,,,,,,0.60,,,OZ,,,,Jul 17 2016 1,,,,,3.50,,,,,,
22,0063408448041,,,,1,,,BADGER BALM,,,,,STICK-YOGA & MEDITATION-ORGANIC,,,,,,0.60,,,OZ,,,,Jul 17 2016 1,,,,,3.50,,,,,,
23,0063408448044,,,,1,,,BADGER BALM,,,,,STICK-STRESS SOOTHER-ORGANIC,,,,,,0.60,,,OZ,,,,Jul 17 2016 1,,,,,3.50,,,,,,
,,,,,---------------,,,,,,,,,,,,,,,,,,,,,,,,,,,,,,,,
Positio,,,,UPC,,Facings,,,,Brand,,,,,Long Description,,,,,,Size,,,UOM,,,,,Date,,,,Width,,,,
"-----------
Totals:",,,"--------------------------------- ------------------------------------------------------------------------------------------------------------------ ------------ -------------------- ---------------
27",,,,,,,,,,,,,,,,,,,,,,,,,,,,,,,,,,
"Shelf: 11,   Length: 4' 0.00"",    Height: 0' 6.50"",   Depth: 1' 8.00"",   Product: 3' 11.76""",,,,,,,,,,,,,,,,,,,,,,,,,,,,,,,,,,,,,
1,0005138188143,,,,1,,,AURA CACIA,,,,,ESSENTIAL OIL BLEND-HOME-PETAL POWER,,,,,,2.00,,,FOZ,,,,Sep 11 2016 1,,,,,1.50,,,,,,
2,0005138188141,,,,1,,,AURA CACIA,,,,,ESSENTIAL OIL BLEND-HOME-MAIN SQUEEZ,,,,,,2.00,,,FOZ,,,,Sep 11 2016 1,,,,,1.50,,,,,,
3,0005138188144,,,,1,,,AURA CACIA,,,,,ESSENTIAL OIL BLEND-HOME-KEEP FRESH,,,,,,2.00,,,FOZ,,,,Sep 11 2016 1,,,,,1.50,,,,,,
4,0005138188142,,,,1,,,AURA CACIA,,,,,ESSENTIAL OIL BLEND-HOME-DOWN TO ERT,,,,,,2.00,,,FOZ,,,,Sep 18 2016 1,,,,,1.50,,,,,,
5,0005138188654,,,,1,,,AURA CACIA,,,,,AROMATHERAPY MIST-PILLOW POTION,,,,,,2.00,,,OZ,,,,Jul 17 2016 1,,,,,1.50,,,,,,
6,0005138188655,,,,1,,,AURA CACIA,,,,,ESSENTIAL SOLUTIONS MIST-CHILL PILL,,,,,,2.00,,,OZ,,,,Jul 17 2016 1,,,,,1.50,,,,,,
7,0005138188658,,,,1,,,AURA CACIA,,,,,ESSENTIAL SOLUTIONS MIST-PANIC BTTN,,,,,,2.00,,,OZ,,,,Jul 17 2016 1,,,,,1.50,,,,,,
8,0005138188635,,,,1,,,AURA CACIA,,,,,PEACEFUL PATCHOULI & SWT ORANGE MIST,,,,,,4.00,,,OZ,,,,Jul 17 2016 1,,,,,1.90,,,,,,
9,0005138188242,,,,1,,,AURA CACIA,,,,,CLEARING EUCALYPTUS MIST,,,,,,4.00,,,OZ,,,,Jul 17 2016 1,,,,,1.90,,,,,,
10,0005138188240,,,,1,,,AURA CACIA,,,,,REFRESHING PEPPERMINT MIST,,,,,,4.00,,,OZ,,,,Jul 17 2016 1,,,,,1.90,,,,,,
11,0005138188636,,,,2,,,AURA CACIA,,,,,RELAXING LAVENDER MIST,,,,,,4.00,,,OZ,,,,Jul 17 2016 1,,,,,1.90,,,,,,
12,0066320424160,,,,1,,,INDIGO WILD,,,,,ZUM MIST LAVENDER,,,,,,4.00,,,FOZ,,,,,,,,,1.80,,,,,,
13,0066320421010,,,,1,,,INDIGO WILD,,,,,ZUM MIST LAVENDER LEMON,,,,,,4.00,,,FOZ,,,,Jul 17 2016 1,,,,,1.80,,,,,,
14,0066320424182,,,,1,,,INDIGO WILD,,,,,ZUM MIST FRANKINCENSE-LAVENDER,,,,,,4.00,,,FOZ,,,,Jul 17 2016 1,,,,,1.80,,,,,,
15,0066320421055,,,,2,,,INDIGO WILD,,,,,ZUM MIST FRANKINCENSE & MYRRH,,,,,,4.00,,,FOZ,,,,Jul 17 2016 1,,,,,1.80,,,,,,
16,0066320421016,,,,1,,,INDIGO WILD,,,,,ZUM MIST SANDALWOOD CITRUS,,,,,,4.00,,,FOZ,,,,Jul 17 2016 1,,,,,1.80,,,,,,
17,0066320421015,,,,1,,,INDIGO WILD,,,,,ZUM MIST-PATCHOULI,,,,,,4.00,,,FOZ,,,,Jul 24 2016 1,,,,,1.80,,,,,,
18,0066320421014,,,,1,,,INDIGO WILD,,,,,ZUM MIST ROSEMARY MINT,,,,,,4.00,,,FOZ,,,,Jul 17 2016 1,,,,,1.80,,,,,,
19,0066320424187,,,,1,,,INDIGO WILD,,,,,ZUM MIST-SEA SALT,,,,,,4.00,,,FOZ,,,,Jul 17 2016 1,,,,,1.80,,,,,,
20,0084885800602,,,,1,,,POO-POURRI,,,,,TOILET SPRAY-TROPICAL HIBISCUS,,,,,,2.00,,,FOZ,,,,Sep 25 2016 1,,,,,2.00,,,,,,
21,0084885800342,,,,1,,,POO-POURRI,,,,,TOILET SPRAY-ORIGINAL CITRUS,,,,,,2.00,,,FOZ,,,,Sep 25 2016 1,,,,,2.00,,,,,,
22,0084885800358,,,,1,,,POO-POURRI,,,,,TOILET SPRAY-LAVENDER VANILLA,,,,,,2.00,,,FOZ,,,,Sep 25 2016 1,,,,,2.00,,,,,,
23,0084885800351,,,,1,,,POO-POURRI,,,,,TOILET SPRAY-VANILLA MINT,,,,,,2.00,,,FOZ,,,,Sep 25 2016 1,,,,,2.00,,,,,,
24,0084885800367,,,,1,,,POO-POURRI,,,,,TOILET SPRAY-ROYAL FLUSH,,,,,,2.00,,,FOZ,,,,,,,,,2.00,,,,,,
,,,,,---------------,,,,,,,,,,,,,,,,,,,,,,,,,,,,,,,,
Totals:,,,,,26,,,,,,,,,,,,,,,,,,,,,,,,,,,,,,,,
"Shelf: 12,   Length: 4' 0.00"",    Height: 0' 5.50"",   Depth: 1' 8.00"",   Product: 3' 11.96""",,,,,,,,,,,,,,,,,,,,,,,,,,,,,,,,,,,,,
1,0005138199101,,,,1,,,,AURA CACIA,,,ESSENTIAL OIL KIT-DISCOVER,,,,,,4.00,,,,CNT,,,,,,,,4.05,,,,,,,
2,0005138199104,,,,1,,,,AURA CACIA,,,ESSENTIAL OIL KIT-DISCOVER RELAXATIO,,,,,,4.00,,,,CNT,,,,,,,,4.05,,,,,,,
3,0005138192114,,,,1,,,,AURA CACIA,,,ESSENTIAL OIL-ROLL ON-CHILL PILL,,,,,,0.31,,,,FOZ,,,,,,,,1.60,,,,,,,
4,0005138192112,,,,1,,,,AURA CACIA,,,ESSENTIAL OIL-ROLL ON-EUCALYPTUS,,,,,,0.31,,,,FOZ,,,,,,,,1.60,,,,,,,
5,0005138192116,,,,1,,,,AURA CACIA,,,ESSENTIAL OIL-ROLL ON-FRANKINCENSE,,,,,,0.31,,,,FOZ,,,,,,,,1.60,,,,,,,
6,0005138192110,,,,1,,,,AURA CACIA,,,ESSENTIAL OIL-ROLL ON-LAVENDER,,,,,,0.31,,,,FOZ,,,,,,,,1.60,,,,,,,
7,0005138192115,,,,1,,,,AURA CACIA,,,ESSENTIAL OIL-ROLL ON-MEDIEVAL MIX,,,,,,0.31,,,,FOZ,,,,,,,,1.60,,,,,,,
Positio,,,,UPC,,Facings,,,,Brand,,,,,Long Description,,,,,,Size,,,UOM,,,,,Date,,,,Width,,,,
-----------   --------------------------------- ------------------------------------------------------------------------------------------------------------------ ------------ -------------------- ---------------,,,,,,,,,,,,,,,,,,,,,,,,,,,,,,,,,,,,,
8,0005138192111,,,,1,,,AURA CACIA,,,,,ESSENTIAL OIL-ROLL ON-PEPPERMINT,,,,,,0.31,,,FOZ,,,,,,,,,1.60,,,,,,
9,0005138192117,,,,1,,,AURA CACIA,,,,,ESSENTIAL OIL-ROLL ON-ROSE,,,,,,0.31,,,FOZ,,,,,,,,,1.60,,,,,,
10,0005138192113,,,,1,,,AURA CACIA,,,,,ESSENTIAL OIL-ROLL ON-TEA TREE,,,,,,0.31,,,FOZ,,,,,,,,,1.60,,,,,,
11,0005138191216,,,,1,,,AURA CACIA,,,,,ESSENTIAL OIL-LAVENDER TEA TREE,,,,,,0.50,,,FOZ,,,,Jul 17 2016 1,,,,,2.30,,,,,,
12,0005138191217,,,,1,,,AURA CACIA,,,,,ESSENTIAL OIL-LEMON TEA TREE,,,,,,0.50,,,FOZ,,,,Jul 17 2016 1,,,,,2.30,,,,,,
13,0005138191192,,,,1,,,AURA CACIA,,,,,ESSENTIAL OIL-TEA TREE,,,,,,2.00,,,FOZ,,,,Jul 17 2016 1,,,,,1.60,,,,,,
14,0005138191189,,,,1,,,AURA CACIA,,,,,ESSENTIAL OIL-PEPPERMINT,,,,,,2.00,,,FOZ,,,,Jul 17 2016 1,,,,,1.60,,,,,,
15,0005138191184,,,,1,,,AURA CACIA,,,,,ESSENTIAL OIL-LAVENDER,,,,,,2.00,,,FOZ,,,,Jul 17 2016 1,,,,,1.60,,,,,,
16,0005138191183,,,,1,,,AURA CACIA,,,,,ESSENTIAL OIL-EUCALYPTUS,,,,,,2.00,,,FOZ,,,,Jul 17 2016 1,,,,,1.60,,,,,,
17,0063687422211,,,,1,,,EVERYONE,,,,,ESSENTIAL OIL-UPLIFT,,,,,,0.45,,,FOZ,,,,,,,,,1.30,,,,,,
18,0063687422354,,,,1,,,EVERYONE,,,,,ESSENTIAL OIL-BLEND-SLEEP,,,,,,0.45,,,FOZ,,,,,,,,,1.30,,,,,,
19,0063687422212,,,,1,,,EVERYONE,,,,,ESSENTIAL OIL-BALANCE,,,,,,0.45,,,FOZ,,,,,,,,,1.30,,,,,,
20,0063687422142,,,,1,,,EVERYONE,,,,,ESSENTIAL OIL-FOCUS,,,,,,0.45,,,FOZ,,,,Jul 17 2016 1,,,,,1.30,,,,,,
21,0063687422141,,,,1,,,EVERYONE,,,,,ESSENTIAL OIL-FRESH,,,,,,0.45,,,FOZ,,,,Jul 17 2016 1,,,,,1.30,,,,,,
22,0063687422140,,,,1,,,EVERYONE,,,,,ESSENTIAL OIL-RELAX,,,,,,0.45,,,FOZ,,,,Jul 17 2016 1,,,,,1.30,,,,,,
23,0063687422213,,,,1,,,EVERYONE,,,,,ESSENTIAL OIL-CALM,,,,,,0.45,,,FOZ,,,,,,,,,1.30,,,,,,
24,0063687422143,,,,1,,,EVERYONE,,,,,ESSENTIAL OIL-LAVENDER,,,,,,0.45,,,FOZ,,,,,,,,,1.30,,,,,,
25,0063687422145,,,,1,,,EVERYONE,,,,,ESSENTIAL OIL-EUCALYPTUS,,,,,,0.45,,,FOZ,,,,,,,,,1.30,,,,,,
26,0063687422144,,,,1,,,EVERYONE,,,,,ESSENTIAL OIL-PEPPERMINT,,,,,,0.45,,,FOZ,,,,,,,,,1.30,,,,,,
,,,,,---------------,,,,,,,,,,,,,,,,,,,,,,,,,,,,,,,,
Totals:,,,,,26,,,,,,,,,,,,,,,,,,,,,,,,,,,,,,,,
"Shelf: 13,   Length: 4' 0.00"",    Height: 0' 11.50"",   Depth: 1' 8.00"",   Product: 3' 11.97""",,,,,,,,,,,,,,,,,,,,,,,,,,,,,,,,,,,,,
1,0005138191219,,,,1,,,AURA CACIA,,,,,ESSENTIAL OIL-ATLAS CEDARWOOD,,,,,,0.50,,,FOZ,,,,Sep 18 2016 1,,,,,1.00,,,,,,
2,0005138191105,,,,1,,,AURA CACIA,,,,,ESSENTIAL OIL-BERGAMOT,,,,,,0.50,,,FOZ,,,,Jul 17 2016 1,,,,,1.00,,,,,,
3,0005138191220,,,,1,,,AURA CACIA,,,,,ESSENTIAL OIL-BLACK PEPPER,,,,,,0.50,,,FOZ,,,,Aug 28 2016 1,,,,,1.00,,,,,,
4,0005138191156,,,,1,,,AURA CACIA,,,,,ESSENTIAL OIL-CARROT SEED,,,,,,0.50,,,FOZ,,,,,,,,,1.00,,,,,,
5,0005138191108,,,,1,,,AURA CACIA,,,,,ESSENTIAL OIL-CEDARWOOD,,,,,,0.50,,,FOZ,,,,Jul 17 2016 1,,,,,1.00,,,,,,
6,0005138191111,,,,1,,,AURA CACIA,,,,,ESSENTIAL OIL-CINNAMON LEAF,,,,,,0.50,,,FOZ,,,,Jul 17 2016 1,,,,,1.00,,,,,,
7,0005138191112,,,,1,,,AURA CACIA,,,,,ESSENTIAL OIL-CITRONEL,,,,,,0.50,,,FOZ,,,,Jul 17 2016 1,,,,,1.00,,,,,,
8,0005138191113,,,,1,,,AURA CACIA,,,,,ESSENTIAL OIL-CLARY SAGE,,,,,,0.50,,,FOZ,,,,Jul 17 2016 1,,,,,1.00,,,,,,
9,0005138191114,,,,1,,,AURA CACIA,,,,,ESSENTIAL OIL-CLOVE BUD,,,,,,0.50,,,FOZ,,,,Jul 17 2016 1,,,,,1.00,,,,,,
10,0005138191115,,,,1,,,AURA CACIA,,,,,ESSENTIAL OIL-CYPRESS,,,,,,0.50,,,FOZ,,,,Jul 17 2016 1,,,,,1.00,,,,,,
11,0005138191116,,,,2,,,AURA CACIA,,,,,ESSENTIAL OIL-EUCALYPTUS,,,,,,0.50,,,FOZ,,,,Jul 17 2016 1,,,,,1.00,,,,,,
12,0005138191119,,,,1,,,AURA CACIA,,,,,ESSENTIAL OIL-FRANKINCENSE,,,,,,0.50,,,FOZ,,,,Jul 17 2016 1,,,,,1.00,,,,,,
13,0005138191221,,,,1,,,AURA CACIA,,,,,ESSENTIAL OIL-FRESH GINGER,,,,,,0.50,,,FOZ,,,,Sep 11 2016 1,,,,,1.00,,,,,,
14,0005138191120,,,,1,,,AURA CACIA,,,,,ESSENTIAL OIL-GERANIUM,,,,,,0.50,,,FOZ,,,,Jul 17 2016 1,,,,,1.00,,,,,,
15,0005138191159,,,,1,,,AURA CACIA,,,,,ESSENTIAL OIL-GRAPEFRUIT,,,,,,0.50,,,FOZ,,,,Jul 17 2016 1,,,,,1.00,,,,,,
Positio,,,,UPC,,Facings,,,,Brand,,,,,Long Description,,,,,,Size,,,UOM,,,,,Date,,,,Width,,,,
-----------   --------------------------------- ------------------------------------------------------------------------------------------------------------------ ------------ -------------------- ---------------,,,,,,,,,,,,,,,,,,,,,,,,,,,,,,,,,,,,,
16,0005138191123,,,,2,,,AURA CACIA,,,,,ESSENTIAL OIL-LAVENDER,,,,,,0.50,,,FOZ,,,,Jul 17 2016 1,,,,,1.00,,,,,,
17,0005138191124,,,,1,,,AURA CACIA,,,,,ESSENTIAL OIL-LEMON,,,,,,0.50,,,FOZ,,,,Jul 17 2016 1,,,,,1.00,,,,,,
18,0005138191285,,,,1,,,AURA CACIA,,,,,ESSENTIAL OIL-EUCALYPTUS LEMON,,,,,,0.50,,,FOZ,,,,Jul 17 2016 1,,,,,1.00,,,,,,
19,0005138191125,,,,1,,,AURA CACIA,,,,,ESSENTIAL OIL-LEMON GRASS,,,,,,0.50,,,FOZ,,,,Jul 17 2016 1,,,,,1.00,,,,,,
20,0005138191126,,,,1,,,AURA CACIA,,,,,ESSENTIAL OIL-LIME,,,,,,0.50,,,FOZ,,,,Jul 17 2016 1,,,,,1.00,,,,,,
21,0005138191243,,,,1,,,AURA CACIA,,,,,ESSENTIAL OIL-MANUKA,,,,,,0.50,,,FOZ,,,,,,,,,1.00,,,,,,
22,0005138191128,,,,1,,,AURA CACIA,,,,,ESSENTIAL OIL-MYRRH,,,,,,0.50,,,FOZ,,,,Jul 17 2016 1,,,,,1.00,,,,,,
23,0005138191129,,,,1,,,AURA CACIA,,,,,ESSENTIAL OIL-ORANGE,,,,,,0.50,,,FOZ,,,,Jul 17 2016 1,,,,,1.00,,,,,,
24,0005138191222,,,,1,,,AURA CACIA,,,,,ESSENTIAL OIL-OREGANO,,,,,,0.50,,,FOZ,,,,Sep 11 2016 1,,,,,1.00,,,,,,
25,0005138191130,,,,1,,,AURA CACIA,,,,,ESSENTIAL OIL-PATCHOULI DARK,,,,,,0.50,,,FOZ,,,,Jul 17 2016 1,,,,,1.00,,,,,,
26,0005138191132,,,,2,,,AURA CACIA,,,,,ESSENTIAL OIL-PEPPERMINT,,,,,,0.50,,,FOZ,,,,Jul 17 2016 1,,,,,1.00,,,,,,
27,0005138191244,,,,1,,,AURA CACIA,,,,,ESSENTIAL OIL-SWEET PEPPERMINT,,,,,,0.50,,,FOZ,,,,,,,,,1.00,,,,,,
28,0005138191294,,,,1,,,AURA CACIA,,,,,ESSENTIAL OIL-PINE,,,,,,0.50,,,FOZ,,,,Jul 17 2016 1,,,,,1.00,,,,,,
29,0005138191133,,,,1,,,AURA CACIA,,,,,ESSENTIAL OIL-ROSEMARY,,,,,,0.50,,,FOZ,,,,Jul 17 2016 1,,,,,1.00,,,,,,
30,0005138191135,,,,1,,,AURA CACIA,,,,,ESSENTIAL OIL-SAGE,,,,,,0.50,,,FOZ,,,,Jul 17 2016 1,,,,,1.00,,,,,,
31,0005138191136,,,,1,,,AURA CACIA,,,,,ESSENTIAL OIL-SANDALWOOD,,,,,,0.50,,,FOZ,,,,Jul 17 2016 1,,,,,1.00,,,,,,
32,0005138191137,,,,1,,,AURA CACIA,,,,,ESSENTIAL OIL-SPEARMINT,,,,,,0.50,,,FOZ,,,,Jul 17 2016 1,,,,,1.00,,,,,,
33,0005138191138,,,,1,,,AURA CACIA,,,,,ESSENTIAL OIL-TANGERINE,,,,,,0.50,,,FOZ,,,,Jul 17 2016 1,,,,,1.00,,,,,,
34,0005138191139,,,,1,,,AURA CACIA,,,,,ESSENTIAL OIL-TEA TREE,,,,,,0.50,,,FOZ,,,,Jul 17 2016 1,,,,,1.00,,,,,,
35,0005138191140,,,,1,,,AURA CACIA,,,,,ESSENTIAL OIL-THYME,,,,,,0.50,,,FOZ,,,,Jul 17 2016 1,,,,,1.00,,,,,,
36,0005138191245,,,,1,,,AURA CACIA,,,,,ESSENTIAL OIL-TURMERIC,,,,,,0.50,,,FOZ,,,,,,,,,1.00,,,,,,
37,0005138191141,,,,1,,,AURA CACIA,,,,,ESSENTIAL OIL-VETIVER,,,,,,0.50,,,FOZ,,,,Jul 17 2016 1,,,,,1.00,,,,,,
38,0005138191142,,,,1,,,AURA CACIA,,,,,ESSENTIAL OIL-WINTERGREEN,,,,,,0.50,,,FOZ,,,,Jul 17 2016 1,,,,,1.00,,,,,,
39,0005138191143,,,,1,,,AURA CACIA,,,,,ESSENTIAL OIL-YLANG YLANG,,,,,,0.50,,,FOZ,,,,Jul 17 2016 1,,,,,1.00,,,,,,
40,0005138188118,,,,1,,,AURA CACIA,,,,,ESSENTIAL OIL-CHILL PILL,,,,,,0.50,,,FOZ,,,,Jul 17 2016 1,,,,,1.00,,,,,,
41,0005138188115,,,,1,,,AURA CACIA,,,,,ESSENTIAL OIL-CREATIVE JUICE,,,,,,0.50,,,FOZ,,,,,,,,,1.00,,,,,,
42,0005138188114,,,,1,,,AURA CACIA,,,,,ESSENTIAL SOLUTIONS-GRAY MATTER BATT,,,,,,0.50,,,FOZ,,,,,,,,,1.00,,,,,,
43,0005138188112,,,,1,,,AURA CACIA,,,,,ESSENTIAL OIL-LOVE POTION,,,,,,0.50,,,FOZ,,,,,,,,,1.00,,,,,,
44,0005138188119,,,,1,,,AURA CACIA,,,,,ESSENTIAL OIL-MEDIEVAL MIX,,,,,,0.50,,,FOZ,,,,Jul 17 2016 1,,,,,1.00,,,,,,
45,0005138188113,,,,1,,,AURA CACIA,,,,,ESSENTIAL OIL-MELLOW MIX,,,,,,0.50,,,FOZ,,,,Jul 17 2016 1,,,,,1.00,,,,,,
46,0005138188111,,,,1,,,AURA CACIA,,,,,ESSENTIAL SOLUTIONS-PANIC BUTTON,,,,,,0.50,,,FOZ,,,,Jul 17 2016 1,,,,,1.00,,,,,,
47,0005138188116,,,,1,,,AURA CACIA,,,,,ESSENTIAL SOLUTIONS-PEP TALK,,,,,,0.50,,,FOZ,,,,,,,,,1.00,,,,,,
48,0005138188117,,,,1,,,AURA CACIA,,,,,ESSENTIAL OIL-PILLOW POTION,,,,,,0.50,,,FOZ,,,,Jul 17 2016 1,,,,,1.00,,,,,,
49,0005138188620,,,,1,,,AURA CACIA,,,,,ESSENTIAL OIL-LAVENDER HARVEST,,,,,,0.50,,,FOZ,,,,,,,,,1.00,,,,,,
50,0005138191233,,,,1,,,AURA CACIA,,,,,JOJOBA OIL-SOOTHING-GERMAN CHAMOMILE,,,,,,0.50,,,FOZ,,,,,,,,,1.00,,,,,,
51,0005138191230,,,,1,,,AURA CACIA,,,,,SANCTIFYING FRANKINCENSE IN JOJOBA O,,,,,,0.50,,,FOZ,,,,Jul 17 2016 1,,,,,1.00,,,,,,
52,0005138191228,,,,1,,,AURA CACIA,,,,,ESSENTIAL OIL-JASMINE ABSOLUTE,,,,,,0.50,,,FOZ,,,,Jul 17 2016 1,,,,,1.00,,,,,,
53,0005138191234,,,,1,,,AURA CACIA,,,,,COMFORTING MYRRH IN JOJOBA OIL,,,,,,0.50,,,FOZ,,,,,,,,,1.00,,,,,,
Positio,,,,UPC,,Facings,,,,Brand,,,,,Long Description,,,,,,Size,,,UOM,,,,,Date,,,,Width,,,,
-----------   --------------------------------- ------------------------------------------------------------------------------------------------------------------ ------------ -------------------- ---------------,,,,,,,,,,,,,,,,,,,,,,,,,,,,,,,,,,,,,
54,0005138191229,,,,1,,,AURA CACIA,,,,,CALMING NEROLI IN JOJOBA OIL,,,,,,0.50,,,FOZ,,,,Jul 17 2016 1,,,,,1.00,,,,,,
55,0005138191232,,,,1,,,AURA CACIA,,,,,RELAXING ROMAN CHAMOMILE IN JOJOBA O,,,,,,0.50,,,FOZ,,,,Jul 17 2016 1,,,,,1.00,,,,,,
56,0005138191236,,,,1,,,AURA CACIA,,,,,JOJOBA OIL-RELAXING-TASMANIAN LAVEND,,,,,,0.50,,,FOZ,,,,,,,,,1.00,,,,,,
57,0005138191227,,,,1,,,AURA CACIA,,,,,ESSENTIAL OIL-ROSE ABSOLUTE,,,,,,0.50,,,FOZ,,,,Jul 17 2016 1,,,,,1.00,,,,,,
58,0005138191226,,,,1,,,AURA CACIA,,,,,BALANCING ROSE OTTO IN JOJOBA OIL,,,,,,0.50,,,FOZ,,,,,,,,,1.00,,,,,,
59,0005138191225,,,,1,,,AURA CACIA,,,,,ESSENTIAL OIL-SANDALWOOD ABSOLUTE,,,,,,0.50,,,FOZ,,,,Jul 17 2016 1,,,,,1.00,,,,,,
60,0005138191231,,,,1,,,AURA CACIA,,,,,ESSENTIAL OIL-VANILLA ABSOLUTE,,,,,,0.50,,,FOZ,,,,Jul 17 2016 1,,,,,1.00,,,,,,
61,0005138191235,,,,1,,,AURA CACIA,,,,,OIL-JOJOBA-HELICHRYSUM-RESORTING,,,,,,0.50,,,FOZ,,,,Jul 17 2016 1,,,,,1.00,,,,,,
62,0005138191237,,,,1,,,AURA CACIA,,,,,JOJOBA OIL-UPLIFTING-LEMON BALM,,,,,,0.50,,,FOZ,,,,,,,,,1.00,,,,,,
63,0005138190801,,,,1,,,AURA CACIA,,,,,ESSENTIAL OIL-ORG-LAVENDER,,,,,,0.25,,,FOZ,,,,Jul 17 2016 1,,,,,1.00,,,,,,
64,0005138190802,,,,1,,,AURA CACIA,,,,,ESSENTIAL OIL-ORG-EUCALYPTUS,,,,,,0.25,,,FOZ,,,,Jul 17 2016 1,,,,,1.00,,,,,,
65,0005138190810,,,,1,,,AURA CACIA,,,,,ESSENTIAL OIL-ORG-PURE LEMON,,,,,,0.25,,,FOZ,,,,Jul 17 2016 1,,,,,1.00,,,,,,
66,0005138190803,,,,1,,,AURA CACIA,,,,,ESSENTIAL OIL-ORG-PEPPERMINT,,,,,,0.25,,,FOZ,,,,Jul 17 2016 1,,,,,1.00,,,,,,
67,0005138190804,,,,1,,,AURA CACIA,,,,,ESSENTIAL OIL-ORG-TEA TREE,,,,,,0.25,,,FOZ,,,,Jul 17 2016 1,,,,,1.00,,,,,,
68,0005138190860,,,,1,,,AURA CACIA,,,,,ESSENTIAL OIL-ORG-BLOOD ORANGE,,,,,,0.25,,,FOZ,,,,,,,,,1.00,,,,,,
69,0005138190862,,,,1,,,AURA CACIA,,,,,ESSENTIAL OIL-ORG-CARDAMOM,,,,,,0.25,,,FOZ,,,,,,,,,1.00,,,,,,
70,0005138190831,,,,1,,,AURA CACIA,,,,,ESSENTIAL OIL-ORG-FRANKINCENSE,,,,,,0.25,,,FOZ,,,,,,,,,1.00,,,,,,
71,0005138190864,,,,1,,,AURA CACIA,,,,,ESSENTIAL OIL-ORG-HOLY BASIL,,,,,,0.25,,,FOZ,,,,,,,,,1.00,,,,,,
72,0005138190865,,,,1,,,AURA CACIA,,,,,ESSENTIAL OIL-ORG-FRENCH LAVENDER,,,,,,0.25,,,FOZ,,,,,,,,,1.00,,,,,,
73,0005138190824,,,,1,,,AURA CACIA,,,,,ESSENTIAL OIL-ORGANIC-OREGANO,,,,,,0.25,,,FOZ,,,,,,,,,1.00,,,,,,
74,0005138190867,,,,1,,,AURA CACIA,,,,,ESSENTIAL OIL-ORG-ROSEMARY,,,,,,0.25,,,FOZ,,,,,,,,,1.00,,,,,,
75,0005138190868,,,,1,,,AURA CACIA,,,,,ESSENTIAL OIL-ORG-YLANG YLANG,,,,,,0.25,,,FOZ,,,,,,,,,1.00,,,,,,
,,,,,---------------,,,,,,,,,,,,,,,,,,,,,,,,,,,,,,,,
Totals:,,,,,78,,,,,,,,,,,,,,,,,,,,,,,,,,,,,,,,
"Shelf: 14,   Length: 4' 0.00"",    Height: 1' 0.00"",   Depth: 1' 8.00"",   Product: 3' 11.97""",,,,,,,,,,,,,,,,,,,,,,,,,,,,,,,,,,,,,
1,0064084260907,,,,2,,,KUUMBA MADE,,,,,SIMPLY SPARKLE BODY GLITTER,,,,,,0.13,,,OZ,,,,Jul 17 2016 1,,,,,0.60,,,,,,
2,0005138190344,,,,1,,,AURA CACIA,,,,,CHAKRA BALANCING-OPENING,,,,,,0.31,,,FOZ,,,,Jul 17 2016 1,,,,,1.30,,,,,,
3,0005138190347,,,,1,,,AURA CACIA,,,,,CHAKRA BALANCING-ENLIGHTENING,,,,,,0.31,,,FOZ,,,,Jul 17 2016 1,,,,,1.30,,,,,,
4,0005138190346,,,,1,,,AURA CACIA,,,,,CHAKRA BALANCING-INSIGHTFUL,,,,,,0.31,,,FOZ,,,,Jul 17 2016 1,,,,,1.30,,,,,,
5,0005138190345,,,,1,,,AURA CACIA,,,,,CHAKRA BALANCING-EXPRESSIVE,,,,,,0.31,,,FOZ,,,,Jul 17 2016 1,,,,,1.30,,,,,,
6,0005138190343,,,,1,,,AURA CACIA,,,,,CHAKRA BALANCING-EMPOWERING,,,,,,0.31,,,FOZ,,,,Jul 17 2016 1,,,,,1.30,,,,,,
7,0005138190342,,,,1,,,AURA CACIA,,,,,CHAKRA BALANCING-SENSUAL,,,,,,0.31,,,FOZ,,,,Jul 17 2016 1,,,,,1.30,,,,,,
8,0005138190341,,,,1,,,AURA CACIA,,,,,CHAKRA BALANCING-GROUNDING,,,,,,0.31,,,FOZ,,,,Jul 17 2016 1,,,,,1.30,,,,,,
9,0080500200083,,,,1,,,HERBAN COWBOY,,,,,COLOGNE-TRUE WEST,,,,,,1.70,,,FOZ,,,,Sep 11 2016 1,,,,,2.55,,,,,,
10,0080500200030,,,,1,,,HERBAN COWBOY,,,,,DUSK COLOGNE,,,,,,1.70,,,FOZ,,,,Jul 17 2016 1,,,,,2.55,,,,,,
11,0080500200096,,,,1,,,HERBAN COWBOY,,,,,COLOGNE-FOREST,,,,,,1.70,,,FOZ,,,,Sep 11 2016 1,,,,,2.55,,,,,,
12,0080500200095,,,,1,,,HERBAN COWBOY,,,,,PERFUME-LOVE,,,,,,1.70,,,FOZ,,,,Aug  7 2016 1,,,,,2.55,,,,,,
Positio,,,,UPC,,Facings,,,,Brand,,,,,Long Description,,,,,,Size,,,UOM,,,,,Date,,,,Width,,,,
-----------   --------------------------------- ------------------------------------------------------------------------------------------------------------------ ------------ -------------------- ---------------,,,,,,,,,,,,,,,,,,,,,,,,,,,,,,,,,,,,,
13,0080500200063,,,,1,,,HERBAN COWBOY,,,,,PERFUME-BLOSSOM,,,,,,1.70,,,FOZ,,,,Jul 17 2016 1,,,,,2.55,,,,,,
14,0068773503000,,,,1,,,PACIFICA,,,,,PERFUME SPRAY-ISLAND VANILLA,,,,,,1.00,,,FOZ,,,,Jul 17 2016 1,,,,,1.45,,,,,,
15,0068773563003,,,,1,,,PACIFICA,,,,,PERFUME ROLL ON-ISLAND VANILLA,,,,,,0.33,,,FOZ,,,,Jul 17 2016 1,,,,,0.70,,,,,,
16,0068773532700,,,,1,,,PACIFICA,,,,,PERFUME SPRAY TUSCAN BLOOD ORANGE,,,,,,1.00,,,FOZ,,,,Jul 17 2016 1,,,,,1.45,,,,,,
17,0068773563027,,,,1,,,PACIFICA,,,,,PERFUME ROLL ON TUSCAN BLOOD ORANGE,,,,,,0.33,,,FOZ,,,,Jul 17 2016 1,,,,,0.70,,,,,,
18,0068773524000,,,,1,,,PACIFICA,,,,,PERFUME SPRAY TAHITAN GARDENIA,,,,,,1.00,,,FOZ,,,,Jul 17 2016 1,,,,,1.45,,,,,,
19,0068773563024,,,,1,,,PACIFICA,,,,,PERFUME ROLL ON TAHITIAN GARDENIA,,,,,,0.33,,,FOZ,,,,Jul 17 2016 1,,,,,0.70,,,,,,
20,0068773526000,,,,1,,,PACIFICA,,,,,PERFUME SPRAY PERSIAN ROSE,,,,,,1.00,,,FOZ,,,,Jul 17 2016 1,,,,,1.45,,,,,,
21,0068773563026,,,,1,,,PACIFICA,,,,,PERFUME ROLL ON PERSIAN ROSE,,,,,,0.33,,,FOZ,,,,Jul 17 2016 1,,,,,0.70,,,,,,
22,0068773512000,,,,1,,,PACIFICA,,,,,PERFUME SPRAY INDIAN COCONUT NECTAR,,,,,,1.00,,,FOZ,,,,Jul 17 2016 1,,,,,1.45,,,,,,
23,0068773563012,,,,1,,,PACIFICA,,,,,PERFUME ROLL ON INDN COCONUT NECTAR,,,,,,0.33,,,FOZ,,,,Jul 17 2016 1,,,,,0.70,,,,,,
24,0068773537000,,,,1,,,PACIFICA,,,,,PERFUME SPRAY HAWAIIAN RUBY GUAVA,,,,,,1.00,,,FOZ,,,,Jul 17 2016 1,,,,,1.45,,,,,,
25,0068773563037,,,,1,,,PACIFICA,,,,,PERFUME ROLL ON HAWAIIAN RUBY GUAVA,,,,,,0.33,,,FOZ,,,,Jul 17 2016 1,,,,,0.70,,,,,,
26,0068773514000,,,,1,,,PACIFICA,,,,,PERFUME SPRAY FRENCH LILAC,,,,,,1.00,,,FOZ,,,,Jul 17 2016 1,,,,,1.45,,,,,,
27,0068773563014,,,,1,,,PACIFICA,,,,,PERFUME ROLL ON FRENCH LILAC,,,,,,0.33,,,FOZ,,,,Jul 17 2016 1,,,,,0.70,,,,,,
28,0068773540000,,,,1,,,PACIFICA,,,,,PERFUME SPRAY-SUGARED AMBER DREAMS,,,,,,1.00,,,FOZ,,,,,,,,,1.45,,,,,,
29,0068773563040,,,,1,,,PACIFICA,,,,,PERFUME ROLL ON-SUGARED AMBER DRM,,,,,,0.33,,,FOZ,,,,,,,,,0.70,,,,,,
30,0068773525000,,,,1,,,PACIFICA,,,,,PERFUME SPRAY-HIMALAYAN PATHCHOULI,,,,,,1.00,,,FOZ,,,,,,,,,1.45,,,,,,
31,0068773563025,,,,1,,,PACIFICA,,,,,PERFUME ROLL ON-HIMALAYAN PATCHOULI,,,,,,0.33,,,FOZ,,,,,,,,,0.70,,,,,,
,,,,,---------------,,,,,,,,,,,,,,,,,,,,,,,,,,,,,,,,
Totals:,,,,,32,,,,,,,,,,,,,,,,,,,,,,,,,,,,,,,,