Project Type: STS 09/17/2018 Buyer: Denise Brooks x1663 Analyst: Megan McDermott x2322,,,,,,,,,,,,,"11/22/2018
Vitamin Department
33035 Fish-Plant-Probiotics- 12' H-Released Option B",,,,,,,,,,,,,,,,,,,,,,,,
"Shelf 8:  Height 1' 0.00"", Length 4' 0.00"", Depth 1' 4.00""",,,,,,,,,,,,,"Shelf 17:  Height 1' 0.00"", Length 4' 0.00"", Depth 1' 4.00""",,,,,,,,,"Shelf 26:  Height 1' 0.00"", Length 4' 0.00"", Depth 1' 4.00""",,,,,,,,,,,,,,,
"Shelf 7:  Height 0' 6.50"", Length 4' 0.00"", Depth 1' 4.00""",,,,,,,,,,,,,"Shelf 16:  Height 0' 5.50"", Length 4' 0.00"", Depth 1' 4.00""",,,,,,,,,"Shelf 25:  Height 0' 6.50"", Length 4' 0.00"", Depth 1' 4.00""",,,,,,,,,,,,,,,
"Shelf 6:  Height 0' 6.50"", Length 4' 0.00"", Depth 1' 4.00""",,,,,,,,,,,,,"Shelf 15:  Height 0' 6.50"", Length 4' 0.00"", Depth 1' 4.00""",,,,,,,,,"Shelf 24:  Height 0' 5.50"", Length 4' 0.00"", Depth 1' 4.00""",,,,,,,,,,,,,,,
"Shelf 5:  Height 0' 7.50"", Length 4' 0.00"", Depth 1' 4.00""",,,,,,,,,,,,,"Shelf 14:  Height 0' 6.50"", Length 4' 0.00"", Depth 1' 4.00""",,,,,,,,,"Shelf 23:  Height 0' 6.50"", Length 4' 0.00"", Depth 1' 4.00""",,,,,,,,,,,,,,,
"Shelf 13:  Height 0' 6.50"", Length 4' 0.00"", Depth 1' 4.00""",,,,,,,,,,,,,,,,,,,,,,"Shelf 22:  Height 0' 5.50"", Length 4' 0.00"", Depth 1' 4.00""",,,,,,,,,,,,,,,
"Shelf 4:  Height 0' 8.50"", Length 4' 0.00"", Depth 1' 4.00""",,,,,,,,,,,,,,,,,,,,,,,,,,,,,,,,,,,,,
"Shelf 12:  Height 0' 6.50"", Length 4' 0.00"", Depth 1' 4.00""",,,,,,,,,,,,,,,,,,,,,,"Shelf 21:  Height 0' 6.50"", Length 4' 0.00"", Depth 1' 4.00""",,,,,,,,,,,,,,,
"Shelf 3:  Height 0' 8.50"", Length 4' 0.00"", Depth 1' 4.00""",,,,,,,,,,,,,"Shelf 11:  Height 0' 6.50"", Length 4' 0.00"", Depth 1' 4.00""",,,,,,,,,"Shelf 20:  Height 0' 5.50"", Length 4' 0.00"", Depth 1' 4.00""",,,,,,,,,,,,,,,
Shelf 2:,,,,,,,,,,,,"Shelf 10:  Height 0' 6.50"", Length 4' 0.00"", Depth 1' 4.00""",,,,,,,,,,"Shelf 19:  Height 0' 6.50"", Length 4' 0.00"", Depth 1' 4.00""",,,,,,,,,,,,,,,
"Shelf 1:  Height 0' 8.50"", Length 4' 0.00"", Depth 1' 6.00""                                 Shelf 9:  Height 0' 7.50"", Length 4' 0.00"", Depth 1' 6.00""                                 Shelf 18:  Height 0' 9.50"", Length 4' 0.00"", Depth 1' 6.00""",,,,,,,,,,,,,,,,,,,,,,,,,,,,,,,,,,,,,
"Location(s):
Notes: For use when Acidophilus Cooler is to the Right of the Fish/Plant set",,,,,,,,,,,,,,,,,,,,,"Confidential-For Sprouts Use Only
Page 1 / 12",,,,,,,,,,,,,,,,
,,,,,,,,,,,,,,,,,,,,,,,,,,,,,,,,,,,,,
,,,,,,,,,,,,,,,,,,,,,,,,,,,,,,,,,,,,,
,,,,,,,,,,,,,,,,,,,,,,,,,,,,,,,,,,,,,
,,,,,,,,,,,,,,,,,,,,,,,,,,,,First,,,,,Product,,,,
Positio,,UPC,,,,Facings,,,Brand,,,,,,Long Description,,,,Size,,,,,UOM,,,,Date,,,,,Width,,,,
-----------   --------------------------------- ------------------------------------------------------------------------------------------------------------------ ------------ -------------------- ---------------,,,,,,,,,,,,,,,,,,,,,,,,,,,,,,,,,,,,,
"Shelf: 1,   Length: 4' 0.00"",    Height: 0' 8.50"",   Depth: 1' 6.00"",   Product: 3' 11.99""",,,,,,,,,,,,,,,,,,,,,,,,,,,,,,,,,,,,,
1,0069765869169,,,,1,,,MANITOBA HARVEST,,,,,,BITES-CRUNCHY HEMP,,,,4.00,,,,,OZ,,,,,,,5.35,,,,,,,
2,0069765810101,,,,2,,,MANITOBA HARVEST,,,,,,SHELLED HEMP SEED,,,,8.00,,,,,OZ,,,,,,,6.00,,,,,,,
3,0069765820121,,,,1,,,MANITOBA HARVEST,,,,,,HEMP HEARTS-RAW SHELLED HEMP SEEDS,,,,16.00,,,,,OZ,,,,,,,7.00,,,,,,,
4,0069765810107,,,,2,,,MANITOBA HARVEST,,,,,,HEMP HEARTS RAW SHELLED HEMP SDS-ORG,,,,7.00,,,,,OZ,,,,,,,6.00,,,,,,,
5,0069765820301,,,,1,,,MANITOBA HARVEST,,,,,,SHELLED HEMP SEED-ORG,,,,12.00,,,,,OZ,,,,,,,7.00,,,,,,,
6,0062835622121,,,,1,,,JUST HEMP FOODS,,,,,,HULLED HEMP SEED,,,,24.00,,,,,OZ,,,,,,,6.00,,,,,,,
,,,,,---------------,,,,,,,,,,,,,,,,,,,,,,,,,,,,,,,,
Totals:,,,,,8,,,,,,,,,,,,,,,,,,,,,,,,,,,,,,,,
"Shelf: 2,   Length: 4' 0.00"",    Height: 0' 7.50"",   Depth: 1' 4.00"",   Product: 4' 0.00""",,,,,,,,,,,,,,,,,,,,,,,,,,,,,,,,,,,,,
1,0065801011677,,,,1,,,GARDEN OF LIFE,,,,,,ORGANIC CHIA SEED,,,,12.00,,,,,OZ,,,,,,,6.40,,,,,,,
2,0065801011678,,,,2,,,GARDEN OF LIFE,,,,,,GOLDEN FLAX SEED-ORGANIC,,,,14.00,,,,,OZ,,,,,,,6.40,,,,,,,
3,0065801011680,,,,1,,,GARDEN OF LIFE,,,,,,ORG GLDN FLX SEED & ANTIOXIDNT FRUIT,,,,12.00,,,,,OZ,,,,,,,6.40,,,,,,,
4,0065801011679,,,,2,,,GARDEN OF LIFE,,,,,,GOLDEN FLAX SEED & CHIA SEED-ORGANIC,,,,12.00,,,,,OZ,,,,,,,6.40,,,,,,,
5,0070587510027,,,,2,,,BARLEANS,,,,,,FLAX CHIA-COCONUT-ORGANIC,,,,12.00,,,,,OZ,,,,,,,6.40,,,,,,,
,,,,,---------------,,,,,,,,,,,,,,,,,,,,,,,,,,,,,,,,
Totals:,,,,,8,,,,,,,,,,,,,,,,,,,,,,,,,,,,,,,,
"Shelf: 3,   Length: 4' 0.00"",    Height: 0' 8.50"",   Depth: 1' 4.00"",   Product: 4' 0.00""",,,,,,,,,,,,,,,,,,,,,,,,,,,,,,,,,,,,,
1,0002250652106,,,,2,,,SPECTRUM ESSENTIALS,,,,,,CHIA SEED-OMEGA 3 AND FIBER,,,,12.00,,,,,OZ,,,,,,,6.45,,,,,,,
2,0002250652107,,,,2,,,SPECTRUM ESSENTIALS,,,,,,GROUND CHIA SEED-ORG-OMEGA 3 & FIBER,,,,10.00,,,,,OZ,,,,,,,6.45,,,,,,,
3,0002250612504,,,,2,,,SPECTRUM ESSENTIALS,,,,,,PREMIUM FLAXSEED WHOLE-ORGANIC,,,,15.00,,,,,OZ,,,,,,,6.45,,,,,,,
4,0002250612507,,,,1,,,SPECTRUM ESSENTIALS,,,,,,FLAX SEED-GROUND-MIXED BERRY,,,,12.00,,,,,OZ,,,,,,,6.45,,,,,,,
5,0002250652108,,,,1,,,SPECTRUM ESSENTIALS,,,,,,DECADENT BLEND CHIA & FLAX SEED,,,,12.00,,,,,OZ,,,,,,,6.45,,,,,,,
,,,,,---------------,,,,,,,,,,,,,,,,,,,,,,,,,,,,,,,,
Totals:,,,,,8,,,,,,,,,,,,,,,,,,,,,,,,,,,,,,,,
"Shelf: 4,   Length: 4' 0.00"",    Height: 0' 8.50"",   Depth: 1' 4.00"",   Product: 3' 11.96""",,,,,,,,,,,,,,,,,,,,,,,,,,,,,,,,,,,,,
1,0064667067332,,,,2,,,SPROUTS,,,,,,CHIA SEEDS-ORG,,,,12.00,,,,,OZ,,,,,,,6.25,,,,,,,
2,0064667067331,,,,2,,,SPROUTS,,,,,,FLAXSEED-ORG-GROUND,,,,16.00,,,,,OZ,,,,,,,7.00,,,,,,,
3,0002250667789,,,,2,,,SPECTRUM ESSENTIALS,,,,,,GROUND FLAXSEED-ORG,,,,14.00,,,,,OZ,,,,,,,6.45,,,,,,,
4,0002250654100,,,,1,,,SPECTRUM ESSENTIALS,,,,,,FLAXSEED-ORG-GROUND,,,,24.00,,,,,OZ,,,,,,,7.30,,,,,,,
,,,,,---------------,,,,,,,,,,,,,,,,,,,,,,,,,,,,,,,,
Totals:,,,,,7,,,,,,,,,,,,,,,,,,,,,,,,,,,,,,,,
Positio,,,,UPC,,Facings,,,,,Brand,,,,,,Long Description,,,Size,,,,,UOM,,,,Date,,,,,Width,,,
-----------   --------------------------------- ------------------------------------------------------------------------------------------------------------------ ------------ -------------------- ---------------,,,,,,,,,,,,,,,,,,,,,,,,,,,,,,,,,,,,,
"Shelf: 5,   Length: 4' 0.00"",    Height: 0' 7.50"",   Depth: 1' 4.00"",   Product: 3' 11.93""",,,,,,,,,,,,,,,,,,,,,,,,,,,,,,,,,,,,,
1,0064667068049,,,,1,,,SPROUTS,,,,,,FLAX SEED OIL 1000 MG,,,,90.00,,,,,SG,,,,,,,2.70,,,,,,,
2,0064667068048,,,,2,,,SPROUTS,,,,,,FLAX SEED OIL 1000 MG,,,,180.00,,,,,SG,,,,,,,3.10,,,,,,,
3,0074371500922,,,,1,,,BLUEBONNET,,,,,,FLAX SEED OIL 1000 MG,,,,100.00,,,,,SG,,,,,,,2.70,,,,,,,
4,0070587510001,,,,1,,,BARLEANS,,,,,,FLAX OIL SOFTGELS,,,,100.00,,,,,SG,,,,,,,2.80,,,,,,,
5,0070587510007,,,,1,,,BARLEANS,,,,,,LIGNAN FLAX OIL SOFTGELS,,,,100.00,,,,,SG,,,,,,,2.80,,,,,,,
6,0070587510008,,,,1,,,BARLEANS,,,,,,LIGNAN FLAX OIL SOFTGELS,,,,250.00,,,,,SG,,,,,,,3.15,,,,,,,
7,0007628000832,,,,1,,,SOLARAY,,,,,,BLACK CURRANT SEED OIL,,,,90.00,,,,,SG,,,,,,,2.00,,,,,,,
8,0001004301223,,,,1,,,HEALTH FROM THE SUN,,,,,,BLACK CURRANT OIL 1000 MG,,,,30.00,,,,,SG,,,,,,,2.00,,,,,,,
9,0073373901717,,,,1,,,NOW,,,,,,BLACK CURRANT OIL 1000 MG,,,,100.00,,,,,SG,,,,,,,2.65,,,,,,,
10,0065752009401,,,,1,,,HEALTH LOGICS,,,,,,BLACK SEED OIL,,,,100.00,,,,,SG,,,,,,,2.40,,,,,,,
11,0065752088888,,,,1,,,HEALTH LOGICS,,,,,,BLACK SEED OIL,,,,6.00,,,,,FOZ,,,,,,,2.15,,,,,,,
12,0007697077406,,,,1,,,HERITAGE STORE,,,,,,BLACK SEED OIL 650 MG,,,,90.00,,,,,VCP,,,,,,,2.55,,,,,,,
13,0007697074742,,,,2,,,HERITAGE STORE,,,,,,BLACK SEED OIL,,,,8.00,,,,,FOZ,,,,,,,2.40,,,,,,,
14,0007697082571,,,,1,,,HERITAGE STORE,,,,,,BLACK SEED OIL-16 FOZ,,,,16.00,,,,,FOZ,,,,,,,2.95,,,,,,,
15,0003367412322,,,,2,,,NATURE'S WAY,,,,,,BLACK SEED OIL-ORG,,,,8.00,,,,,FOZ,,,,,,,2.05,,,,,,,
,,,,,---------------,,,,,,,,,,,,,,,,,,,,,,,,,,,,,,,,
Totals:,,,,,18,,,,,,,,,,,,,,,,,,,,,,,,,,,,,,,,
"Shelf: 6,   Length: 4' 0.00"",    Height: 0' 6.50"",   Depth: 1' 4.00"",   Product: 3' 11.86""",,,,,,,,,,,,,,,,,,,,,,,,,,,,,,,,,,,,,
1,0003367410011,,,,1,,,NATURE'S WAY,,,,,,RAW COCONUT WHOLE FOOD,,,,16.00,,,,,OZ,,,,,,,3.80,,,,,,,
2,0079001116028,,,,1,,,JARROW FORMULAS,,,,,,COCONUT OIL,,,,16.00,,,,,FOZ,,,,,,,3.70,,,,,,,
3,0079001116033,,,,1,,,JARROW FORMULAS,,,,,,COCONUT OIL-EXTRA VIRGIN,,,,16.00,,,,,FOZ,,,,,,,3.70,,,,,,,
4,0070587500025,,,,1,,,BARLEANS,,,,,,EXTRA VIRGIN COCONUT OIL-ORGANIC,,,,16.00,,,,,FOZ,,,,,,,3.70,,,,,,,
5,0070587580069,,,,1,,,BARLEANS,,,,,,COCONUT OIL-BUTTER,,,,16.00,,,,,FOZ,,,,,,,3.65,,,,,,,
6,0074365000164,,,,1,,,EMERALD LABORATORIES,,,,,,COCONUT OIL-100% PURE-EXTRA VIRGIN,,,,16.00,,,,,OZ,,,,,,,3.70,,,,,,,
7,0074365000185,,,,2,,,EMERALD LABORATORIES,,,,,,COCONUT OIL SOFTGELS,,,,60.00,,,,,SG,,,,,,,2.30,,,,,,,
8,0074365000165,,,,2,,,EMERALD LABORATORIES,,,,,,COCONUT OIL SOFTGELS,,,,120.00,,,,,SG,,,,,,,2.70,,,,,,,
9,0008300026131,,,,1,,,NATURE'S ANSWER,,,,,,EXTRA VIRGIN COCONUT OIL,,,,120.00,,,,,SG,,,,,,,3.00,,,,,,,
10,0064667068018,,,,1,,,SPROUTS,,,,,,BORAGE OIL 1000 MG,,,,30.00,,,,,SG,,,,,,,2.00,,,,,,,
11,0073373901720,,,,1,,,NOW,,,,,,BORAGE OIL 1000 MG,,,,60.00,,,,,SG,,,,,,,2.50,,,,,,,
12,0003367415413,,,,1,,,NATURE'S WAY,,,,,,BORAGE OIL 1300MG,,,,60.00,,,,,SG,,,,,,,2.60,,,,,,,
13,0069765810105,,,,1,,,MANITOBA HARVEST,,,,,,HEMP SEED OIL 1000 MG,,,,60.00,,,,,SG,,,,,,,2.60,,,,,,,
14,0076899001665,,,,1,,,NORDIC NATURALS,,,,,,NORDIC GLA-UNFLAVORED,,,,4.00,,,,,FOZ,,,,,,,1.95,,,,,,,
,,,,,---------------,,,,,,,,,,,,,,,,,,,,,,,,,,,,,,,,
Totals:,,,,,16,,,,,,,,,,,,,,,,,,,,,,,,,,,,,,,,
"Shelf: 7,   Length: 4' 0.00"",    Height: 0' 6.50"",   Depth: 1' 4.00"",   Product: 3' 11.98""",,,,,,,,,,,,,,,,,,,,,,,,,,,,,,,,,,,,,
Positio,,,,UPC,,Facings,,,,,Brand,,,,,,Long Description,,,Size,,,,,UOM,,,,Date,,,,,Width,,,
-----------   --------------------------------- ------------------------------------------------------------------------------------------------------------------ ------------ -------------------- ---------------,,,,,,,,,,,,,,,,,,,,,,,,,,,,,,,,,,,,,
1,0064667068224,,,,4,,,SPROUTS,,,,,,COCONUT OIL-ORGANIC,,,,15.00,,,,,FOZ,,,,,,,3.75,,,,,,,
2,0003367415673,,,,2,,,NATURE'S WAY,,,,,,COCONUT OIL-ORGANIC,,,,16.00,,,,,OZ,,,,,,,3.80,,,,,,,
3,0003367415659,,,,2,,,NATURE'S WAY,,,,,,COCONUT OIL-ORGANIC,,,,32.00,,,,,OZ,,,,,,,4.30,,,,,,,
4,0065801011141,,,,3,,,GARDEN OF LIFE,,,,,,COCONUT OIL-EXTRA VIRGIN-ORGANIC,,,,16.00,,,,,FOZ,,,,,,,3.20,,,,,,,
5,0065801011886,,,,2,,,GARDEN OF LIFE,,,,,,COCONUT OIL-RAW-EXTRA VIRGIN,,,,29.00,,,,,FOZ,,,,,,,3.85,,,,,,,
,,,,,---------------,,,,,,,,,,,,,,,,,,,,,,,,,,,,,,,,
Totals:,,,,,13,,,,,,,,,,,,,,,,,,,,,,,,,,,,,,,,
"Shelf: 8,   Length: 4' 0.00"",    Height: 1' 0.00"",   Depth: 1' 4.00"",   Product: 3' 11.85""",,,,,,,,,,,,,,,,,,,,,,,,,,,,,,,,,,,,,
1,0003367410081,,,,2,,,NATURE'S WAY,,,,,,LIQUID COCONUT OIL,,,,10.00,,,,,FOZ,,,,,,,,,2.20,,,,,
2,0003367410526,,,,2,,,NATURE'S WAY,,,,,,COCONUT OIL-LIQUID-PREMIUM,,,,20.00,,,,,FOZ,,,,,,,,,2.75,,,,,
3,0064667067338,,,,3,,,SPROUTS,,,,,,MCT OIL-ORG,,,,16.00,,,,,FOZ,,,,,,,,,2.73,,,,,
4,0003367410895,,,,2,,,NATURE'S WAY,,,,,,MCT OIL,,,,16.00,,,,,FOZ,,,,Jul 10 2016 1,,,,,2.50,,,,,
5,0081944401330,,,,2,,,ONNIT,,,,,,MCT OIL,,,,24.00,,,,,FOZ,,,,Jul 10 2016 1,,,,,2.95,,,,,
6,0081944401518,,,,1,,,ONNIT,,,,,,EMULSIFIED MCT OIL-CREAMY VANILLA,,,,16.00,,,,,FOZ,,,,,,,,,2.55,,,,,
7,0070587500047,,,,1,,,BARLEANS,,,,,,MCT-COCONUT SWIRL,,,,16.00,,,,,OZ,,,,Jul 10 2016 1,,,,,2.90,,,,,
8,0073373902209,,,,1,,,NOW,,,,,,MCT OIL-HAZELNUT VANILLA,,,,16.00,,,,,FOZ,,,,Nov 13 2016 1,,,,,2.90,,,,,
9,0001605550008,,,,2,,,BURIED TREASURE,,,,,,COCONUT OIL MCT,,,,16.00,,,,,FOZ,,,,,,,,,2.75,,,,,
10,0001004316400,,,,1,,,HEALTH FROM THE SUN,,,,,,COCONUT MCT POWDER,,,,14.00,,,,,OZ,,,,,,,,,3.65,,,,,
,,,,,---------------,,,,,,,,,,,,,,,,,,,,,,,,,,,,,,,,
Totals:,,,,,17,,,,,,,,,,,,,,,,,,,,,,,,,,,,,,,,
"Shelf: 9,   Length: 4' 0.00"",    Height: 0' 7.50"",   Depth: 1' 6.00"",   Product: 3' 11.90""",,,,,,,,,,,,,,,,,,,,,,,,,,,,,,,,,,,,,
1,0064667069044,,,,2,,,SPROUTS,,,,,,COD LIVER OIL,,,,250.00,,,,,SG,,,,,,,2.45,,,,,,,
2,0008839501301,,,,2,,,CARLSON LABS,,,,,,LIVER OIL-SUPER COD-1000 MG,,,,100.00,,,,,SG,,,,,,,2.55,,,,,,,
3,0076899057785,,,,2,,,NORDIC NATURALS,,,,,,ARCTIC COD LIVER OIL,,,,90.00,,,,,SG,,,,,,,2.40,,,,,,,
4,0065801011136,,,,2,,,GARDEN OF LIFE,,,,,,OLDE WORLD COD LIVER OIL,,,,8.00,,,,,FOZ,,,,,,,2.40,,,,,,,
5,0076899058783,,,,2,,,NORDIC NATURALS,,,,,,ARCTIC-D COD LIVER OIL-LEMON,,,,8.00,,,,,FOZ,,,,,,,2.30,,,,,,,
6,0076899054785,,,,2,,,NORDIC NATURALS,,,,,,ARTIC COD LIVER OIL ORANGE,,,,8.00,,,,,FOZ,,,,,,,2.40,,,,,,,
7,0076899054787,,,,2,,,NORDIC NATURALS,,,,,,ARTIC COD LIVER OIL ORANGE,,,,16.00,,,,,OZ,,,,,,,3.00,,,,,,,
8,0008839501321,,,,2,,,CARLSON LABS,,,,,,LIVER OIL-NORWEGIAN COD-NATURAL,,,,8.40,,,,,FOZ,,,,,,,3.00,,,,,,,
9,0008839501351,,,,2,,,CARLSON LABS,,,,,,LIVER OIL-NORWEGIAN COD-LEMON,,,,8.40,,,,,FOZ,,,,,,,3.00,,,,,,,
,,,,,---------------,,,,,,,,,,,,,,,,,,,,,,,,,,,,,,,,
Totals:,,,,,18,,,,,,,,,,,,,,,,,,,,,,,,,,,,,,,,
"Shelf: 10,   Length: 4' 0.00"",    Height: 0' 6.50"",   Depth: 1' 4.00"",   Product: 3' 11.88""",,,,,,,,,,,,,,,,,,,,,,,,,,,,,,,,,,,,,
1,0064667068212,,,,1,,,SPROUTS,,,,,,KRILL OIL,,,,30.00,,,,,SG,,,,,,,1.80,,,,,,,
2,0064667068213,,,,2,,,SPROUTS,,,,,,KRILL OIL,,,,60.00,,,,,SG,,,,,,,2.24,,,,,,,
Positio,,,,UPC,,Facings,,,,,Brand,,,,,,Long Description,,,Size,,,,,UOM,,,,Date,,,,,Width,,,
-----------   --------------------------------- ------------------------------------------------------------------------------------------------------------------ ------------ -------------------- ---------------,,,,,,,,,,,,,,,,,,,,,,,,,,,,,,,,,,,,,
3,0002107802164,,,,1,,,SOURCE NATURALS,,,,,,ARTIC PURE KRILL OIL 500 MG,,,,30.00,,,,,SG,,,,,,,2.00,,,,,,,
4,0002107802165,,,,1,,,SOURCE NATURALS,,,,,,ARTIC PURE KRILL OIL 500 MG,,,,60.00,,,,,SG,,,,,,,2.00,,,,,,,
5,0075395000224,,,,1,,,DOCTORS BEST,,,,,,REAL KRILL-350 MG,,,,60.00,,,,,SG,,,,,,,2.10,,,,,,,
6,0075395000234,,,,2,,,DOCTORS BEST,,,,,,REAL KRILL-ENHANCED WITH DHA & EPA,,,,60.00,,,,,SG,,,,,,,2.35,,,,,,,
7,0003367415432,,,,1,,,NATURE'S WAY,,,,,,KRILL OIL-EFA GOLD-500 MG-60 CT,,,,60.00,,,,,SG,,,,,,,2.40,,,,,,,
8,0063125715411,,,,2,,,RENEW LIFE,,,,,,NORWEGIAN GOLD KRILL OMEGA,,,,30.00,,,,,SG,,,,,,,2.75,,,,,,,
9,0085718800404,,,,1,,,WILEYS FINEST,,,,,,FISH OIL-PEAK OMEGA-LIQUID,,,,4.23,,,,,FOZ,,,,,,,2.15,,,,,,,
10,0085718800414,,,,1,,,WILEYS FINEST,,,,,,FISH OIL-PEAK OMEGA-LIQUID,,,,8.45,,,,,FOZ,,,,,,,2.45,,,,,,,
11,0085718800400,,,,1,,,WILEYS FINEST,,,,,,FISH OIL-ORANGE BURST,,,,8.45,,,,,FOZ,,,,,,,2.45,,,,,,,
12,0079357316797,,,,1,,,WILEYS FINEST,,,,,,FISH OIL-EASY SWALLOW MINI,,,,60.00,,,,,SG,,,,,,,2.35,,,,,,,
13,0085718800412,,,,1,,,WILEYS FINEST,,,,,,FISH OIL-EASY SWALLOW MINIS,,,,180.00,,,,,SG,,,,,,,3.00,,,,,,,
14,0085718800401,,,,1,,,WILEYS FINEST,,,,,,FISH OIL-PEAK EPA,,,,30.00,,,,,SG,,,,,,,2.30,,,,,,,
15,0085718800407,,,,2,,,WILEYS FINEST,,,,,,FISH OIL-PEAK EPA,,,,60.00,,,,,SG,,,,,,,2.90,,,,,,,
16,0085718800415,,,,1,,,WILEYS FINEST,,,,,,FISH OIL-CHOLESTEROL SUPPORT,,,,90.00,,,,,SG,,,,,,,3.00,,,,,,,
,,,,,---------------,,,,,,,,,,,,,,,,,,,,,,,,,,,,,,,,
Totals:,,,,,20,,,,,,,,,,,,,,,,,,,,,,,,,,,,,,,,
"Shelf: 11,   Length: 4' 0.00"",    Height: 0' 6.50"",   Depth: 1' 4.00"",   Product: 3' 11.87""",,,,,,,,,,,,,,,,,,,,,,,,,,,,,,,,,,,,,
1,0073373901652,,,,2,,,NOW,,,,,,OMEGA 3 1000 MG,,,,200.00,,,,,SG,,,,,,,3.05,,,,,,,
2,0070587561007,,,,1,,,BARLEANS,,,,,,FISH OIL-FRESH CATCH ORANGE,,,,100.00,,,,,SG,,,,,,,2.80,,,,,,,
3,0070587561008,,,,2,,,BARLEANS,,,,,,FISH OIL SOFTGELS,,,,250.00,,,,,SG,,,,,,,3.15,,,,,,,
4,0003398401110,,,,1,,,SOLGAR,,,,,,FULL SPECTRUM OMEGA,,,,120.00,,,,,SG,,,,,,,3.15,,,,,,,
5,0006895802265,,,,1,,,NATURAL FACTORS,,,,,,COMPLETE OMEGA SALMON OIL,,,,90.00,,,,,SG,,,,,,,3.25,,,,,,,
6,0006895802256,,,,2,,,NATURAL FACTORS,,,,,,WILD ALASKA SALMON OIL 1000 MG,,,,90.00,,,,,SG,,,,,,,2.75,,,,,,,
7,0006895802257,,,,2,,,NATURAL FACTORS,,,,,,WILD ALASKA SALMON OIL 1000 MG,,,,180.00,,,,,SG,,,,,,,3.40,,,,,,,
8,0074371500952,,,,1,,,BLUEBONNET,,,,,,OMEGA-3 SALMON OIL 1000 MG,,,,90.00,,,,,SG,,,,,,,2.75,,,,,,,
9,0072778305005,,,,1,,,NEW CHAPTER,,,,,,WHOLEMEGA 500 MG,,,,90.00,,,,,SG,,,,,,,2.35,,,,,,,
10,0072778305002,,,,1,,,NEW CHAPTER,,,,,,WHOLEMEGA 1000 MG,,,,60.00,,,,,SG,,,,,,,2.35,,,,,,,
11,0072778305003,,,,1,,,NEW CHAPTER,,,,,,WHOLEMEGA 1000 MG,,,,120.00,,,,,SG,,,,,,,3.05,,,,,,,
12,0072778305000,,,,1,,,NEW CHAPTER,,,,,,WHOLEMEGA 1000 MG,,,,180.00,,,,,SG,,,,,,,3.15,,,,,,,
,,,,,---------------,,,,,,,,,,,,,,,,,,,,,,,,,,,,,,,,
Totals:,,,,,16,,,,,,,,,,,,,,,,,,,,,,,,,,,,,,,,
"Shelf: 12,   Length: 4' 0.00"",    Height: 0' 6.50"",   Depth: 1' 4.00"",   Product: 4' 0.00""",,,,,,,,,,,,,,,,,,,,,,,,,,,,,,,,,,,,,
1,0064667069045,,,,1,,,SPROUTS,,,,,,OMEGA 3 1000 MG FISH OIL,,,,90.00,,,,,SG,,,,,,,2.50,,,,,,,
2,0064667069046,,,,1,,,SPROUTS,,,,,,OMEGA 3 1000 MG FISH OIL,,,,180.00,,,,,SG,,,,,,,3.15,,,,,,,
3,0064667068130,,,,1,,,SPROUTS,,,,,,OMEGA 3 ONCE DAILY,,,,90.00,,,,,SG,,,,,,,2.70,,,,,,,
4,0064667068116,,,,1,,,SPROUTS,,,,,,CONCENTRATED OMEGA-3,,,,60.00,,,,,SG,,,,,,,2.50,,,,,,,
Positio,,,,UPC,,Facings,,,,,Brand,,,,,,Long Description,,,Size,,,,,UOM,,,,Date,,,,,Width,,,
-----------   --------------------------------- ------------------------------------------------------------------------------------------------------------------ ------------ -------------------- ---------------,,,,,,,,,,,,,,,,,,,,,,,,,,,,,,,,,,,,,
5,0064667068117,,,,1,,,SPROUTS,,,,,,CONCENTRATED OMEGA-3,,,,120.00,,,,,SG,,,,,,,3.00,,,,,,,
6,0004746904409,,,,2,,,NATROL,,,,,,FISH OIL-OMEGA 3-1200MG,,,,60.00,,,,,SG,,,,,,,2.50,,,,,,,
7,0071036357615,,,,1,,,IRWIN NATURALS,,,,,,DOUBLE POTENCY FISH OIL PURE,,,,60.00,,,,,SG,,,,,,,2.60,,,,,,,
8,0001579404496,,,,1,,,COUNTRY LIFE,,,,,,O3 FISH BODY OILS 100,,,,50.00,,,,,CNT,,,,,,,2.15,,,,,,,
9,0001579404497,,,,1,,,COUNTRY LIFE,,,,,,OMEGA-3 FISH OIL 1000 MG,,,,100.00,,,,,SG,,,,,,,2.60,,,,,,,
10,0001579404498,,,,1,,,COUNTRY LIFE,,,,,,OMEGA-3 FISH OIL 1000 MG,,,,200.00,,,,,SG,,,,,,,3.20,,,,,,,
11,0003398401788,,,,1,,,SOLGAR,,,,,,OMEGA -3 FISH OIL CONCENTRATE,,,,120.00,,,,,SG,,,,,,,3.25,,,,,,,
12,0063125715578,,,,1,,,RENEW LIFE,,,,,,OMEGA-NORWEGIAN GOLD-DAILY,,,,60.00,,,,,SG,,,,,,,2.75,,,,,,,
13,0063125715579,,,,1,,,RENEW LIFE,,,,,,OMEGA-NORWEGIAN GOLD-CRITICAL,,,,60.00,,,,,SG,,,,,,,2.75,,,,,,,
14,0063125715405,,,,1,,,RENEW LIFE,,,,,,NORWEGIAN GOLD CRITICAL OMEGA,,,,120.00,,,,,SG,,,,,,,3.55,,,,,,,
15,0063125715554,,,,1,,,RENEW LIFE,,,,,,OMEGA-NORWEGIAN GOLD-SUPER CRITICAL,,,,30.00,,,,,SG,,,,,,,2.75,,,,,,,
16,0063125715407,,,,1,,,RENEW LIFE,,,,,,NORWEGIAN GOLD SUPER CRITICAL OMEGA,,,,60.00,,,,,SG,,,,,,,3.55,,,,,,,
,,,,,---------------,,,,,,,,,,,,,,,,,,,,,,,,,,,,,,,,
Totals:,,,,,17,,,,,,,,,,,,,,,,,,,,,,,,,,,,,,,,
"Shelf: 13,   Length: 4' 0.00"",    Height: 0' 6.50"",   Depth: 1' 4.00"",   Product: 4' 0.00""",,,,,,,,,,,,,,,,,,,,,,,,,,,,,,,,,,,,,
1,0008839501644,,,,1,,,CARLSON LABS,,,,,,FISH OIL-NORWEGIAN,,,,150.00,,,,,SG,,,,,,,4.75,,,,,,,
2,0008839501524,,,,1,,,CARLSON LABS,,,,,,SUPER OMEGA 3,,,,130.00,,,,,SG,,,,,,,4.75,,,,,,,
3,0008839515340,,,,1,,,CARLSON LABS,,,,,,SUPER OMEGA 3,,,,130.00,,,,,SG,,,,,,,4.75,,,,,,,
4,0008839501714,,,,1,,,CARLSON LABS,,,,,,ELITE OMEGA 3 GEMS TIE PK,,,,120.00,,,,,SG,,,,,,,4.75,,,,,,,
5,0008839517640,,,,1,,,CARLSON LABS,,,,,,MCT & OMEGA 3 WITH COCONUT OIL,,,,150.00,,,,,SG,,,,,,,4.75,,,,,,,
6,0006895803548,,,,1,,,NATURAL FACTORS,,,,,,RX OMEGA 3 FACTORS,,,,60.00,,,,,SG,,,,,,,2.40,,,,,,,
7,0006895803549,,,,1,,,NATURAL FACTORS,,,,,,RX OMEGA 3 FACTORS,,,,120.00,,,,,SG,,,,,,,3.10,,,,,,,
8,0006895835491,,,,1,,,NATURAL FACTORS,,,,,,RX OMEGA,,,,240.00,,,,,SG,,,,,,,3.50,,,,,,,
9,0006895835493,,,,1,,,NATURAL FACTORS,,,,,,ULTRA RX OMEGA 3 FACTORS-ONE A DAY,,,,150.00,,,,,SG,,,,,,,3.45,,,,,,,
10,0006895835492,,,,1,,,NATURAL FACTORS,,,,,,RX OMEGA 3 FACTORS-WITH VITAMIN D3,,,,150.00,,,,,SG,,,,,,,3.45,,,,,,,
11,0871397550020,,,,1,,,GARDEN OF LIFE,,,,,,ONCE DAILY ULTRA OMEGA,,,,30.00,,,,,SG,,,,,,,2.05,,,,,,,
12,0871397550021,,,,1,,,GARDEN OF LIFE,,,,,,ONCE DAILY ULTRA OMEGA,,,,60.00,,,,,SG,,,,,,,2.25,,,,,,,
13,0065801011385,,,,1,,,GARDEN OF LIFE,,,,,,OCEANS 3 BEYOND OMEGA 3,,,,60.00,,,,,SG,,,,,,,2.75,,,,,,,
,,,,,---------------,,,,,,,,,,,,,,,,,,,,,,,,,,,,,,,,
Totals:,,,,,13,,,,,,,,,,,,,,,,,,,,,,,,,,,,,,,,
"Shelf: 14,   Length: 4' 0.00"",    Height: 0' 6.50"",   Depth: 1' 4.00"",   Product: 3' 11.85""",,,,,,,,,,,,,,,,,,,,,,,,,,,,,,,,,,,,,
1,0076899001790,,,,2,,,NORDIC NATURALS,,,,,,ULTIMATE OMEGA-1000 MG-LEMON,,,,60.00,,,,,SG,,,,,,,2.50,,,,,,,
2,0076899002790,,,,2,,,NORDIC NATURALS,,,,,,ULTIMATE OMEGA LEMON,,,,120.00,,,,,SG,,,,,,,2.75,,,,,,,
3,0076899003790,,,,2,,,NORDIC NATURALS,,,,,,ULTIMATE OMEGA,,,,180.00,,,,,SG,,,,,,,3.15,,,,,,,
4,0076899006105,,,,2,,,NORDIC NATURALS,,,,,,ULTIMATE OMEGA 2X- MINI-D3,,,,60.00,,,,,CNT,,,,,,,2.45,,,,,,,
5,0076899002155,,,,2,,,NORDIC NATURALS,,,,,,ULTIMATE OMEGA 2X D3,,,,60.00,,,,,CNT,,,,,,,2.45,,,,,,,
Positio,,,,UPC,,Facings,,,,,Brand,,,,,,Long Description,,,Size,,,,,UOM,,,,Date,,,,,Width,,,
-----------   --------------------------------- ------------------------------------------------------------------------------------------------------------------ ------------ -------------------- ---------------,,,,,,,,,,,,,,,,,,,,,,,,,,,,,,,,,,,,,
6,0076899001799,,,,2,,,NORDIC NATURALS,,,,,,ULTIMATE OMEGA XTRA,,,,60.00,,,,,SG,,,,,,,2.50,,,,,,,
7,0002250600325,,,,2,,,SPECTRUM ESSENTIALS,,,,,,FISH OIL 1000 MG,,,,100.00,,,,,SG,,,,,,,2.55,,,,,,,
8,0002250651625,,,,2,,,SPECTRUM ESSENTIALS,,,,,,FISH OIL-1000 MG,,,,250.00,,,,,SG,,,,,,,3.15,,,,,,,
9,0002250612903,,,,1,,,SPECTRUM ESSENTIALS,,,,,,FISH OIL-WITH VITAMIN D,,,,250.00,,,,,SG,,,,,,,3.15,,,,,,,
,,,,,---------------,,,,,,,,,,,,,,,,,,,,,,,,,,,,,,,,
Totals:,,,,,17,,,,,,,,,,,,,,,,,,,,,,,,,,,,,,,,
"Shelf: 15,   Length: 4' 0.00"",    Height: 0' 6.50"",   Depth: 1' 4.00"",   Product: 3' 11.92""",,,,,,,,,,,,,,,,,,,,,,,,,,,,,,,,,,,,,
1,0076899041760,,,,2,,,NORDIC NATURALS,,,,,,OMEGA 3 WITH FISH OIL,,,,60.00,,,,,SG,,,,,,,2.50,,,,,,,
2,0076899001760,,,,2,,,NORDIC NATURALS,,,,,,OMEGA 3 FORMULA LEMON,,,,60.00,,,,,SG,,,,,,,2.50,,,,,,,
3,0076899002760,,,,2,,,NORDIC NATURALS,,,,,,OMEGA 3 FORMULA LEMON,,,,120.00,,,,,SG,,,,,,,2.65,,,,,,,
4,0076899003760,,,,2,,,NORDIC NATURALS,,,,,,OMEGA 3,,,,180.00,,,,,SG,,,,,,,3.15,,,,,,,
5,0076899002761,,,,2,,,NORDIC NATURALS,,,,,,OMEGA 3D,,,,120.00,,,,,SG,,,,,,,2.65,,,,,,,
6,0076899001794,,,,2,,,NORDIC NATURALS,,,,,,ULTIMATE OMEGA D3,,,,60.00,,,,,SG,,,,,,,2.50,,,,,,,
7,0076899002794,,,,2,,,NORDIC NATURALS,,,,,,ULTIMATE OMEGA D3,,,,120.00,,,,,SG,,,,,,,2.75,,,,,,,
8,0076899006100,,,,2,,,NORDIC NATURALS,,,,,,ULTIMATE OMEGA 2X MINI,,,,60.00,,,,,SG,,,,,,,2.45,,,,,,,
9,0076899002150,,,,2,,,NORDIC NATURALS,,,,,,ULTIMATE OMEGA-2X,,,,60.00,,,,,SG,,,,,,,2.45,,,,,,,
,,,,,---------------,,,,,,,,,,,,,,,,,,,,,,,,,,,,,,,,
Totals:,,,,,18,,,,,,,,,,,,,,,,,,,,,,,,,,,,,,,,
"Shelf: 16,   Length: 4' 0.00"",    Height: 0' 5.50"",   Depth: 1' 4.00"",   Product: 3' 11.82""",,,,,,,,,,,,,,,,,,,,,,,,,,,,,,,,,,,,,
1,0079001111012,,,,1,,,JARROW FORMULAS,,,,,,AHIFLOWER OIL,,,,60.00,,,,,SG,,,,,,,,,2.25,,,,,
2,0072778390097,,,,1,,,NEW CHAPTER,,,,,,SUPERCRITICAL OMEGA 7,,,,30.00,,,,,VCP,,,,,,,,,1.90,,,,,
3,0085818000203,,,,1,,,SIBU BEAUTY,,,,,,CELLULAR SUPPORT WITH OMEGA 7,,,,60.00,,,,,SG,,,,Mar 20 2016 1,,,,,2.23,,,,,
4,0008839501554,,,,1,,,CARLSON LABS,,,,,,SUPER DHA GEMS-500 MG,,,,80.00,,,,,SG,,,,,,,,,4.20,,,,,
5,0002250647472,,,,1,,,SPECTRUM ESSENTIALS,,,,,,VEGETARIAN DHA,,,,90.00,,,,,SG,,,,,,,,,2.00,,,,,
6,0006199861422,,,,1,,,FLORA,,,,,,VEGETARIAN DHA,,,,60.00,,,,,SG,,,,,,,,,2.60,,,,,
7,0081835302206,,,,1,,,IWI,,,,,,ALGAE BASED DHA,,,,60.00,,,,,SG,,,,,,,,,2.40,,,,,
8,0081835302205,,,,1,,,IWI,,,,,,ALGAE BASED EPA,,,,30.00,,,,,SG,,,,,,,,,2.40,,,,,
9,0081835302200,,,,1,,,IWI,,,,,,ALGAE BASED OMEGA-3,,,,30.00,,,,,SG,,,,,,,,,2.40,,,,,
10,0076899001750,,,,1,,,NORDIC NATURALS,,,,,,EPA FORMULA LEMON,,,,60.00,,,,,SG,,,,,,,,,2.40,,,,,
11,0076899001751,,,,1,,,NORDIC NATURALS,,,,,,EPA XTRA,,,,60.00,,,,,SG,,,,,,,,,2.40,,,,,
12,0076899001743,,,,1,,,NORDIC NATURALS,,,,,,DHA FORMULA STRAWBERRY,,,,90.00,,,,,SG,,,,,,,,,2.40,,,,,
13,0076899003743,,,,1,,,NORDIC NATURALS,,,,,,DHA-STRAWBERRY,,,,180.00,,,,,SG,,,,,,,,,2.60,,,,,
14,0076899001745,,,,1,,,NORDIC NATURALS,,,,,,DHA XTRA,,,,60.00,,,,,SG,,,,,,,,,2.40,,,,,
15,0076899001606,,,,1,,,NORDIC NATURALS,,,,,,ALGAE OMEGA,,,,60.00,,,,,SG,,,,,,,,,2.10,,,,,
16,0076899001618,,,,1,,,NORDIC NATURALS,,,,,,ALGAE OMEGA,,,,120.00,,,,,SG,,,,,,,,,2.50,,,,,
17,0002250647477,,,,1,,,SPECTRUM ESSENTIALS,,,,,,VEGAN ULTRA OMEGA-3 EPA+DHA,,,,60.00,,,,,SG,,,,,,,,,2.00,,,,,
Positio,,,,UPC,,Facings,,,,,Brand,,,,,,Long Description,,,Size,,,,,UOM,,,,Date,,,,,Width,,,
-----------   --------------------------------- ------------------------------------------------------------------------------------------------------------------ ------------ -------------------- ---------------,,,,,,,,,,,,,,,,,,,,,,,,,,,,,,,,,,,,,
18,0003367415682,,,,1,,,NATURE'S WAY,,,,,,MEGA DHA,,,,60.00,,,,,SG,,,,,,,2.60,,,,,,,
19,0079001116036,,,,1,,,JARROW FORMULAS,,,,,,EPA-DHA BALANCE,,,,120.00,,,,,SG,,,,,,,2.90,,,,,,,
,,,,,---------------,,,,,,,,,,,,,,,,,,,,,,,,,,,,,,,,
Totals:,,,,,19,,,,,,,,,,,,,,,,,,,,,,,,,,,,,,,,
"Shelf: 17,   Length: 4' 0.00"",    Height: 1' 0.00"",   Depth: 1' 4.00"",   Product: 3' 11.87""",,,,,,,,,,,,,,,,,,,,,,,,,,,,,,,,,,,,,
1,0064667069067,,,,1,,,SPROUTS,,,,,,EVENING PRIMROSE OIL 500 MG,,,,90.00,,,,,SG,,,,,,,2.00,,,,,,,
2,0064667069068,,,,1,,,SPROUTS,,,,,,EVENING PRIMROSE OIL 500 MG,,,,180.00,,,,,SG,,,,,,,2.50,,,,,,,
3,0064667068044,,,,1,,,SPROUTS,,,,,,EVENING PRIMROSE OIL 1300 MG,,,,90.00,,,,,SG,,,,,,,2.70,,,,,,,
4,0064667068045,,,,1,,,SPROUTS,,,,,,EVENING PRIMROSE OIL 1300 MG,,,,180.00,,,,,SG,,,,,,,3.40,,,,,,,
5,0074371500929,,,,1,,,BLUEBONNET,,,,,,EVENING PRIMROSE OIL 1300 MG,,,,90.00,,,,,SG,,,,,,,2.70,,,,,,,
6,0003367415418,,,,1,,,NATURE'S WAY,,,,,,EFA GOLD EPO 1300 MG,,,,60.00,,,,,SG,,,,,,,2.60,,,,,,,
7,0007663003231,,,,1,,,AMERICAN HEALTH,,,,,,ROYAL EPO-1300 MG,,,,120.00,,,,,SG,,,,,,,4.75,,,,,,,
8,0073373901870,,,,1,,,NOW,,,,,,WHEAT GERM OIL,,,,100.00,,,,,SG,,,,,,,2.75,,,,,,,
9,0073373901835,,,,1,,,NOW,,,,,,OMEGA 3 6 9 1000 MG,,,,100.00,,,,,SG,,,,,,,2.50,,,,,,,
10,0073373901837,,,,1,,,NOW,,,,,,OMEGA 3 6 9 1000 MG,,,,250.00,,,,,SG,,,,,,,3.20,,,,,,,
11,0001579404100,,,,1,,,COUNTRY LIFE,,,,,,ULTRA OMEGA 3 6 9 SOFTGEL,,,,90.00,,,,,SG,,,,,,,2.75,,,,,,,
12,0003367415440,,,,1,,,NATURE'S WAY,,,,,,MEGA EFA BLEND 1350 MG,,,,90.00,,,,,SG,,,,,,,2.60,,,,,,,
13,0076899001770,,,,2,,,NORDIC NATURALS,,,,,,COMPLETE OMEGA LEMON,,,,60.00,,,,,SG,,,,,,,2.50,,,,,,,
14,0076899002770,,,,1,,,NORDIC NATURALS,,,,,,COMPLETE OMEGA LEMON,,,,120.00,,,,,SG,,,,,,,2.65,,,,,,,
15,0076899003770,,,,1,,,NORDIC NATURALS,,,,,,COMPLETE OMEGA,,,,180.00,,,,,SG,,,,,,,3.10,,,,,,,
16,0076899001801,,,,1,,,NORDIC NATURALS,,,,,,COMPLETE OMEGA XTRA,,,,60.00,,,,,SG,,,,,,,2.50,,,,,,,
,,,,,---------------,,,,,,,,,,,,,,,,,,,,,,,,,,,,,,,,
Totals:,,,,,17,,,,,,,,,,,,,,,,,,,,,,,,,,,,,,,,
"Shelf: 18,   Length: 4' 0.00"",    Height: 0' 9.50"",   Depth: 1' 6.00"",   Product: 3' 11.88""",,,,,,,,,,,,,,,,,,,,,,,,,,,,,,,,,,,,,
1,0008839501352,,,,2,,,CARLSON LABS,,,,,,LIVER OIL-NORWEGIAN COD-LEMON,,,,16.90,,,,,FOZ,,,,,,,3.50,,,,,,,
2,0008839501402,,,,1,,,CARLSON LABS,,,,,,SUPER D OMEGA-E LEMON FLAVOR,,,,8.40,,,,,FOZ,,,,,,,3.00,,,,,,,
3,0008839501540,,,,2,,,CARLSON LABS,,,,,,FISH OIL-VERY FINEST-LEMON,,,,6.70,,,,,FOZ,,,,,,,2.55,,,,,,,
4,0008839501545,,,,2,,,CARLSON LABS,,,,,,FISH OIL-VERY FINEST-LEMON,,,,16.90,,,,,FOZ,,,,,,,3.50,,,,,,,
5,0008839501650,,,,1,,,CARLSON LABS,,,,,,FISH OIL-VERY FINEST-ORANGE,,,,6.70,,,,,FOZ,,,,,,,2.55,,,,,,,
6,0008839501655,,,,1,,,CARLSON LABS,,,,,,FISH OIL-ORANGE,,,,16.90,,,,,FOZ,,,,,,,3.50,,,,,,,
7,0085065200009,,,,1,,,ASCENTA HEALTH LTD,,,,,,NUTRA SEA-ORIGINAL,,,,16.90,,,,,FOZ,,,,,,,3.05,,,,,,,
8,0006895835741,,,,1,,,NATURAL FACTORS,,,,,,OMEGA-3 750 EPA/500 DHA COCONUT-LIME,,,,6.76,,,,,FOZ,,,,,,,2.30,,,,,,,
9,0006895835740,,,,1,,,NATURAL FACTORS,,,,,,OMEGA-3 750 EPA/500 DHA LEMON MRNGUE,,,,6.76,,,,,FOZ,,,,,,,2.30,,,,,,,
10,0076899002763,,,,2,,,NORDIC NATURALS,,,,,,OMEGA-3-LEMON,,,,8.00,,,,,FOZ,,,,,,,2.40,,,,,,,
11,0076899002764,,,,2,,,NORDIC NATURALS,,,,,,OMEGA 3,,,,16.00,,,,,FOZ,,,,,,,3.00,,,,,,,
,,,,,---------------,,,,,,,,,,,,,,,,,,,,,,,,,,,,,,,,
Positio,,,,UPC,,Facings,,,,,Brand,,,,,,Long Description,,,Size,,,,,UOM,,,,Date,,,,,Width,,,
"-----------
Totals:",,,"--------------------------------- ------------------------------------------------------------------------------------------------------------------ ------------ -------------------- ---------------
16",,,,,,,,,,,,,,,,,,,,,,,,,,,,,,,,,,
"Shelf: 19,   Length: 4' 0.00"",    Height: 0' 6.50"",   Depth: 1' 4.00"",   Product: 3' 11.99""",,,,,,,,,,,,,,,,,,,,,,,,,,,,,,,,,,,,,
1,0076899053787,,,,1,,,NORDIC NATURALS,,,,,,BABYS DHA-WITH VITAMIN D3,,,,2.00,,,,,OZ,,,,,,,1.95,,,,,,,
2,0076899001710,,,,1,,,NORDIC NATURALS,,,,,,CHILDRENS DHA STRAWBERRY,,,,90.00,,,,,SG,,,,,,,2.15,,,,,,,
3,0076899001720,,,,2,,,NORDIC NATURALS,,,,,,CHILDRENS DHA STRAWBERRY,,,,180.00,,,,,SG,,,,,,,2.50,,,,,,,
4,0076899056780,,,,1,,,NORDIC NATURALS,,,,,,CHILDRENS DHA LIQUID,,,,4.00,,,,,OZ,,,,,,,2.00,,,,,,,
5,0076899002723,,,,1,,,NORDIC NATURALS,,,,,,CHILDRENS DHA-STRAWBERRY,,,,8.00,,,,,OZ,,,,,,,2.40,,,,,,,
6,0076899001775,,,,1,,,NORDIC NATURALS,,,,,,COMPLETE OMEGA JUNIOR,,,,90.00,,,,,SG,,,,,,,2.55,,,,,,,
7,0076899002775,,,,1,,,NORDIC NATURALS,,,,,,COMPLETE OMEGA  JUNIOR,,,,180.00,,,,,SG,,,,,,,2.70,,,,,,,
8,0076899030140,,,,1,,,NORDIC NATURALS,,,,,,OMEGA-3 FISHIES-TANGERINE,,,,30.00,,,,,CNT,,,,,,,3.80,,,,,,,
9,0076899030150,,,,1,,,NORDIC NATURALS,,,,,,OMEGA-3 GUMMY WORMS-STRAWBERRY,,,,30.00,,,,,CNT,,,,,,,3.80,,,,,,,
10,0076899030130,,,,1,,,NORDIC NATURALS,,,,,,OMEGA-3 GUMMIES-TANGERINE,,,,60.00,,,,,CNT,,,,,,,3.80,,,,,,,
11,0076899030131,,,,1,,,NORDIC NATURALS,,,,,,OMEGA 3 GUMMIES,,,,120.00,,,,,CNT,,,,,,,3.80,,,,,,,
12,0063125715364,,,,1,,,RENEW LIFE,,,,,,OMEGA SMART KIDS DHA,,,,60.00,,,,,SG,,,,,,,2.45,,,,,,,
13,0061309868382,,,,1,,,HERO NUTRITION,,,,,,YUMMI BEARS FISH FREE OMEGA 3,,,,90.00,,,,,CNT,,,,,,,3.45,,,,,,,
14,0002188812042,,,,1,,,RAINBOW LIGHT,,,,,,OMEGALICIOUS GUMMY,,,,30.00,,,,,PK,,,,,,,3.60,,,,,,,
15,0085718800427,,,,1,,,WILEYS FINEST,,,,,,BEGINNERS DHA FOR KIDS,,,,4.23,,,,,FOZ,,,,,,,2.50,,,,,,,
16,0008839501543,,,,1,,,CARLSON LABS,,,,,,CARLSON FOR KIDS,,,,6.70,,,,,FOZ,,,,,,,2.55,,,,,,,
,,,,,---------------,,,,,,,,,,,,,,,,,,,,,,,,,,,,,,,,
Totals:,,,,,17,,,,,,,,,,,,,,,,,,,,,,,,,,,,,,,,
"Shelf: 20,   Length: 4' 0.00"",    Height: 0' 5.50"",   Depth: 1' 4.00"",   Product: 3' 11.91""",,,,,,,,,,,,,,,,,,,,,,,,,,,,,,,,,,,,,
1,0067923405551,,,,1,,,MOMMYS BLISS,,,,,,PROBIOTIC DROPS,,,,0.34,,,,,FOZ,,,,,,,1.75,,,,,,,
2,0067923405563,,,,1,,,MOMMYS BLISS,,,,,,PROBIOTIC DROPS + VITAMIN D,,,,0.34,,,,,FOZ,,,,,,,1.75,,,,,,,
3,0079001103014,,,,2,,,JARROW FORMULAS,,,,,,JARRO -DOPHILUS BABY,,,,0.51,,,,,FOZ,,,,,,,2.05,,,,,,,
4,0065801012119,,,,1,,,GARDEN OF LIFE,,,,,,DR. FORMULATED PROBIOTICS-ORG-KIDS,,,,30.00,,,,,CHW,,,,,,,2.45,,,,,,,
5,0065801012221,,,,1,,,GARDEN OF LIFE,,,,,,DR. FRMLTD PRBIOTCS KIDS STRW SHELF,,,,30.00,,,,,CHW,,,,,,,2.40,,,,,,,
6,0065801012215,,,,1,,,GARDEN OF LIFE,,,,,,DR. FRMLTD PROBIOTICS KIDS WATERMLN,,,,30.00,,,,,CHW,,,,,,,2.45,,,,,,,
7,0009746729969,,,,1,,,NATURE'S PLUS,,,,,,ANIMAL PARADE ACIDOPHI KIDZ,,,,90.00,,,,,TAB,,,,,,,2.55,,,,,,,
8,0063125715719,,,,2,,,RENEW LIFE,,,,,,ULITMATE FLORA KIDS PROBIOTIC,,,,60.00,,,,,TAB,,,,,,,2.45,,,,,,,
9,0063125715868,,,,1,,,RENEW LIFE,,,,,,ULTIMATE FLORA KIDS PROBIOTIC,,,,30.00,,,,,TAB,,,,,,,2.45,,,,,,,
10,0060827411100,,,,1,,,CHILDLIFE,,,,,,PROBIOTICS WITH COLOSTRUM-BERRY,,,,90.00,,,,,TAB,,,,,,,2.30,,,,,,,
11,0081705302001,,,,1,,,SMARTY PANTS,,,,,,KIDS PROBIOTIC COMPLETE-GRAPE,,,,60.00,,,,,CNT,,,,,,,2.55,,,,,,,
12,0076899030170,,,,1,,,NORDIC NATURALS,,,,,,PROBIOTIC GUMMIES KIDS,,,,60.00,,,,,CNT,,,,,,,2.90,,,,,,,
13,0089507000226,,,,1,,,GO LIVE PROBIOTICS,,,,,,GO LIVE BERRYLICIOUS PROBIOTIC PKT,,,,0.34,,,,,OZ,,,,,,,0.85,,,,,,,
14,0089507000225,,,,1,,,GO LIVE PROBIOTICS,,,,,,GO LIVE BERRYLICIOUS PROBIOTIC CS,,,,3.40,,,,,OZ,,,,,,,3.45,,,,,,,
15,0076899001678,,,,1,,,NORDIC NATURALS,,,,,,NORDIC FLORA PROBIOTIC PIXIES-KIDS,,,,30.00,,,,,PKT,,,,,,,2.70,,,,,,,
Positio,,,,UPC,,Facings,,,,,Brand,,,,,,Long Description,,,Size,,,,,UOM,,,,Date,,,,,Width,,,
-----------   --------------------------------- ------------------------------------------------------------------------------------------------------------------ ------------ -------------------- ---------------,,,,,,,,,,,,,,,,,,,,,,,,,,,,,,,,,,,,,
16,0007663065625,1,AMERICAN HEALTH,PROBIOTIC STICKS FOR KIDS,30.00,CNT,
17,0003367410521,1,NATURE'S WAY,IMMUNABLES-KIDS IMMUNITY,1.58,OZ,
18,0085898200410,1,GOOD DAY CHOCOLATE,PROBIOTIC SUPPLEMENT,8.00,CNT,
Totals:,,
"Shelf: 21,   Length: 4' 0.00"",    Height: 0' 6.50"",   Depth: 1' 4.00"",   Product: 3' 11.83""",,,,,,,,,,,,,,,,,,,,,,,,,,,,,,,,,,,,,
1,0089507000209,1,GO LIVE PROBIOTICS,PROBIOTIC & PREBIOTIC BLND-FLVRLS-PK,0.05,OZ,
2,0089507000208,1,GO LIVE PROBIOTICS,PROBIOTIC & PREBIOTIC BLND-FLAVORLSS,1.30,OZ,
3,0089507000203,1,GO LIVE PROBIOTICS,PROBIOTIC & PREBIOTIC BLEND-BRRY-PKT,0.34,OZ,
4,0089507000206,1,GO LIVE PROBIOTICS,PROBIOTIC & PREBIOTIC BLND-BERRY,3.40,OZ,
5,0089507000216,1,GO LIVE PROBIOTICS,PROBIOTIC & PREBIOTIC BLEND-SPA-PKT,0.44,OZ,
6,0089507000217,1,GO LIVE PROBIOTICS,PROBIOTIC & PREBIOTIC BLEND-SPA,4.40,OZ,
7,0063125715912,2,RENEW LIFE,ULTIMATE FLORA PROBIOTIC GUMMIES,60.00,CNT,
8,0063125715695,1,RENEW LIFE,ULTIMATE FLORA PROBIOTC SOUR GUMMIES,60.00,CNT,
9,0002188812121,2,RAINBOW LIGHT,PROBIOLICIOUS GUMMIES,50.00,CNT,
10,0007663003617,1,AMERICAN HEALTH,ACIDOPHILUS-CHEWABLE-BLUEBERRY,100.00,WAF,
11,0007663005721,1,AMERICAN HEALTH,ACIDOPHILUS-CHEWABLE-STRAWBERRY,100.00,WAF,
12,0007663003618,1,AMERICAN HEALTH,ACIDOPHILUS-CHEWABLE-ASSORTED,100.00,WAF,
13,0085941900302,1,BIOVI,PROBIOTIC AND ANTIOXIDANTS,30.00,CAP,
14,0085941900306,1,BIOVI,PROBIOTIC AND ANTIOXIDANTS-CHEWABLE,30.00,TAB,
15,0085941900309,1,BIOVI,PROBIOTIC AND ANTIOXIDANTS-CHEWS,30.00,CHW,
16,0081944401441,1,ONNIT,TOTAL GUT HEALTH-15 CNT,15.00,CNT,
Totals:,,
"Shelf: 22,   Length: 4' 0.00"",    Height: 0' 5.50"",   Depth: 1' 4.00"",   Product: 3' 11.84""",,,,,,,,,,,,,,,,,,,,,,,,,,,,,,,,,,,,,
1,0002791700113,,,,1,,,NUTRITION NOW,,,,,,PB 8 VEGETARIAN,,,,60.00,,,,,VCP,,,,,,,2.00,,,,,,,
2,0002791700357,,,,2,,,NUTRITION NOW,,,,,,PB 8-VEGETARIAN PRO BIOTIC,,,,120.00,,,,,VCP,,,,,,,2.35,,,,,,,
3,0002791700106,,,,2,,,NUTRITION NOW,,,,,,PB 8 ACIDOPHILUS,,,,60.00,,,,,CAP,,,,,,,2.00,,,,,,,
4,0002791700112,,,,2,,,NUTRITION NOW,,,,,,PB 8-ORIGINAL,,,,120.00,,,,,CAP,,,,,,,2.35,,,,,,,
5,0002791727098,,,,1,,,NUTRITION NOW,,,,,,PB 8 IMMUNE SUPPORT,,,,60.00,,,,,CAP,,,,,,,2.35,,,,,,,
6,0008839565020,,,,2,,,CARLSON LABS,,,,,,WOMENS PROBIOTICS WITH CRANBERRY,,,,60.00,,,,,VCP,,,,,,,2.10,,,,,,,
7,0076394804213,,,,2,,,ENZYMATIC THERAPY,,,,,,ACIDOPHILUS PEARLS-YB,,,,30.00,,,,,SG,,,,,,,3.65,,,,,,,
8,0076394804363,,,,2,,,ENZYMATIC THERAPY,,,,,,ACIDOPHILUS PEARLS-IC,,,,30.00,,,,,SG,,,,,,,3.65,,,,,,,
9,0076394804403,,,,1,,,ENZYMATIC THERAPY,,,,,,ACIDOPHILUS PEARLS-IMMUNE,,,,30.00,,,,,CAP,,,,,,,3.65,,,,,,,
10,0076394804293,,,,1,,,ENZYMATIC THERAPY,,,,,,ACIDOPHILUS PEARLS,,,,30.00,,,,,CAP,,,,,,,3.65,,,,,,,
11,0076394804299,,,,1,,,ENZYMATIC THERAPY,,,,,,ACIDOPHILUS PEARLS,,,,90.00,,,,,CNT,,,,,,,3.65,,,,,,,
Positio,,,,UPC,,Facings,,,,,Brand,,,,,,Long Description,,,Size,,,,,UOM,,,,Date,,,,,Width,,,
"-----------
Totals:",,,"--------------------------------- ------------------------------------------------------------------------------------------------------------------ ------------ -------------------- ---------------
---------------
17",,,,,,,,,,,,,,,,,,,,,,,,,,,,,,,,,,
"Shelf: 23,   Length: 4' 0.00"",    Height: 0' 6.50"",   Depth: 1' 4.00"",   Product: 3' 11.95""",,,,,,,,,,,,,,,,,,,,,,,,,,,,,,,,,,,,,
1,0069592712127,,,,2,,,DR OHHIRA'S,,,,,,PROBIOTICS,,,,30.00,,,,,CAP,,,,,,,2.15,,,,,,,
2,0069592712125,,,,1,,,DR OHHIRA'S,,,,,,PROBIOTICS,,,,60.00,,,,,CAP,,,,,,,2.55,,,,,,,
3,0063125715870,,,,1,,,RENEW LIFE,,,,,,ULTIMATE FLORA GO PACK 15 BILLION,,,,30.00,,,,,VCP,,,,,,,3.35,,,,,,,
4,0063125715877,,,,1,,,RENEW LIFE,,,,,,ULTIMATE FLORA GO PACK 15 BILLION,,,,60.00,,,,,CAP,,,,,,,3.35,,,,,,,
5,0063125715928,,,,1,,,RENEW LIFE,,,,,,ULTIMATE FLORA  WOMENS CARE 15 BILL,,,,10.00,,,,,VCP,,,,,,,3.35,,,,,,,
6,0063125715872,,,,2,,,RENEW LIFE,,,,,,ULTIMATE FLORA WOMENS CARE 15 BIL,,,,30.00,,,,,VCP,,,,,,,3.35,,,,,,,
7,0063125715674,,,,2,,,RENEW LIFE,,,,,,ULTIMATE FLORA ADULT 50+ GO PACK,,,,30.00,,,,,VCP,,,,,,,3.35,,,,,,,
8,0063125715673,,,,2,,,RENEW LIFE,,,,,,ULTIMATE FLORA XTRA CARE 30 BILLION,,,,30.00,,,,,VCP,,,,,,,3.35,,,,,,,
9,0063125715809,,,,2,,,RENEW LIFE,,,,,,ULTIMATE FLORA GO PACK 50 BILLION,,,,30.00,,,,,VCP,,,,,,,3.35,,,,,,,
10,0063125715977,,,,1,,,RENEW LIFE,,,,,,ULTIMATE FLORA GO PACK 50 BILLION,,,,60.00,,,,,VCP,,,,,,,3.35,,,,,,,
,,,,,---------------,,,,,,,,,,,,,,,,,,,,,,,,,,,,,,,,
Totals:,,,,,15,,,,,,,,,,,,,,,,,,,,,,,,,,,,,,,,
"Shelf: 24,   Length: 4' 0.00"",    Height: 0' 5.50"",   Depth: 1' 4.00"",   Product: 3' 11.88""",,,,,,,,,,,,,,,,,,,,,,,,,,,,,,,,,,,,,
1,0065801011111,,,,1,,,GARDEN OF LIFE,,,,,,PRIMAL DEFENSE,,,,90.00,,,,,CAP,,,,,,,2.40,,,,,,,
2,0065801011235,,,,2,,,GARDEN OF LIFE,,,,,,PRIMAL DEFENSE ULTRA,,,,90.00,,,,,CAP,,,,,,,2.55,,,,,,,
3,0065801011846,,,,2,,,GARDEN OF LIFE,,,,,,PROBIOTICS-DR FORMULATED-30 BILLION,,,,30.00,,,,,VCP,,,,,,,2.50,,,,,,,
4,0065801011829,,,,2,,,GARDEN OF LIFE,,,,,,PROBIOTICS-DR FORMULATED-MENS,,,,30.00,,,,,VCP,,,,,,,2.50,,,,,,,
5,0065801011832,,,,2,,,GARDEN OF LIFE,,,,,,PROBIOTICS-DR FORMULATED-WOMENS,,,,30.00,,,,,VCP,,,,,,,2.50,,,,,,,
6,0065801012334,,,,1,,,GARDEN OF LIFE,,,,,,PROBIOTICS-RAW-VAGINAL CARE,,,,30.00,,,,,VCP,,,,,,,2.45,,,,,,,
7,0065801012333,,,,1,,,GARDEN OF LIFE,,,,,,PROBIOTICS-RAW-ULTIMATE CARE,,,,30.00,,,,,VCP,,,,,,,2.45,,,,,,,
8,0085575700340,,,,1,,,PROBULIN,,,,,,PROBIOTIC-DAILY CARE-10 BILLION,,,,30.00,,,,,CAP,,,,,,,3.35,,,,,,,
9,0085575700341,,,,1,,,PROBULIN,,,,,,PROBIOTIC-DAILY CARE-10 BILLION,,,,60.00,,,,,CAP,,,,,,,3.35,,,,,,,
10,0085575700360,,,,1,,,PROBULIN,,,,,,PROBIOTIC-COLON SUPPORT-20 BILLION,,,,30.00,,,,,CAP,,,,,,,3.35,,,,,,,
11,0085575700363,,,,1,,,PROBULIN,,,,,,PROBIOTIC-P PACK-20 BILLION,,,,10.00,,,,,CAP,,,,,,,3.05,,,,,,,
12,0085575700350,,,,1,,,PROBULIN,,,,,,PROBIOTIC-WOMENS HEALTH-20 BILLION,,,,30.00,,,,,CAP,,,,,,,3.35,,,,,,,
13,0085575700351,,,,1,,,PROBULIN,,,,,,PROBIOTIC-WOMENS HEALTH,,,,60.00,,,,,CAP,,,,,,,3.35,,,,,,,
,,,,,---------------,,,,,,,,,,,,,,,,,,,,,,,,,,,,,,,,
Totals:,,,,,17,,,,,,,,,,,,,,,,,,,,,,,,,,,,,,,,
"Shelf: 25,   Length: 4' 0.00"",    Height: 0' 6.50"",   Depth: 1' 4.00"",   Product: 3' 11.90""",,,,,,,,,,,,,,,,,,,,,,,,,,,,,,,,,,,,,
1,0003367410295,,,,2,,,NATURE'S WAY,,,,,,PRIMADOPHILUS FORTIFY-WOMEN'S-30 BIL,,,,30.00,,,,,VCP,,,,,,,3.45,,,,,,,
2,0003367410294,,,,2,,,NATURE'S WAY,,,,,,PRIMADOPHILUS FORTIFY-DAILY-30 BIL,,,,30.00,,,,,VCP,,,,,,,3.45,,,,,,,
3,0003367410336,,,,2,,,NATURE'S WAY,,,,,,PRIMADOPHILUS OPTIMA-WOMENS,,,,30.00,,,,,VCP,,,,,,,3.35,,,,,,,
Positio,,,,UPC,,Facings,,,,,Brand,,,,,,Long Description,,,Size,,,,,UOM,,,,Date,,,,,Width,,,
-----------   --------------------------------- ------------------------------------------------------------------------------------------------------------------ ------------ -------------------- ---------------,,,,,,,,,,,,,,,,,,,,,,,,,,,,,,,,,,,,,
4,0003367410337,,,,1,,,NATURE'S WAY,,,,,,PRIMADOPHILUS OPTIMA-DIGESTIVE BALNC,,,,30.00,,,,,VCP,,,,,,,3.35,,,,,,,
5,0003367410762,,,,1,,,NATURE'S WAY,,,,,,PROBIOTIC-OPTIMA-ADULT 50 +,,,,30.00,,,,,VCP,,,,,,,3.35,,,,,,,
6,0079001103020,,,,2,,,JARROW FORMULAS,,,,,,JARRO DOPHILUS EPS,,,,60.00,,,,,VCP,,,,,,,3.20,,,,,,,
7,0079001103024,,,,2,,,JARROW FORMULAS,,,,,,JARRO DOPHILUS EPS,,,,120.00,,,,,CAP,,,,,,,3.20,,,,,,,
8,0079001103040,,,,1,,,JARROW FORMULAS,,,,,,JARRO-DOPHILUS EPS,,,,30.00,,,,,CAP,,,,,,,3.20,,,,,,,
9,0079001103051,,,,1,,,JARROW FORMULAS,,,,,,JARRO-DOPHILUS FOR WOMEN 5 BILLION,,,,30.00,,,,,VCP,,,,,,,3.20,,,,,,,
10,0079001103041,,,,1,,,JARROW FORMULAS,,,,,,PROBIOTIC-FEM DOPHILUS-WOMENS,,,,30.00,,,,,VCP,,,,,,,2.25,,,,,,,
,,,,,---------------,,,,,,,,,,,,,,,,,,,,,,,,,,,,,,,,
Totals:,,,,,15,,,,,,,,,,,,,,,,,,,,,,,,,,,,,,,,
"Shelf: 26,   Length: 4' 0.00"",    Height: 1' 0.00"",   Depth: 1' 4.00"",   Product: 3' 11.92""",,,,,,,,,,,,,,,,,,,,,,,,,,,,,,,,,,,,,
1,0085050200722,,,,1,,,YOUTHEORY,,,,,,SPORE PROBIOTIC CAPSULES,,,,60.00,,,,,CAP,,,,,,,3.00,,,,,,,
2,0001579409110,,,,2,,,COUNTRY LIFE,,,,,,PROBIOTIC-DAILY POWDER-ORGANIC,,,,3.10,,,,,OZ,,,,,,,2.90,,,,,,,
3,0065801011833,,,,2,,,GARDEN OF LIFE,,,,,,PROBIOTICS-FITBIOTIC-WEIGHT MGT-ORG,,,,20.00,,,,,PKT,,,,,,,3.50,,,,,,,
4,0008350210353,,,,2,,,HEALTH PLUS,,,,,,PREBIOTIC FORMULA,,,,180.00,,,,,CAP,,,,,,,2.60,,,,,,,
5,0002354260049,,,,2,,,KYOLIC,,,,,,KYO-DOPHILUS,,,,90.00,,,,,CAP,,,,,,,2.00,,,,,,,
6,0003398400025,,,,2,,,SOLGAR,,,,,,ADVANCED ACIDOPHILUS PLUS,,,,120.00,,,,,VCP,,,,,,,2.60,,,,,,,
7,0003398453925,,,,2,,,SOLGAR,,,,,,PROBI 30 BILLION,,,,30.00,,,,,VCP,,,,,,,2.35,,,,,,,
8,0007663029607,,,,2,,,AMERICAN HEALTH,,,,,,PROBIOTIC CD,,,,60.00,,,,,VTB,,,,,,,2.50,,,,,,,
9,0007663029587,,,,2,,,AMERICAN HEALTH,,,,,,ENZYME PROBIOTIC COMPLEX,,,,90.00,,,,,VCP,,,,,,,2.50,,,,,,,
10,0079001103028,,,,1,,,JARROW FORMULAS,,,,,,IDEAL BOWEL SUPPORT-299V,,,,30.00,,,,,VCP,,,,,,,3.20,,,,,,,
,,,,,---------------,,,,,,,,,,,,,,,,,,,,,,,,,,,,,,,,
Totals:,,,,,18,,,,,,,,,,,,,,,,,,,,,,,,,,,,,,,,