,,,,,,,,,,,,,,,,,,,,,,,,,,,,,,,,,,,,,,,,,,,,,,,,,,,,,,,,,,,,,,,,,,,,,,
"Shelf 7:  Height 1' 0.00"", Length 4' 0.00"", Depth 1' 1.00""",,,,,,,,,,,,,,,,,,,,,,,,,,,,,,,,,,,,,,,,,,,,,,,,,,,,,,,,,,,,,,,,,,,,,,
,,,,,,,,,,,,,,,,,,,,,,,,,,,,,,,,,,,,,,,,,,,,,,,,,,,,,,,,,,,,,,,,,,,,,,
"Shelf 6:  Height 0' 7.50"", Length 4' 0.00"", Depth 1' 1.00""",,,,,,,,,,,,,,,,,,,,,,,,,,,,,,,,,,,,,,,,,,,,,,,,,,,,,,,,,,,,,,,,,,,,,,
,,,,,,,,,,,,,,,,,,,,,,,,,,,,,,,,,,,,,,,,,,,,,,,,,,,,,,,,,,,,,,,,,,,,,,
"Shelf 5:  Height 0' 7.50"", Length 4' 0.00"", Depth 1' 1.00""",,,,,,,,,,,,,,,,,,,,,,,,,,,,,,,,,,,,,,,,,,,,,,,,,,,,,,,,,,,,,,,,,,,,,,
,,,,,,,,,,,,,,,,,,,,,,,,,,,,,,,,,,,,,,,,,,,,,,,,,,,,,,,,,,,,,,,,,,,,,,
"Shelf 4:  Height 0' 7.50"", Length 4' 0.00"", Depth 1' 1.00""",,,,,,,,,,,,,,,,,,,,,,,,,,,,,,,,,,,,,,,,,,,,,,,,,,,,,,,,,,,,,,,,,,,,,,
,,,,,,,,,,,,,,,,,,,,,,,,,,,,,,,,,,,,,,,,,,,,,,,,,,,,,,,,,,,,,,,,,,,,,,
"Shelf 3:  Height 0' 7.50"", Length 4' 0.00"", Depth 1' 1.00""",,,,,,,,,,,,,,,,,,,,,,,,,,,,,,,,,,,,,,,,,,,,,,,,,,,,,,,,,,,,,,,,,,,,,,
,,,,,,,,,,,,,,,,,,,,,,,,,,,,,,,,,,,,,,,,,,,,,,,,,,,,,,,,,,,,,,,,,,,,,,
"Shelf 2:  Height 0' 7.50"", Length 4' 0.00"", Depth 1' 1.00""",,,,,,,,,,,,,,,,,,,,,,,,,,,,,,,,,,,,,,,,,,,,,,,,,,,,,,,,,,,,,,,,,,,,,,
,,,,,,,,,,,,,,,,,,,,,,,,,,,,,,,,,,,,,,,,,,,,,,,,,,,,,,,,,,,,,,,,,,,,,,
"Shelf 1:  Height 0' 7.50"", Length 4' 0.00"", Depth 1' 6.00""",,,,,,,,,,,,,,,,,,,,,,,,,,,,,,,,,,,,,,,,,,,,,,,,,,,,,,,,,,,,,,,,,,,,,,
,,,,,,,,,,,,,,,,,,,,,,,,,,,,,,,,,,,,,,,,,,,,,,,,,,,,,,,,,,,,,,,,,,,,,,
,,,,,,,,,,,,,,,,,,,,,,,,,,,,,,,,,,,,,,,,,,,,,,,,,,,,,,,,,,,,,,,,,,,,,,
,,,,,,,,,,,,,,,,,,,,,,,,,,,,,,,,,,,,,,,,,,,,,,,,,,,,,,,,,,,,,,,,,,,,,,
0007430680001,,,,,,,,,,,,,,,,,,,,,,"000743068 000743068
000743068000   VIBRANT    VIBRANT  000743068",,,,,,,,,,,,,,,,,,,006507860,,,,,,,,,,,,,,,,"00650786000
HEALTH",,,,,,,,,,,,,
VIBRANT,,,,,,,,,,,,,,,,,,,,,,VIBRANT,,,,,,HEALTH,,,,HEALTH,,,,"00650786                                  HEALTH
0065078 0065078",,,,,,,,,,,,,,,,,,,,,FORCE,,,,,,,,,,,,,
HEALTH GREEN,,,,,,,,,,,,,,,,,,,,,,HEALTH,,,,,,"VIBRANT    HEALTH
POWDER- POWDER-",,,,,,,,,,,,,,,,,,FORCE    VITAMINERA,,,,,,,,,,,,,,,,,,,,,,,,
00074306 000743068,,,,,,,,,,,,,,VIBRANCE,,,,,,,,GREEN,,,,,,COCONUT,,,,,TEA,,,HEALTH,,,,,FORCE   HEALTH HEALTH VITAMINER    GREEN,,,,,,,,,,,,,,,,,,,,,,,,,,,,,
VIBRANT   VIBRANT,,,,,,,,,,,,,,SUPERFOOD,,,,,,,,VIBRANCE,,,,,,13.23 OZ,,,,"ESSENTIALVITALITY   FORCE   FORCE
11.88 OZ",,,,,,,,,,,,,,,,,,,,GREEN,,,,,17.64 OZ,,,,,,,,,,,,,
HEALTH,,,,,,,,,,HEALTH,,,,12.50 OZ,,,,,,,,25.61 OZ,,,,,,DAILY      GREENS  VITAMIN VITAMIN   10.60 OZ,,,,,,,,,,,,,,,,,,,,,,,,,,,,,,,,,,,,,,,,,,
GREEN     GREEN VIBRANC VIBRANCE,,,,,,,,,,,,,,GREENS-O  8.00 OZ PINAPPL,,,,,,,,,,,,,,,,,,,,,,,,,,,,,,,,"EARTH   GREEN
5.30 OZ   5.30 OZ",,,,,,,,,,,,,,,,,,,,,,,,
"Shelf 7:  Height 1' 0.00"", Length 4' 0.00"", Depth 1' 1.00""
006580101 006580101170  006580101 006580101 006580101 006580101",,,,,,,,,,,,,,,,,,,,,,,,,,,,,,,,,,,,,,,,,,,,,,,"0065801011
008517700 008517700",,,,,,,,,,,,,,,,,,,,,,,
"0065801011406
GARDEN OF",,,,,,,,,,,,,,,GARDEN OF LIFE,,,,,,,GARDEN OF LIFE,,,,,"GARDEN    GARDEN    GARDEN    GARDEN
OF LIFE      OF LIFE      OF LIFE      OF LIFE   0065801",,,,,,,,,,,,,,,,,,,,,,"GARDEN
OF LIFE",,,,ORGAIN     ORGAIN SUPERFO  SUPERFO,,,,,,,,,,,,,,,,,
LIFE PERFECT   0065801011 PERFECT,,,,,,,,,,,,,,,,,,,,,,PERFECT,,,,,ORG,,,,PERFECT  PERFECT  PERFECT  GARDEN PERFECT,,,,,,,,,,,,,,,,,,,,,,0.62 LB,,,,0.62 LB,,,,,,,,,,,,,
FOOD-RAW,,,,,,,,,,,,,GARDEN   FOOD-OR,,,,,,,,,FOOD RAW,,,,,PERFECT,,,,,FOOD,,,FOOD,,,,,FOOD         OF,,,,,,,,,FOOD,,,,,,,,,,,,,,,,,,,,,
240.00 CAP,,,,,,,,,,,,,OF LIFE PERFECT,,,,,7.40 OZ,,,,ORG GRN SUPER,,,,,FOOD RAW,,,,,RAW ORG,,,ALKALIZERENERGIZE &              RAW,,,,,,,,,,LIFE PERFEC,,,,"GREEN
LABEL",,,,,,,,,,,,,,,,,,,,,
FOOD,,,,,,,,,,,,,,,,,,,,FOOD 14.80   CHOCOLA,,,,,,,,,,,,APPLE,,,DETOXIFIESUPERFO    FOOD,,,,,,,,,,,,,,10.58 OZ,,,,,,,,,,,,,,,,,,,,,
"Shelf 6:  Height 0' 7.50"", Length 4' 0.00"", Depth 1' 1.00""",,,,,,,,,,,,,,,,,,,,,,,,,,,,,,,,,,,,,,,,,,,,,,,,,,,,,,,,,,,,,,,,,,,,,,
"0082983593
AMAZING",,,,,,,,,,,,,,,,,,,,,,,,,,,,,"0082983500
AMAZING",,,,,"0082983500
AMAZING",,,,,,,,,,,,,,,,,,,,,,,,,,,,,,,,,,,,
0082983 008298,,,,,,,,,,,,,GRASS,,,,,,,,008298,,,,GRASS,,,,,,,,008298,,,GRASS,,,,,,,,,,008298,,,,008298,,,,,,,,,,,,,,,,,,,,
AMAZIN  AMAZIN 0082983593   GREEN,,,,,,,,,,,,,,,,,,,,,AMAZIN 008298350,,,,,,,,GREEN,,,,AMAZIN 0082983500   GREEN,,,,,,,,,,,,,AMAZIN 0082983500,,,,,,,,,008298350,,,,,,,,,,,,,,,
GRASS,,,,,,,,,,AMAZING   SUPERFOO,,,,,,,,,,,,,,,AMAZING   SUPERFOO,,,,,,,,,AMAZING   SUPERFOO,,,,,,,,,,,,,,,,AMAZING   AMAZIN  AMAZING,,,,,,,,,,,,,,,,,,,,
"GRASS GREEN  GREEN
SUPERF",,,,,,,,,,,,,GRASS GREEN,,,,"17.00 OZ   GRASS
ORGAN",,,,,,,,GRASS GREEN,,,,LEMON LIME,,,,"GRASS
GREEN",,,GRASS GREEN,,,,,"WATERME GRASS
14.80 OZ   GREEN",,,,,,,,,GRASS GREEN,,,,"GRASS
GREEN",,,GRASS GREEN,,,,,,,,,,,,,
"SUPER
150.00                 SUPERFOO",,,,,,,,,,,,,,,,,,GREEN  SUPERFOO 14.80 OZ   SUPER  SUPERFOO,,,,,,,,,,,,,,,,,,,,,,,,,SUPER,,,,,,,SUPER  SUPERFOO,,,,,,,,,,,,,,,,,,,,
0.28,,,,,,,,,,,,,SUPER,,,,,,,,,,,,0.25,,,,,,,,,,,"&       SUPERFOO
ALKALI",,,,,,,,,,,,,,,,,,,,,,,,,,,,,,,,,,
"Shelf 5:  Height 0' 7.50"", Length 4' 0.00"", Depth 1' 1.00""",,,,,,,,,,,,,,,,,,,,,,,,,,,,,,,,,,,,,,,,,,,,,,,,,,,,,,,,,,,,,,,,,,,,,,
"0082983500
AMAZING",,,,,,,,,,,,,,,"0082983500
AMAZING",,,,,,,,,,,,,,,,,,,,,,,,,,,,,,,,,,,,,,,,,,,,,,,,,,,,,,,
008298359,,,,,,,,,,,"GRASS
GREEN",,,,"008298  008298359
AMAZIN",,,,,,,"GRASS
GREEN",,,,,"008298  00829835000082983500008298350
AMAZIN                                                            008298350",,,,,,,,,,,,,,,,,,,,,,,,,,,,,,,,,,,,,,,,,,,
AMAZING  SUPERFOO,,,,,,,,,,,,,,,,AMAZING  SUPERFOO,,,,,,,,,,,,AMAZING    AMAZING   AMAZING   AMAZING  0082983 0082983 0082983 0082983,,,,,,,,,,,,,,,,,,,,,,,,,,,,,,,,,,,,,,,,,,
GRASS GREEN,,,,,,,,,,,"17.00 OZ   GRASS
GREEN",,,,,,,GRASS GREEN,,,,"17.00 OZ   GRASS
GREEN",,,,,,,,GRASS GREEN,,,,GRASS GREEN,,,,GRASS GREEN,,,,,"GRASS    AMAZIN  AMAZIN  AMAZIN  AMAZIN
 GRASS   GRASS   GRASS   GRASS",,,,,,,,,,,,,,,,,,,,,,,,,,,
SUPERFOO,,,,,,,,,,,,"SUPER  SUPERFOO
0.28",,,,,,,,,,,"SUPER  SUPERFOOSUPERFOOSUPERFO
40000",,,,,,,,,,,,,,,,,,,,,"GREEN
SUPERFO",,,,,GREEN  GREEN  GREEN  GREEN,,,,,,,,,,,,,,,,,,,,,
"Shelf 4:  Height 0' 7.50"", Length 4' 0.00"", Depth 1' 1.00""",,,,,,,,,,,,,,,,,,,,,,,,,,,,,,,,,,,,,00803813010650080000000000,,,,,,,,,,,,,,,,,,,SUNFOOD,,,,,,,,,,,,,,
SUNFOOD,,,,,,,,,,,,,,,,,,,,,,,,,,,,,,,,,,,,,,,,,,,,,,,,,,SUNFOOD,,,,,SUPERFOODS,,,,,,,,,,,,,,,
008565410,,,,,,,,,,,,,,,,,,,,,,,,,,,,,,,,,,SUPERFOODS SUPERFOODS,,,,,,,,,,,,,,,,,,,,,SUN IS,,,,,,,,,,,,,,,
"0060194477803
PARADISE",,,,,,,,,,,,,006019447777 00856541,,,,,,,,,,,,,,,,,EBOOST   006247770 006247770 YOUR      GENUINE   GENUINE,,,,,,,,,,,,,PURE SPIRULINA,,,,,,,SPIRULINA &      SHINING 8.00 CHLORELLA               OZ,,,,,,,,,,,,,,,,,,,,
HERBS ORAC    00601944 006019447    PARADISE    EBOOST    VEGGIE,,,,,,,,,,,,,,,,,,,,,,,,,,,,,,,,,,HEALTH,,,,HEALTH,,,,,CRUNCHIES,,,,,,,TABLETS,,,,,,,,,,,,,,,,,,,,
ENERGY,,,,,,,,,,,,,PARADIS PARADISE,,,,,,,,HERBS,,,,,YOUR    FIX-SPRUC,,,,,,,,GUT,,,,GUT,,,,,4.00 OZ,,,,,,,4.00 OZ,,,,,,,,,,,,,,,,,,,,
"GREENS
120.00 VCP",,,,,,,,,,,,,HERBS ORAC,,,HERBS ORAC,,,,,"ORAC
ENERGY",,,,,VEGGIE FIX-SPRU,,,,"8.25 OZ    SUPERFO  SUPERFO
UNSWTN     BERRY",,,,,,,,,,,,,,,,,,,,,,,,,,,,,,,,,,,,,,,,
ENERGY,,,,,,,,,,,,,,,,GREENS 60    0.29 OZ,,,,,,,,,,,,,,8.85 OZ,,,,,,,,POM,,,,,,,,,,,,,,,,,,,,,,,,,,,,,,,,
"Shelf 3:  Height 0' 7.50"", Length 4' 0.00"", Depth 1' 1.00""",,,,,,,,,,,,,,,,,,,,,,,,,,,,,,,,,,,,,,,,,,,,,,,,,,,,,,,,,,,,,,,,,,,,,,
0076570400765704,,,,,,,,,,,,,,,,,,,,,,,,,,,,,,,,,,,,,,,,,,,,007268,,,,,,,,"0072643
0035800 0035800 BERNAR NATURE NATURE JENSEN",,,,,,,,,,,,,,,,,,
00083800083800033 006507 006507,,,,,,,,,,,,,,,,,,,,,,,,,,,,,,,,HERBS   HERBS,,,,,,,,,,,"WORL               WAY
00358",,,,,,,,,,,,WAY,,,CHLORO,,,,,,,,,,,,
"000299180111   0002107801929   GREE  GREE             HEALT HEALT 006 00765
NATU",,,,,,,,,,,,,,,,,,,,,,,,,,,,,,,,,,,ETC,,,,ETC,,,,"00726 ORGA
NATU",,,,,,,,LIQ,,,,CHLORO LIQUID,,,,,,,,,,,,,,,
SUN,,,,,,,,,,,,SOURCE,,,,,,FOOD  FOOD            FORCEFORCESPRHERB CHLOROCHLOROWORLCHLOR           CHLORO,,,,,,,,,,,,,,,,,,,,,,,,,,,,,,,,,,,,,LIQ,,,WITH,,,,,,,,,,,,
CHLORELLA,,,,,,,,,,,,NATURALS,,,,,,CHLORCHLOR,,,,,,,CHLORCHLORCHL ETC,,,,,,,,,,,1.00,,,,MINT,,,,"ORGA   100               NATURA  MINT-1
CHLO",,,,,,,,,,,,,,MINT,,,,,,,,,,,,
SUN,,,,,,,,,,,,YAEYAMA,,,,,,500MGPOWD CHLO,,,,,,,,ALCCHLO,,,,,,,,,FOZ,,,,1.00,,,,CHLO    MG,,,,,,16.00,,,,,,16.00,,,16.00,,,,,,,,,,,,
"100.00MANNAMANNA
Shelf 2:  Height 0' 7.50"", Length 4' 0.00"", Depth 1' 1.00""",,,,,,,,,,,,,,,,,,,,,,,,,,,,,,,,,,,,,CAPS,,,,,,,,,,,,,,,,,,,,,,,,,,,,,,,,,
"000766
AMERIC",,,,,,,,,,"0065078600025
HEALTH FORCE",,,,,"000326022100
EARTHRISE",,,,,,,"0003260252008
EARTHRISE SPIRULINA",,,,,,"0003367417 0064667068
NATURE'S",,,,,,,,,,"0064667068057
SPROUTS",,,,,,,"0064667067357
SPROUTS SPIRULINA-ORG-P",,,,,,,"008598050063
ZHOU",,,,,008598050,,,,,,,,,,,,,
HEALT    SPIRULINA 5.25,,,,,,,,,,,,,,,,SPIRULINA,,,,,,POWDER 6.40,,,,,,,WAY,,,,SPROUTS,,,,,ORGANIC,,,,,,,7.90 OZ,,,,,,SPIRULINA,,,,,,ZHOU,,,,,,,,,,,,,
BLUE               OZ,,,,,,,,,,,,,,,POWDER,,,,,,,"OZ                                     ORGANIC
SPIRULINA",,,,,,,,,,,,,,,,SPIRULINA,,,,,,,180.00 TAB    SPIRULINA,,,,,,,,,,,,,,,,,,,,,,,,,
GREEN,,,,,,,,,,,,,3.20 OZ,,,,,,,,,,,,100.00,,,,,,,,SPIRULINA,,,,,500 MG,,,,,,,6.00 OZ,,,,,,,,,,,,,,,,,,,,,,,,,
"Shelf 1:  Height 0' 7.50"", Length 4' 0.00"", Depth 1' 6.00""",,,,,,,,,,,,,,,,,,,,,,,,,,,,,,,,,,,,,,,,,,,,,,,,,,,,,,,,,,,,,,,,,,,,,,
,,,,,,,,,,,,,,,,,,,,,,,,,,,,,,,,,,,,,,,,,,,,,,,,,,,,,,,,,,,,,First,,,,Product,,,,,
Positio,,UPC,,,Facings,,Brand,,,,,,Long Description,,,,,,,,,,,,,,,,,,,,,,,,,,,,,,,,,,Size,,,,,,,,,,UOM,,,,Date,,,,Width,,,,,
-----------   --------------------------------- ------------------------------------------------------------------------------------------------------------------ ------------ -------------------- ---------------,,,,,,,,,,,,,,,,,,,,,,,,,,,,,,,,,,,,,,,,,,,,,,,,,,,,,,,,,,,,,,,,,,,,,,
"Shelf: 1,   Length: 4' 0.00"",    Height: 0' 7.50"",   Depth: 1' 6.00"",   Product: 3' 11.97""",,,,,,,,,,,,,,,,,,,,,,,,,,,,,,,,,,,,,,,,,,,,,,,,,,,,,,,,,,,,,,,,,,,,,,
1,0007663002542,,,1,,AMERICAN HEALTH,,,,,,BLUE GREEN ALGAE,,,,,,,,,,,,,,,,,,,,,,,,,,,,,,,,,,120.00,,,,,,,,,,CAP,,,,Mar 20 2016 1,,,,2.52,,,,,,
2,0065078600025,,,2,,HEALTH FORCE,,,,,,SPIRULINA,,,,,,,,,,,,,,,,,,,,,,,,,,,,,,,,,,5.25,,,,,,,,,,OZ,,,,Mar 20 2016 1,,,,2.98,,,,,,
3,0003260221000,,,2,,EARTHRISE,,,,,,SPIRULINA POWDER,,,,,,,,,,,,,,,,,,,,,,,,,,,,,,,,,,3.20,,,,,,,,,,OZ,,,,Mar 20 2016 1,,,,2.41,,,,,,
4,0003260252008,,,2,,EARTHRISE,,,,,,SPIRULINA POWDER,,,,,,,,,,,,,,,,,,,,,,,,,,,,,,,,,,6.40,,,,,,,,,,OZ,,,,Mar 20 2016 1,,,,2.96,,,,,,
5,0003367417200,,,2,,NATURE'S WAY,,,,,,SPIRULINA,,,,,,,,,,,,,,,,,,,,,,,,,,,,,,,,,,100.00,,,,,,,,,,VCP,,,,Mar 20 2016 1,,,,2.01,,,,,,
6,0064667068056,,,2,,SPROUTS,,,,,,ORGANIC SPIRULINA 500 MG,,,,,,,,,,,,,,,,,,,,,,,,,,,,,,,,,,100.00,,,,,,,,,,VTB,,,,Mar 20 2016 1,,,,2.00,,,,,,
7,0064667068057,,,2,,SPROUTS,,,,,,ORGANIC SPIRULINA 500 MG,,,,,,,,,,,,,,,,,,,,,,,,,,,,,,,,,,250.00,,,,,,,,,,VTB,,,,Mar 20 2016 1,,,,2.50,,,,,,
8,0064667067357,,,2,,SPROUTS,,,,,,SPIRULINA-ORG-POWDER,,,,,,,,,,,,,,,,,,,,,,,,,,,,,,,,,,7.90,,,,,,,,,,OZ,,,,,,,,3.00,,,,,,
9,0085980500633,,,2,,ZHOU,,,,,,SPIRULINA,,,,,,,,,,,,,,,,,,,,,,,,,,,,,,,,,,180.00,,,,,,,,,,TAB,,,,,,,,2.32,,,,,,
10,0085980500632,,,1,,ZHOU,,,,,,SPIRULINA-POWDER,,,,,,,,,,,,,,,,,,,,,,,,,,,,,,,,,,6.00,,,,,,,,,,OZ,,,,,,,,3.65,,,,,,
,,,,---------------,,,,,,,,,,,,,,,,,,,,,,,,,,,,,,,,,,,,,,,,,,,,,,,,,,,,,,,,,,,,,,,,,,
Totals:,,,,18,,,,,,,,,,,,,,,,,,,,,,,,,,,,,,,,,,,,,,,,,,,,,,,,,,,,,,,,,,,,,,,,,,
"Shelf: 2,   Length: 4' 0.00"",    Height: 0' 7.50"",   Depth: 1' 1.00"",   Product: 3' 11.84""",,,,,,,,,,,,,,,,,,,,,,,,,,,,,,,,,,,,,,,,,,,,,,,,,,,,,,,,,,,,,,,,,,,,,,
1,0002991801111,,,1,,SUN CHLORELLA,,,,,,SUN CHLORELLA TABLETS 200 MG,,,,,,,,,,,,,,,,,,,,,,,,,,,,,,,,,,300.00,,,,,,,,,,TAB,,,,Mar 20 2016 1,,,,4.75,,,,,,
2,0002107801929,,,1,,SOURCE NATURALS,,,,,,YAEYAMA CHLORELLA 200 MG,,,,,,,,,,,,,,,,,,,,,,,,,,,,,,,,,,300.00,,,,,,,,,,TAB,,,,Mar 20 2016 1,,,,6.00,,,,,,
3,0008385120415,,,1,,GREEN FOODS,,,,,,CHLORELLA 500MG-ORGANIC,,,,,,,,,,,,,,,,,,,,,,,,,,,,,,,,,,120.00,,,,,,,,,,TAB,,,,Mar 20 2016 1,,,,2.30,,,,,,
4,0008385120418,,,1,,GREEN FOODS,,,,,,CHLORELLA POWDER-ORGANIC,,,,,,,,,,,,,,,,,,,,,,,,,,,,,,,,,,2.10,,,,,,,,,,OZ,,,,Mar 20 2016 1,,,,2.30,,,,,,
5,0003367411850,,,1,,NATURE'S WAY,,,,,,CHLORELLA,,,,,,,,,,,,,,,,,,,,,,,,,,,,,,,,,,100.00,,,,,,,,,,VCP,,,,Mar 20 2016 1,,,,2.01,,,,,,
6,0065078600073,,,1,,HEALTH FORCE,,,,,,CHLORELLA MANNA 400 TABLETS,,,,,,,,,,,,,,,,,,,,,,,,,,,,,,,,,,400.00,,,,,,,,,,TAB,,,,Mar 20 2016 1,,,,2.44,,,,,,
7,0065078600074,,,1,,HEALTH FORCE,,,,,,CHLORELLA MANNA 100 GRAMS,,,,,,,,,,,,,,,,,,,,,,,,,,,,,,,,,,3.53,,,,,,,,,,OZ,,,,Mar 20 2016 1,,,,2.44,,,,,,
8,0064667062020,,,1,,SPROUTS,,,,,,CHLOROPHYLL ALCOHOL FREE,,,,,,,,,,,,,,,,,,,,,,,,,,,,,,,,,,1.00,,,,,,,,,,FOZ,,,,Mar 20 2016 1,,,,1.30,,,,,,
9,0076570451926,,,1,,HERBS ETC,,,,,,CHLOROXYGEN CHLOROPHYLL CONCENTRATE,,,,,,,,,,,,,,,,,,,,,,,,,,,,,,,,,,60.00,,,,,,,,,,SG,,,,Mar 20 2016 1,,,,2.00,,,,,,
10,0076570431901,,,1,,HERBS ETC,,,,,,CHLOROXYGEN,,,,,,,,,,,,,,,,,,,,,,,,,,,,,,,,,,1.00,,,,,,,,,,FOZ,,,,Mar 20 2016 1,,,,3.00,,,,,,
11,0076570431921,,,1,,HERBS ETC,,,,,,CHLOROXYGEN MINT,,,,,,,,,,,,,,,,,,,,,,,,,,,,,,,,,,1.00,,,,,,,,,,FOZ,,,,Mar 20 2016 1,,,,3.00,,,,,,
12,0072689959047,,,1,,WORLD ORGANICS,,,,,,CHLOROPHYLL 60 MG,,,,,,,,,,,,,,,,,,,,,,,,,,,,,,,,,,100.00,,,,,,,,,,CAP,,,,Mar 20 2016 1,,,,2.07,,,,,,
13,0072689959002,,,1,,WORLD ORGANICS,,,,,,CHLOROPHYLL 100 MG,,,,,,,,,,,,,,,,,,,,,,,,,,,,,,,,,,8.00,,,,,,,,,,OZ,,,,Mar 20 2016 1,,,,2.38,,,,,,
14,0035800803550,,,1,,NATURE'S WAY,,,,,,CHLOROFRESH-90 CAPS,,,,,,,,,,,,,,,,,,,,,,,,,,,,,,,,,,90.00,,,,,,,,,,SG,,,,Mar 20 2016 1,,,,2.05,,,,,,
15,0035800803502,,,1,,NATURE'S WAY,,,,,,LIQ CHLOROFRESH NATURAL,,,,,,,,,,,,,,,,,,,,,,,,,,,,,,,,,,16.00,,,,,,,,,,FOZ,,,,Mar 20 2016 1,,,,2.91,,,,,,
16,0035800803501,,,1,,NATURE'S WAY,,,,,,CHLOROFRESH LIQ MINT-1,,,,,,,,,,,,,,,,,,,,,,,,,,,,,,,,,,16.00,,,,,,,,,,FOZ,,,,Mar 20 2016 1,,,,2.91,,,,,,
17,0072643410312,,,1,,BERNARD JENSEN,,,,,,CHLOROPHYLL LIQUID WITH MINT,,,,,,,,,,,,,,,,,,,,,,,,,,,,,,,,,,16.00,,,,,,,,,,FOZ,,,,Mar 20 2016 1,,,,2.96,,,,,,
,,,,---------------,,,,,,,,,,,,,,,,,,,,,,,,,,,,,,,,,,,,,,,,,,,,,,,,,,,,,,,,,,,,,,,,,,
Totals:,,,,17,,,,,,,,,,,,,,,,,,,,,,,,,,,,,,,,,,,,,,,,,,,,,,,,,,,,,,,,,,,,,,,,,,
"Shelf: 3,   Length: 4' 0.00"",    Height: 0' 7.50"",   Depth: 1' 1.00"",   Product: 4' 0.00""",,,,,,,,,,,,,,,,,,,,,,,,,,,,,,,,,,,,,,,,,,,,,,,,,,,,,,,,,,,,,,,,,,,,,,
Positio,,,UPC,,Facings,,,,Brand,,,,,,,,Long Description,,,,,,,,,,,,,,,,,,,,,,,,,,,,,,,Size,,,,,,,,,,UOM,,,,,Date,,Width,,,,,
-----------   --------------------------------- ------------------------------------------------------------------------------------------------------------------ ------------ -------------------- ---------------,,,,,,,,,,,,,,,,,,,,,,,,,,,,,,,,,,,,,,,,,,,,,,,,,,,,,,,,,,,,,,,,,,,,,,
1,0060194477803,,,2,,PARADISE HERBS,,,,,,ORAC ENERGY GREENS,,,,,,,,,,,,,,,,,,,,,,,,,,,,,,,,,,120.00,,,,,,,,,,VCP,,,,Jul  3 2016 1,,,,2.89,,,,,,
2,0060194477780,,,1,,PARADISE HERBS,,,,,,ORAC ENERGY GREENS SINGLE,,,,,,,,,,,,,,,,,,,,,,,,,,,,,,,,,,0.20,,,,,,,,,,OZ,,,,Jul  3 2016 1,,,,2.95,,,,,,
3,0060194477779,,,1,,PARADISE HERBS,,,,,,ORAC ENERGY GREENS,,,,,,,,,,,,,,,,,,,,,,,,,,,,,,,,,,3.20,,,,,,,,,,PK,,,,Jul  3 2016 1,,,,3.20,,,,,,
4,0060194477777,,,1,,PARADISE HERBS,,,,,,ORAC ENERGY GREENS,,,,,,,,,,,,,,,,,,,,,,,,,,,,,,,,,,6.40,,,,,,,,,,OZ,,,,Jul  3 2016 1,,,,3.67,,,,,,
5,0060194477778,,,1,,PARADISE HERBS,,,,,,ORAC ENERGY GREENS 60 SERVINGS,,,,,,,,,,,,,,,,,,,,,,,,,,,,,,,,,,12.80,,,,,,,,,,OZ,,,,Jul  3 2016 1,,,,4.78,,,,,,
6,0085654100256,,,1,,EBOOST,,,,,,YOUR VEGGIE FIX-SPRUCE-PKT,,,,,,,,,,,,,,,,,,,,,,,,,,,,,,,,,,0.29,,,,,,,,,,OZ,,,,,,,,2.95,,,,,,
7,0085654100255,,,1,,EBOOST,,,,,,YOUR VEGGIE FIX-SPRUCE-BOX,,,,,,,,,,,,,,,,,,,,,,,,,,,,,,,,,,4.10,,,,,,,,,,OZ,,,,,,,,3.06,,,,,,
8,0085654100241,,,1,,EBOOST,,,,,,YOUR VEGGIE FIX-SPRUCE-TUB,,,,,,,,,,,,,,,,,,,,,,,,,,,,,,,,,,8.25,,,,,,,,,,OZ,,,,,,,,3.69,,,,,,
9,0062477700945,,,1,,GENUINE HEALTH,,,,,,GUT SUPERFOODS-ORG-UNFLAVORED UNSWTN,,,,,,,,,,,,,,,,,,,,,,,,,,,,,,,,,,8.85,,,,,,,,,,OZ,,,,,,,,3.68,,,,,,
10,0062477700947,,,1,,GENUINE HEALTH,,,,,,GUT SUPERFOODS-ORG-SUMMER BERRY POM,,,,,,,,,,,,,,,,,,,,,,,,,,,,,,,,,,10.50,,,,,,,,,,OZ,,,,,,,,3.68,,,,,,
11,0080381301065,,,1,,SUNFOOD SUPERFOODS,,,,,,PURE SPIRULINA CRUNCHIES,,,,,,,,,,,,,,,,,,,,,,,,,,,,,,,,,,4.00,,,,,,,,,,OZ,,,,Mar 20 2016 1,,,,5.00,,,,,,
12,0080381310076,,,1,,SUNFOOD SUPERFOODS,,,,,,SPIRULINA & CHLORELLA TABLETS,,,,,,,,,,,,,,,,,,,,,,,,,,,,,,,,,,4.00,,,,,,,,,,OZ,,,,May 15 2016 1,,,,5.00,,,,,,
13,0080381328434,,,1,,SUNFOOD SUPERFOODS,,,,,,SUN IS SHINING,,,,,,,,,,,,,,,,,,,,,,,,,,,,,,,,,,8.00,,,,,,,,,,OZ,,,,Jul  3 2016 1,,,,5.88,,,,,,
,,,,---------------,,,,,,,,,,,,,,,,,,,,,,,,,,,,,,,,,,,,,,,,,,,,,,,,,,,,,,,,,,,,,,,,,,
Totals:,,,,14,,,,,,,,,,,,,,,,,,,,,,,,,,,,,,,,,,,,,,,,,,,,,,,,,,,,,,,,,,,,,,,,,,
"Shelf: 4,   Length: 4' 0.00"",    Height: 0' 7.50"",   Depth: 1' 1.00"",   Product: 3' 11.85""",,,,,,,,,,,,,,,,,,,,,,,,,,,,,,,,,,,,,,,,,,,,,,,,,,,,,,,,,,,,,,,,,,,,,,
1,0082983593700,,,1,,AMAZING GRASS,,,,,,GREEN SUPERFOOD-BERRY,,,,,,,,,,,,,,,,,,,,,,,,,,,,,,,,,,8.50,,,,,,,,,,OZ,,,,Jul  3 2016 1,,,,3.74,,,,,,
2,0082983500028,,,1,,AMAZING GRASS,,,,,,GREEN SUPERFOOD-BERRY,,,,,,,,,,,,,,,,,,,,,,,,,,,,,,,,,,17.00,,,,,,,,,,OZ,,,,Jul  3 2016 1,,,,3.75,,,,,,
3,0082983593501,,,1,,AMAZING GRASS,,,,,,GREEN SUPERFOOD-CHOCOLATE,,,,,,,,,,,,,,,,,,,,,,,,,,,,,,,,,,0.28,,,,,,,,,,OZ,,,,Jul  3 2016 1,,,,1.30,,,,,,
4,0082983593500,,,1,,AMAZING GRASS,,,,,,GREEN SUPERFOOD-CHOCOLATE 15PK,,,,,,,,,,,,,,,,,,,,,,,,,,,,,,,,,,4.23,,,,,,,,,,OZ,,,,Jul  3 2016 1,,,,2.54,,,,,,
5,0082983593300,,,1,,AMAZING GRASS,,,,,,GREEN SUPERFOOD-CHOCOLATE,,,,,,,,,,,,,,,,,,,,,,,,,,,,,,,,,,8.50,,,,,,,,,,OZ,,,,Jul  3 2016 1,,,,3.74,,,,,,
6,0082983500012,,,1,,AMAZING GRASS,,,,,,GREEN SUPERFOOD-CHOCOLATE,,,,,,,,,,,,,,,,,,,,,,,,,,,,,,,,,,17.00,,,,,,,,,,OZ,,,,Jul  3 2016 1,,,,3.75,,,,,,
7,0082983500081,,,1,,AMAZING GRASS,,,,,,GREEN SUPERFOOD 40000 ORAC SINGLE,,,,,,,,,,,,,,,,,,,,,,,,,,,,,,,,,,0.24,,,,,,,,,,OZ,,,,Jul  3 2016 1,,,,1.30,,,,,,
8,0082983500080,,,1,,AMAZING GRASS,,,,,,GREEN SUPERFOOD 40000 ORAC,,,,,,,,,,,,,,,,,,,,,,,,,,,,,,,,,,3.70,,,,,,,,,,OZ,,,,Jul  3 2016 1,,,,2.54,,,,,,
9,0082983500079,,,1,,AMAZING GRASS,,,,,,GREEN SUPERFOOD 40000 ORAC,,,,,,,,,,,,,,,,,,,,,,,,,,,,,,,,,,7.40,,,,,,,,,,OZ,,,,Jul  3 2016 1,,,,3.74,,,,,,
10,0082983500169,,,1,,AMAZING GRASS,,,,,,GREEN SUPERFOOD-IMMUNITY-TANGERINE,,,,,,,,,,,,,,,,,,,,,,,,,,,,,,,,,,7.40,,,,,,,,,,OZ,,,,Jul  3 2016 1,,,,3.74,,,,,,
11,0082983500115,,,1,,AMAZING GRASS,,,,,,GREEN SUPERFOOD-PINEAPPLE LEMONGRASS,,,,,,,,,,,,,,,,,,,,,,,,,,,,,,,,,,7.40,,,,,,,,,,OZ,,,,Jul  3 2016 1,,,,3.63,,,,,,
12,0082983500078,,,1,,AMAZING GRASS,,,,,,GREEN SUPERFOOD RAW RESERVE-ORG,,,,,,,,,,,,,,,,,,,,,,,,,,,,,,,,,,8.50,,,,,,,,,,OZ,,,,Jul  3 2016 1,,,,3.66,,,,,,
13,0082983500546,,,1,,AMAZING GRASS,,,,,,GREEN SUPERFD-EFFERVESCNT-LMN LIME,,,,,,,,,,,,,,,,,,,,,,,,,,,,,,,,,,10.00,,,,,,,,,,TAB,,,,,,,,2.81,,,,,,
14,0082983500547,,,1,,AMAZING GRASS,,,,,,GREEN SUPERFD-EFFERVESCNT-BERRY,,,,,,,,,,,,,,,,,,,,,,,,,,,,,,,,,,10.00,,,,,,,,,,TAB,,,,,,,,2.81,,,,,,
15,0082983500653,,,1,,AMAZING GRASS,,,,,,GREEN SUPERFOOD-ENERGY-TROPICAL,,,,,,,,,,,,,,,,,,,,,,,,,,,,,,,,,,10.00,,,,,,,,,,TAB,,,,,,,,2.81,,,,,,
16,0082983500658,,,1,,AMAZING GRASS,,,,,,GREEN SUPERFOOD-HYDRATE-WTRLML LIME,,,,,,,,,,,,,,,,,,,,,,,,,,,,,,,,,,10.00,,,,,,,,,,TAB,,,,,,,,2.81,,,,,,
,,,,---------------,,,,,,,,,,,,,,,,,,,,,,,,,,,,,,,,,,,,,,,,,,,,,,,,,,,,,,,,,,,,,,,,,,
Totals:,,,,16,,,,,,,,,,,,,,,,,,,,,,,,,,,,,,,,,,,,,,,,,,,,,,,,,,,,,,,,,,,,,,,,,,
"Shelf: 5,   Length: 4' 0.00"",    Height: 0' 7.50"",   Depth: 1' 1.00"",   Product: 3' 11.97""",,,,,,,,,,,,,,,,,,,,,,,,,,,,,,,,,,,,,,,,,,,,,,,,,,,,,,,,,,,,,,,,,,,,,,
1,0082983593200,1,,,,,,,,AMAZING GRASS,,,,,GREEN SUPERFOOD-ORIGINAL,,,,,,,,,,,,,,,,,,,,,,,,,,,,,,150.00,,,,,,,,,,,,,,,,CAP,,,Jul  3 2016 1,,,,2.80,,,,
Positio,,,UPC,,Facings,,,,Brand,,,,,,,,Long Description,,,,,,,,,,,,,,,,,,,,,,,,,,,,,,,Size,,,,,,,,,,UOM,,,,,Date,,Width,,,,,
-----------   --------------------------------- ------------------------------------------------------------------------------------------------------------------ ------------ -------------------- ---------------,,,,,,,,,,,,,,,,,,,,,,,,,,,,,,,,,,,,,,,,,,,,,,,,,,,,,,,,,,,,,,,,,,,,,,
2,0082983593032,,,1,,AMAZING GRASS,,,,,,GREEN SUPERFOOD-ORIGINAL,,,,,,,,,,,,,,,,,,,,,,,,,,,,,,,,,,0.28,,,,,,,,,,OZ,,,,Jul  3 2016 1,,,,1.30,,,,,,
3,0082983593035,,,1,,AMAZING GRASS,,,,,,GREEN SUPERFOOD-ORIGINAL,,,,,,,,,,,,,,,,,,,,,,,,,,,,,,,,,,4.23,,,,,,,,,,OZ,,,,Jul  3 2016 1,,,,2.54,,,,,,
4,0082983593100,,,1,,AMAZING GRASS,,,,,,GREEN SUPERFOOD-ORIGINAL,,,,,,,,,,,,,,,,,,,,,,,,,,,,,,,,,,8.50,,,,,,,,,,OZ,,,,Jul  3 2016 1,,,,3.74,,,,,,
5,0082983593400,,,1,,AMAZING GRASS,,,,,,GREEN SUPERFOOD-ORIGINAL,,,,,,,,,,,,,,,,,,,,,,,,,,,,,,,,,,17.00,,,,,,,,,,OZ,,,,Jul  3 2016 1,,,,3.75,,,,,,
6,0082983500044,,,1,,AMAZING GRASS,,,,,,ORGANIC GREEN SUPERFOOD POWDER PKT,,,,,,,,,,,,,,,,,,,,,,,,,,,,,,,,,,0.24,,,,,,,,,,OZ,,,,Jul  3 2016 1,,,,1.30,,,,,,
7,0082983500043,,,1,,AMAZING GRASS,,,,,,GREEN SUPERFOOD LEMON LIME ENERGY,,,,,,,,,,,,,,,,,,,,,,,,,,,,,,,,,,3.70,,,,,,,,,,OZ,,,,Jul  3 2016 1,,,,2.54,,,,,,
8,0082983500042,,,1,,AMAZING GRASS,,,,,,GREEN SUPERFOOD-LEMON LIME-ORG,,,,,,,,,,,,,,,,,,,,,,,,,,,,,,,,,,7.40,,,,,,,,,,OZ,,,,Jul  3 2016 1,,,,3.74,,,,,,
9,0082983500111,,,1,,AMAZING GRASS,,,,,,GREEN SUPERFOOD-ENERGY LEMON LIME,,,,,,,,,,,,,,,,,,,,,,,,,,,,,,,,,,14.80,,,,,,,,,,OZ,,,,Jul  3 2016 1,,,,3.75,,,,,,
10,0082983500165,,,1,,AMAZING GRASS,,,,,,GREEN SUPERFOOD-ENERGY-WATERMELON-SG,,,,,,,,,,,,,,,,,,,,,,,,,,,,,,,,,,0.25,,,,,,,,,,OZ,,,,Jul  3 2016 1,,,,1.30,,,,,,
11,0082983500167,,,1,,AMAZING GRASS,,,,,,GREEN SUPERFOOD-ENERGY-WATERMELON-BX,,,,,,,,,,,,,,,,,,,,,,,,,,,,,,,,,,3.70,,,,,,,,,,OZ,,,,Jul  3 2016 1,,,,2.54,,,,,,
12,0082983500166,,,1,,AMAZING GRASS,,,,,,GREEN SUPERFOOD-ENERGY-WATERMELON,,,,,,,,,,,,,,,,,,,,,,,,,,,,,,,,,,7.40,,,,,,,,,,OZ,,,,Jul  3 2016 1,,,,3.74,,,,,,
13,0082983500408,,,1,,AMAZING GRASS,,,,,,GREEN SUPERFOOD-ENERGY WATERMELON,,,,,,,,,,,,,,,,,,,,,,,,,,,,,,,,,,14.80,,,,,,,,,,OZ,,,,Jul  3 2016 1,,,,3.75,,,,,,
14,0082983500478,,,1,,AMAZING GRASS,,,,,,GREEN SUPERFOOD-DETOX & DIGEST PKT,,,,,,,,,,,,,,,,,,,,,,,,,,,,,,,,,,0.25,,,,,,,,,,OZ,,,,Jul  3 2016 1,,,,1.30,,,,,,
15,0082983500477,,,1,,AMAZING GRASS,,,,,,GREEN SUPERFOOD-DETOX & DIGEST PK,,,,,,,,,,,,,,,,,,,,,,,,,,,,,,,,,,3.70,,,,,,,,,,OZ,,,,Jul  3 2016 1,,,,2.54,,,,,,
16,0082983500473,,,1,,AMAZING GRASS,,,,,,GREEN SUPERFOOD DETOX & DIGEST,,,,,,,,,,,,,,,,,,,,,,,,,,,,,,,,,,7.40,,,,,,,,,,OZ,,,,Jul  3 2016 1,,,,3.74,,,,,,
17,0082983500359,,,1,,AMAZING GRASS,,,,,,GREEN SUPERFOOD- ALKALIZE DETOX-SGL,,,,,,,,,,,,,,,,,,,,,,,,,,,,,,,,,,0.28,,,,,,,,,,OZ,,,,Jul  3 2016 1,,,,1.30,,,,,,
18,0082983500355,,,1,,AMAZING GRASS,,,,,,GREEN SUPERFOOD ALKALIZE BOX,,,,,,,,,,,,,,,,,,,,,,,,,,,,,,,,,,4.28,,,,,,,,,,OZ,,,,Jul  3 2016 1,,,,2.54,,,,,,
19,0082983500350,,,1,,AMAZING GRASS,,,,,,GREEN SUPERFOOD ALKALIZE DETOX,,,,,,,,,,,,,,,,,,,,,,,,,,,,,,,,,,8.50,,,,,,,,,,OZ,,,,Jul  3 2016 1,,,,3.74,,,,,,
,,,,---------------,,,,,,,,,,,,,,,,,,,,,,,,,,,,,,,,,,,,,,,,,,,,,,,,,,,,,,,,,,,,,,,,,,
Totals:,,,,19,,,,,,,,,,,,,,,,,,,,,,,,,,,,,,,,,,,,,,,,,,,,,,,,,,,,,,,,,,,,,,,,,,
"Shelf: 6,   Length: 4' 0.00"",    Height: 0' 7.50"",   Depth: 1' 1.00"",   Product: 3' 11.94""",,,,,,,,,,,,,,,,,,,,,,,,,,,,,,,,,,,,,,,,,,,,,,,,,,,,,,,,,,,,,,,,,,,,,,
1,0065801011406,,,2,,GARDEN OF LIFE,,,,,,PERFECT FOOD-RAW,,,,,,,,,,,,,,,,,,,,,,,,,,,,,,,,,,240.00,,,,,,,,,,CAP,,,,Jul  3 2016 1,,,,3.02,,,,,,
2,0065801011557,,,1,,GARDEN OF LIFE,,,,,,PERFECT FOOD RAW PACKET,,,,,,,,,,,,,,,,,,,,,,,,,,,,,,,,,,0.28,,,,,,,,,,OZ,,,,Jul  3 2016 1,,,,3.95,,,,,,
3,0065801011556,,,1,,GARDEN OF LIFE,,,,,,PERFECT FOOD-RAW 15PK,,,,,,,,,,,,,,,,,,,,,,,,,,,,,,,,,,15.00,,,,,,,,,,PK,,,,Jul  3 2016 1,,,,4.05,,,,,,
4,0065801011405,,,1,,GARDEN OF LIFE,,,,,,PERFECT FOOD-ORG-RAW,,,,,,,,,,,,,,,,,,,,,,,,,,,,,,,,,,7.40,,,,,,,,,,OZ,,,,Jul  3 2016 1,,,,3.70,,,,,,
5,0065801011708,,,1,,GARDEN OF LIFE,,,,,,PERFECT FOOD RAW ORG GRN SUPER FOOD,,,,,,,,,,,,,,,,,,,,,,,,,,,,,,,,,,14.80,,,,,,,,,,OZ,,,,Jul  3 2016 1,,,,5.00,,,,,,
6,0065801011595,,,1,,GARDEN OF LIFE,,,,,,ORG PERFECT FOOD RAW CHOCOLATE CACAO,,,,,,,,,,,,,,,,,,,,,,,,,,,,,,,,,,11.90,,,,,,,,,,OZ,,,,Jul  3 2016 1,,,,3.70,,,,,,
7,0065801011624,,,1,,GARDEN OF LIFE,,,,,,PERFECT FOOD RAW ORG APPLE POWDER,,,,,,,,,,,,,,,,,,,,,,,,,,,,,,,,,,8.30,,,,,,,,,,OZ,,,,Jul  3 2016 1,,,,3.70,,,,,,
8,0065801011714,,,1,,GARDEN OF LIFE,,,,,,PERFECT FOOD ALKALIZER & DETOXIFIER,,,,,,,,,,,,,,,,,,,,,,,,,,,,,,,,,,10.10,,,,,,,,,,OZ,,,,Jul  3 2016 1,,,,3.70,,,,,,
9,0065801011715,,,1,,GARDEN OF LIFE,,,,,,PERFECT FOOD ENERGIZER RAW SUPERFOOD,,,,,,,,,,,,,,,,,,,,,,,,,,,,,,,,,,9.80,,,,,,,,,,OZ,,,,Jul  3 2016 1,,,,3.70,,,,,,
10,0065801011116,,,1,,GARDEN OF LIFE,,,,,,PERFECT FOOD GREEN LABEL,,,,,,,,,,,,,,,,,,,,,,,,,,,,,,,,,,150.00,,,,,,,,,,CAP,,,,Jul  3 2016 1,,,,2.90,,,,,,
11,0065801011128,,,1,,GARDEN OF LIFE,,,,,,PERFECT FOOD GREEN LABEL,,,,,,,,,,,,,,,,,,,,,,,,,,,,,,,,,,10.58,,,,,,,,,,OZ,,,,Jul  3 2016 1,,,,4.08,,,,,,
12,0085177000395,,,1,,ORGAIN,,,,,,SUPERFOODS-ORG-ORIGINAL,,,,,,,,,,,,,,,,,,,,,,,,,,,,,,,,,,0.62,,,,,,,,,,LB,,,,Jul  3 2016 1,,,,3.68,,,,,,
13,0085177000396,,,1,,ORGAIN,,,,,,SUPERFOODS-ORG-BERRY,,,,,,,,,,,,,,,,,,,,,,,,,,,,,,,,,,0.62,,,,,,,,,,LB,,,,Jul  3 2016 1,,,,3.68,,,,,,
,,,,---------------,,,,,,,,,,,,,,,,,,,,,,,,,,,,,,,,,,,,,,,,,,,,,,,,,,,,,,,,,,,,,,,,,,
Totals:,,,,14,,,,,,,,,,,,,,,,,,,,,,,,,,,,,,,,,,,,,,,,,,,,,,,,,,,,,,,,,,,,,,,,,,
Positio,,,UPC,,Facings,,,,Brand,,,,,,,,Long Description,,,,,,,,,,,,,,,,,,,,,,,,,,,,,,,Size,,,,,,,,,,UOM,,,,,Date,,Width,,,,,
-----------   --------------------------------- ------------------------------------------------------------------------------------------------------------------ ------------ -------------------- ---------------,,,,,,,,,,,,,,,,,,,,,,,,,,,,,,,,,,,,,,,,,,,,,,,,,,,,,,,,,,,,,,,,,,,,,,
"Shelf: 7,   Length: 4' 0.00"",    Height: 1' 0.00"",   Depth: 1' 1.00"",   Product: 3' 11.90""",,,,,,,,,,,,,,,,,,,,,,,,,,,,,,,,,,,,,,,,,,,,,,,,,,,,,,,,,,,,,,,,,,,,,,
1,0007430680002,,,1,,VIBRANT HEALTH,,,,,,GREEN VIBRANCE,,,,,,,,,,,,,,,,,,,,,,,,,,,,,,,,,,0.42,,,,,,,,,,OZ,,,,Jul  3 2016 1,,,,2.95,,,,,,
2,0007430680021,,,1,,VIBRANT HEALTH,,,,,,GREEN VIBRANCE,,,,,,,,,,,,,,,,,,,,,,,,,,,,,,,,,,6.26,,,,,,,,,,OZ,,,,Jul  3 2016 1,,,,3.20,,,,,,
3,0007430680057,,,1,,VIBRANT HEALTH,,,,,,GREEN VIBRANCE POWDER,,,,,,,,,,,,,,,,,,,,,,,,,,,,,,,,,,6.26,,,,,,,,,,OZ,,,,Jul  3 2016 1,,,,3.73,,,,,,
4,0007430680001,,,2,,VIBRANT HEALTH,,,,,,GREEN VIBRANCE SUPERFOOD,,,,,,,,,,,,,,,,,,,,,,,,,,,,,,,,,,12.50,,,,,,,,,,OZ,,,,Jul  3 2016 1,,,,3.65,,,,,,
5,0007430680004,,,1,,VIBRANT HEALTH,,,,,,GREEN VIBRANCE,,,,,,,,,,,,,,,,,,,,,,,,,,,,,,,,,,25.61,,,,,,,,,,OZ,,,,Jul  3 2016 1,,,,4.93,,,,,,
6,0007430680194,,,1,,VIBRANT HEALTH,,,,,,POWDER-SUPPLEMENT-CHOCO COCONUT,,,,,,,,,,,,,,,,,,,,,,,,,,,,,,,,,,13.23,,,,,,,,,,OZ,,,,,,,,3.65,,,,,,
7,0007430680193,,,1,,VIBRANT HEALTH,,,,,,POWDER-SUPPLEMENT-MATCHA TEA,,,,,,,,,,,,,,,,,,,,,,,,,,,,,,,,,,11.88,,,,,,,,,,OZ,,,,,,,,3.65,,,,,,
8,0007430680101,,,1,,VIBRANT HEALTH,,,,,,ESSENTIAL DAILY GREENS-ORNG PINAPPL,,,,,,,,,,,,,,,,,,,,,,,,,,,,,,,,,,8.47,,,,,,,,,,OZ,,,,Jul  3 2016 1,,,,3.70,,,,,,
9,0065078600343,,,1,,HEALTH FORCE,,,,,,VITALITY GREENS,,,,,,,,,,,,,,,,,,,,,,,,,,,,,,,,,,8.00,,,,,,,,,,OZ,,,,Jul  3 2016 1,,,,3.38,,,,,,
10,0065078600018,,,1,,HEALTH FORCE,,,,,,VITAMINERAL EARTH,,,,,,,,,,,,,,,,,,,,,,,,,,,,,,,,,,5.30,,,,,,,,,,OZ,,,,Jul  3 2016 1,,,,2.98,,,,,,
11,0065078600026,,,1,,HEALTH FORCE,,,,,,VITAMINERAL GREEN,,,,,,,,,,,,,,,,,,,,,,,,,,,,,,,,,,5.30,,,,,,,,,,OZ,,,,Jul  3 2016 1,,,,2.98,,,,,,
12,0065078600023,,,1,,HEALTH FORCE,,,,,,VITAMINERAL GREEN,,,,,,,,,,,,,,,,,,,,,,,,,,,,,,,,,,10.60,,,,,,,,,,OZ,,,,Jul  3 2016 1,,,,3.63,,,,,,
13,0065078600021,,,1,,HEALTH FORCE,,,,,,VITAMINERAL GREEN,,,,,,,,,,,,,,,,,,,,,,,,,,,,,,,,,,17.64,,,,,,,,,,OZ,,,,Jul  3 2016 1,,,,4.20,,,,,,
,,,,---------------,,,,,,,,,,,,,,,,,,,,,,,,,,,,,,,,,,,,,,,,,,,,,,,,,,,,,,,,,,,,,,,,,,
Totals:,,,,14,,,,,,,,,,,,,,,,,,,,,,,,,,,,,,,,,,,,,,,,,,,,,,,,,,,,,,,,,,,,,,,,,,