Project Type: Reset 09/17/2018 Buyer: Danielle Minchella x643 Analyst: Megan McDermott x322,,,,,,,,,,,,,"10/16/2018
HBA Department
30785 Hair Care-12' H-Released Option A",,,,,,,,,,,,,,,,,,,,,
"Shelf 8:  Height 1' 2.00"", Length 4' 0.00"", Depth 1' 1.00""",,,,,,,,,,,,"Shelf 15:  Height 1' 2.00"", Length 4' 0.00"", Depth 1' 1.00""",,,,,,,,,,"Shelf 22:  Height 1' 2.00"", Length 4' 0.00"", Depth 1' 1.00""",,,,,,,,,,,,
"Shelf 7:  Height 0' 7.50"", Length 4' 0.00"", Depth 1' 1.00""",,,,,,,,,,,,"Shelf 14:  Height 0' 9.50"", Length 4' 0.00"", Depth 1' 1.00""",,,,,,,,,,"Shelf 21:  Height 0' 8.50"", Length 4' 0.00"", Depth 1' 1.00""",,,,,,,,,,,,
"Shelf 6:  Height 0' 7.50"", Length 4' 0.00"", Depth 1' 1.00""",,,,,,,,,,,,,,,,,,,,,,,,,,,,,,,,,,
"Shelf 13:  Height 0' 8.50"", Length 4' 0.00"", Depth 1' 1.00""                               Shelf 20:  Height 0' 9.50"", Length 4' 0.00"", Depth 1' 1.00""",,,,,,,,,,,,,,,,,,,,,,,,,,,,,,,,,,
"Shelf 5:  Height 0' 7.50"", Length 4' 0.00"", Depth 1' 1.00""",,,,,,,,,,,,,,,,,,,,,,,,,,,,,,,,,,
"Shelf 12:  Height 0' 10.50"", Length 4' 0.00"", Depth 1' 1.00""                             Shelf 19:  Height 0' 10.50"", Length 4' 0.00"", Depth 1' 1.00""",,,,,,,,,,,,,,,,,,,,,,,,,,,,,,,,,,
"Shelf 4:  Height 0' 7.50"", Length 4' 0.00"", Depth 1' 1.00""",,,,,,,,,,,,,,,,,,,,,,,,,,,,,,,,,,
"Shelf 3:  Height 0' 6.50"", Length 4' 0.00"", Depth 1' 1.00""",,,,,,,,,,,,"Shelf 11:  Height 0' 7.50"", Length 4' 0.00"", Depth 1' 1.00""",,,,,,,,,,"Shelf 18:  Height 0' 7.50"", Length 4' 0.00"", Depth 1' 1.00""",,,,,,,,,,,,
"Shelf 2:  Height 0' 8.50"", Length 4' 0.00"", Depth 1' 1.00""",,,,,,,,,,,,"Shelf 10:  Height 0' 9.50"", Length 4' 0.00"", Depth 1' 1.00""",,,,,,,,,,"Shelf 17:  Height 0' 9.50"", Length 4' 0.00"", Depth 1' 1.00""",,,,,,,,,,,,
"Shelf 1:  Height 0' 8.50"", Length 4' 0.00"", Depth 1' 1.00""",,,,,,,,,,,,"Shelf 9:  Height 0' 9.50"", Length 4' 0.00"", Depth 1' 1.00""",,,,,,,,,,"Shelf 16:  Height 0' 9.50"", Length 4' 0.00"", Depth 1' 1.00""",,,,,,,,,,,,
"Location(s):
Notes:",,,,,,,,,,,,,,,,,,"Confidential-For Sprouts Use Only
Page 1 / 13",,,,,,,,,,,,,,,,
,,,,,,,,,,,,,,,,,,,,,,,,,,,,,,,,,,
,,,,,,,,,,,,,,,,,,,,,,,,,,,,,,,,,,
,,,,,,,,,,,,,,,,,,,,,,,,,,,,,,,,,,
,,,,,,,,,,,,,,,,,,,,,,,,,,,First,,,,Product,,,
Positio,,,UPC,,,Facings,,,,Brand,,,,,,Long Description,,,,Size,,,,UOM,,,Date,,,,Width,,,
-----------   --------------------------------- ------------------------------------------------------------------------------------------------------------------ ------------ -------------------- ---------------,,,,,,,,,,,,,,,,,,,,,,,,,,,,,,,,,,
"Shelf: 1,   Length: 4' 0.00"",    Height: 0' 8.50"",   Depth: 1' 1.00"",   Product: 3' 11.93""",,,,,,,,,,,,,,,,,,,,,,,,,,,,,,,,,,
1,0066618365213,,,,1,,,THERANEEM,,,,,,LICE & NIT KIT-TREATMENT-KIDS,,,,,1.00,,,,KIT,,,,,,4.95,,,,,
2,0066618300055,,,,1,,,THERANEEM,,,,,,SHAMPOO-SCALP THERAPY,,,,,12.00,,,,FOZ,,,,,,2.20,,,,,
3,0066618300007,,,,1,,,THERANEEM,,,,,,SHAMPOO-GENTLE FORMULA,,,,,12.00,,,,FOZ,,,,,,2.20,,,,,
4,0085829300232,,,,1,,,SEAWEED BATH CO.,,,,,,SHAMPOO-ARGAN-BALANCING-EUCALYPTUS,,,,,12.00,,,,FOZ,,,,,,2.15,,,,,
5,0085829300245,,,,1,,,SEAWEED BATH CO.,,,,,,CONDITIONER-BALANCING-EUCALYPTUS,,,,,12.00,,,,FOZ,,,,,,2.15,,,,,
6,0080918310005,,,,1,,,ORGANIC EXCELLENCE,,,,,,SHAMPOO-WILD MINT,,,,,16.00,,,,FOZ,,,,,,2.45,,,,,
7,0080918310006,,,,1,,,ORGANIC EXCELLENCE,,,,,,CONDITIONER-WILD MINT,,,,,16.00,,,,FOZ,,,,,,2.45,,,,,
8,0005498617300,,,,1,,,EARTH SCIENCE,,,,,,SHAMPOO-CERAMIDE CARE-FRAGRANCE FREE,,,,,10.00,,,,FOZ,,,,,,1.95,,,,,
9,0005498617350,,,,1,,,EARTH SCIENCE,,,,,,CONDITIONER-CERAMIDE CARE-FRAG FREE,,,,,10.00,,,,FOZ,,,,,,1.95,,,,,
10,0005498617491,,,,1,,,EARTH SCIENCE,,,,,,SHAMPOO-OLIVE & AVACADO-DP CONDITION,,,,,6.00,,,,FOZ,,,,,,2.85,,,,,
11,0005498617500,,,,1,,,EARTH SCIENCE,,,,,,MASQUE-DEEP CONDITION-OLIVE AVOCADO,,,,,6.00,,,,OZ,,,,,,2.85,,,,,
12,0003098508730,,,,1,,,DERMA-E,,,,,,SHAMPOO-SCALP RELIEF,,,,,8.00,,,,FOZ,,,,,,3.00,,,,,
13,0003098508740,,,,1,,,DERMA-E,,,,,,CONDITIONER-SCALP RELIEF,,,,,8.00,,,,FOZ,,,,,,3.00,,,,,
14,0007852210030,,,,1,,,JASON,,,,,,SHAMPOO-DANDRUFF RELIEF,,,,,12.00,,,,FOZ,,,,,,3.00,,,,,
15,0007852210029,,,,1,,,JASON,,,,,,SHAMPOO & CONDITIONER-DANDRUFF RELF,,,,,12.00,,,,FOZ,,,,,,3.00,,,,,
16,0007852200064,,,,1,,,JASON,,,,,,STYLING GEL-HI SHINE,,,,,6.00,,,,OZ,,,,,,2.90,,,,,
17,0007852200046,,,,1,,,JASON,,,,,,HAIR SPRAY-THIN OR THICK,,,,,8.00,,,,FOZ,,,,,,1.90,,,,,
18,0007852200042,,,,1,,,JASON,,,,,,SHAMPOO-THIN TO THICK,,,,,8.00,,,,FOZ,,,,,,1.90,,,,,
,,,,,---------------,,,,,,,,,,,,,,,,,,,,,,,,,,,,,
Totals:,,,,,18,,,,,,,,,,,,,,,,,,,,,,,,,,,,,
"Shelf: 2,   Length: 4' 0.00"",    Height: 0' 8.50"",   Depth: 1' 1.00"",   Product: 3' 11.93""",,,,,,,,,,,,,,,,,,,,,,,,,,,,,,,,,,
1,0007701410008,,,,1,,,LIGHT MOUNTAIN NATURAL,,,,,,HAIR COLOR-HENNA-BLACK,,,,,4.00,,,,OZ,,,,,,4.10,,,,,
2,0004934700375,,,,1,,,LIGHT MOUNTAIN NATURAL,,,,,,HAIR COLOR-HENNA-DARK BROWN,,,,,4.00,,,,OZ,,,,,,4.10,,,,,
3,0007701410003,,,,1,,,LIGHT MOUNTAIN NATURAL,,,,,,HAIR COLOR-HENNA-RED,,,,,4.00,,,,OZ,,,,,,4.10,,,,,
4,0084132010751,,,,1,,,EVERYDAY COCONUT,,,,,,OIL-COCONUT,,,,,11.00,,,,OZ,,,,,,3.65,,,,,
5,0084132010740,,,,1,,,EVERYDAY COCONUT,,,,,,SPRAY-TEXTURE-VOLUMIZING SEA SALT,,,,,12.00,,,,FOZ,,,,,,2.65,,,,,
6,0008173831371,,,,1,,,SHIKAI,,,,,,HAIR SPRAY-MAX HOLD-COLOR REFLECT,,,,,8.00,,,,OZ,,,,,,1.95,,,,,
7,0008173831361,,,,1,,,SHIKAI,,,,,,CONDITIONER-MIST & GO-COLOR REFLECT,,,,,8.00,,,,FOZ,,,,,,2.30,,,,,
8,0008173831362,,,,1,,,SHIKAI,,,,,,CONDITIONER-INTENSIVE REPAIR,,,,,5.00,,,,FOZ,,,,,,2.94,,,,,
9,0008173831353,,,,1,,,SHIKAI,,,,,,SHAMPOO-PLATINUM-COLOR REFLECT,,,,,8.00,,,,FOZ,,,,,,2.95,,,,,
10,0008173831360,,,,1,,,SHIKAI,,,,,,CONDITIONER-DAILY MOISTURE,,,,,8.00,,,,FOZ,,,,,,2.95,,,,,
11,0008173831352,,,,1,,,SHIKAI,,,,,,SHAMPOO-GOLD-COLOR REFLECT,,,,,8.00,,,,FOZ,,,,,,2.95,,,,,
12,0008173831354,,,,1,,,SHIKAI,,,,,,SHAMPOO-WARM-COLOR REFLECT,,,,,8.00,,,,FOZ,,,,,,2.95,,,,,
13,0008173831351,,,,1,,,SHIKAI,,,,,,SHAMPOO-DEEP-COLOR REFLECT,,,,,8.00,,,,FOZ,,,,,,2.95,,,,,
Positio,,,,UPC,,,Facings,,,,Brand,,,,,,Long Description,,,,Size,,,,UOM,,,Date,,,,Width,,
-----------   --------------------------------- ------------------------------------------------------------------------------------------------------------------ ------------ -------------------- ---------------,,,,,,,,,,,,,,,,,,,,,,,,,,,,,,,,,,
14,0008173830301,,,,1,,,SHIKAI,,,,,,SHAMPOO-EVERYDAY,,,,,12.00,,,,FOZ,,,,,,2.15,,,,,
15,0008173830305,,,,1,,,SHIKAI,,,,,,CONDITIONER-EVERYDAY,,,,,12.00,,,,FOZ,,,,,,2.15,,,,,
16,0008173830308,,,,1,,,SHIKAI,,,,,,SHAMPOO-TEA TREE,,,,,12.00,,,,FOZ,,,,,,2.15,,,,,
17,0008173830309,,,,1,,,SHIKAI,,,,,,CONDITIONER-TEA TREE,,,,,12.00,,,,FOZ,,,,,,2.15,,,,,
18,0008173830306,,,,1,,,SHIKAI,,,,,,SHAMPOO-HENNA GOLD HIGHLIGHTING,,,,,12.00,,,,FOZ,,,,,,2.15,,,,,
19,0008173830307,,,,1,,,SHIKAI,,,,,,CONDITIONER-HENNA GOLD HIGHLIGHTING,,,,,12.00,,,,FOZ,,,,,,2.15,,,,,
,,,,,---------------,,,,,,,,,,,,,,,,,,,,,,,,,,,,,
Totals:,,,,,19,,,,,,,,,,,,,,,,,,,,,,,,,,,,,
"Shelf: 3,   Length: 4' 0.00"",    Height: 0' 6.50"",   Depth: 1' 1.00"",   Product: 3' 11.98""",,,,,,,,,,,,,,,,,,,,,,,,,,,,,,,,,,
1,0789654472031,,,,1,,,SURYA BRASIL,,,,,,HENNA CREAM-BLACK,,,,,2.37,,,,FOZ,,,,,,2.65,,,,,
2,0789654472034,,,,1,,,SURYA BRASIL,,,,,,HENNA CREAM-CHOCOLATE,,,,,2.37,,,,FOZ,,,,,,2.65,,,,,
3,0789654472024,,,,1,,,SURYA BRASIL,,,,,,HENNA CREAM-DARK BROWN,,,,,2.37,,,,FOZ,,,,,,2.65,,,,,
4,0789654472023,,,,1,,,SURYA BRASIL,,,,,,HENNA CREAM-LIGHT BROWN,,,,,2.37,,,,FOZ,,,,,,2.65,,,,,
5,0789654472025,,,,1,,,SURYA BRASIL,,,,,,HENNA CREAM-GOLDEN BROWN,,,,,2.37,,,,FOZ,,,,,,2.65,,,,,
6,0789654472027,,,,1,,,SURYA BRASIL,,,,,,HENNA CREAM-GOLDEN BLONDE,,,,,2.37,,,,FOZ,,,,,,2.65,,,,,
7,0789654472026,,,,1,,,SURYA BRASIL,,,,,,HENNA CREAM-ASH BLONDE,,,,,2.37,,,,FOZ,,,,,,2.65,,,,,
8,0789654472030,,,,1,,,SURYA BRASIL,,,,,,HENNA CREAM-RED,,,,,2.37,,,,FOZ,,,,,,2.65,,,,,
9,0789654472033,,,,1,,,SURYA BRASIL,,,,,,HENNA CREAM-MAHOGANY,,,,,2.37,,,,FOZ,,,,,,2.65,,,,,
10,0789654472037,,,,1,,,SURYA BRASIL,,,,,,HENNA CREAM-BURGUNDY,,,,,2.37,,,,FOZ,,,,,,2.65,,,,,
11,0070432642499,,,,1,,,TINTS OF NATURE,,,,,,HENNA-CREAM-BLACK,,,,,2.46,,,,FOZ,,,,,,2.55,,,,,
12,0070432642519,,,,1,,,TINTS OF NATURE,,,,,,HENNA-CREAM-CHOCOLATE,,,,,2.46,,,,FOZ,,,,,,2.55,,,,,
13,0070432642509,,,,1,,,TINTS OF NATURE,,,,,,HENNA-CREAM-DARK BROWN,,,,,2.46,,,,FOZ,,,,,,2.55,,,,,
14,0070432642539,,,,1,,,TINTS OF NATURE,,,,,,HENNA-CREAM-LIGHT BROWN,,,,,2.46,,,,FOZ,,,,,,2.55,,,,,
15,0070432642529,,,,1,,,TINTS OF NATURE,,,,,,HENNA-CREAM-GOLDEN BROWN,,,,,2.46,,,,FOZ,,,,,,2.55,,,,,
16,0070432642579,,,,1,,,TINTS OF NATURE,,,,,,HENNA-CREAM-RED,,,,,2.46,,,,FOZ,,,,,,2.55,,,,,
17,0070432642569,,,,1,,,TINTS OF NATURE,,,,,,HENNA-CREAM-MAHOGANY RED,,,,,2.46,,,,FOZ,,,,,,2.55,,,,,
18,0070432642559,,,,1,,,TINTS OF NATURE,,,,,,HENNA-CREAM-BURGUNDY,,,,,2.46,,,,FOZ,,,,,,2.55,,,,,
,,,,,---------------,,,,,,,,,,,,,,,,,,,,,,,,,,,,,
Totals:,,,,,18,,,,,,,,,,,,,,,,,,,,,,,,,,,,,
"Shelf: 4,   Length: 4' 0.00"",    Height: 0' 7.50"",   Depth: 1' 1.00"",   Product: 3' 11.97""",,,,,,,,,,,,,,,,,,,,,,,,,,,,,,,,,,
1,0070432610010,,,,1,,,TINTS OF NATURE,,,,,,HAIR COLOUR-1N-NATURAL BLACK,,,,,4.40,,,,FOZ,,,,,,3.65,,,,,
2,0070432610020,,,,1,,,TINTS OF NATURE,,,,,,HAIR COLOUR-2N-NATURAL DARKEST BROWN,,,,,4.40,,,,FOZ,,,,,,3.65,,,,,
3,0070432610030,,,,1,,,TINTS OF NATURE,,,,,,HAIR COLOUR-3N-NATURAL DRK BROWN,,,,,4.40,,,,FOZ,,,,,,3.65,,,,,
4,0070432610040,,,,2,,,TINTS OF NATURE,,,,,,HAIR COLOUR-4N-MATURAL MED BROWN,,,,,4.40,,,,FOZ,,,,,,3.65,,,,,
5,0070432610120,,,,1,,,TINTS OF NATURE,,,,,,HAIR COLOUR-4M-MED MAHOGANY BRN,,,,,4.40,,,,FOZ,,,,,,3.65,,,,,
6,0070432610212,,,,1,,,TINTS OF NATURE,,,,,,HAIR COLOUR-4CH-RICH CHOCOLATE BRN,,,,,4.40,,,,FOZ,,,,,,3.65,,,,,
Positio,,,,UPC,,,Facings,,,,Brand,,,,,,Long Description,,,,Size,,,,UOM,,,Date,,,,Width,,
-----------   --------------------------------- ------------------------------------------------------------------------------------------------------------------ ------------ -------------------- ---------------,,,,,,,,,,,,,,,,,,,,,,,,,,,,,,,,,,
7,0070432610050,,,,1,,,TINTS OF NATURE,,,,,,HAIR COLOUR-5N-NATURAL LIGHT BROWN,,,,,4.40,,,,FOZ,,,,,,3.65,,,,,
8,0070432610100,,,,1,,,TINTS OF NATURE,,,,,,HAIR COLOUR-5D-LT GOLDEN BROWN,,,,,4.40,,,,FOZ,,,,,,3.65,,,,,
9,0070432610180,,,,1,,,TINTS OF NATURE,,,,,,HAIR COLOUR-5R-RICH COPPER BROWN,,,,,4.40,,,,FOZ,,,,,,3.65,,,,,
10,0070432610060,,,,1,,,TINTS OF NATURE,,,,,,HAIR COLOUR-6N-NATURAL DK BLONDE,,,,,4.40,,,,FOZ,,,,,,3.65,,,,,
11,0070432610070,,,,1,,,TINTS OF NATURE,,,,,,HAIR COLOUR-7N-NATURAL MED BLONDE,,,,,4.40,,,,FOZ,,,,,,3.65,,,,,
12,0070432610080,,,,1,,,TINTS OF NATURE,,,,,,HAIR COLOUR-8N-NATURAL LIGHT BLONDE,,,,,4.40,,,,FOZ,,,,,,3.65,,,,,
,,,,,---------------,,,,,,,,,,,,,,,,,,,,,,,,,,,,,
Totals:,,,,,13,,,,,,,,,,,,,,,,,,,,,,,,,,,,,
"Shelf: 5,   Length: 4' 0.00"",    Height: 0' 7.50"",   Depth: 1' 1.00"",   Product: 3' 11.97""",,,,,,,,,,,,,,,,,,,,,,,,,,,,,,,,,,
1,0066117601012,,,,1,,,NATURTINT,,,,,,HAIR COLOR-8G-SANDY GOLDEN BLONDE,,,,,1.00,,,,EA,,,,,,3.50,,,,,
2,0066117601005,,,,1,,,NATURTINT,,,,,,HAIR COLOR-7N-HAZELNUT BLONDE,,,,,1.00,,,,EA,,,,,,3.50,,,,,
3,0066117601010,,,,1,,,NATURTINT,,,,,,HAIR COLOR-6G-DARK GOLD BLONDE,,,,,1.00,,,,EA,,,,,,3.50,,,,,
4,0066117601011,,,,1,,,NATURTINT,,,,,,HAIR COLOR-7G-GOLDEN BLONDE,,,,,1.00,,,,EA,,,,,,3.50,,,,,
5,0066117601013,,,,1,,,NATURTINT,,,,,,HAIR COLOR-4M-MOHAGANY CHESTNUT,,,,,1.00,,,,EA,,,,,,3.50,,,,,
6,0066117601014,,,,1,,,NATURTINT,,,,,,HAIR COLOR-5M-LT MOHAGANY CHESTNUT,,,,,1.00,,,,EA,,,,,,3.50,,,,,
7,0066117601018,,,,1,,,NATURTINT,,,,,,HAIR COLOR-9R-FIRE RED,,,,,1.00,,,,EA,,,,,,3.50,,,,,
8,0066117601016,,,,1,,,NATURTINT,,,,,,HAIR COLOR-7C-TERRACOTTA BLONDE,,,,,1.00,,,,EA,,,,,,3.50,,,,,
9,0066117601017,,,,1,,,NATURTINT,,,,,,HAIR COLOR-8C-COPPER BLONDE,,,,,1.00,,,,EA,,,,,,3.50,,,,,
10,0066117601019,,,,1,,,NATURTINT,,,,,,HAIR COLOR-8A-ASH BLONDE,,,,,1.00,,,,EA,,,,,,3.50,,,,,
11,0066117601006,,,,1,,,NATURTINT,,,,,,HAIR COLOR-8N-WHEAT GERM BLONDE,,,,,1.00,,,,EA,,,,,,3.50,,,,,
12,0066117601007,,,,1,,,NATURTINT,,,,,,HAIR COLOR-9N-HONEY BLONDE,,,,,1.00,,,,EA,,,,,,3.50,,,,,
13,0066117601008,,,,1,,,NATURTINT,,,,,,HAIR COLOR-10N-LIGHT DAWN BLONDE,,,,,1.00,,,,EA,,,,,,3.50,,,,,
,,,,,---------------,,,,,,,,,,,,,,,,,,,,,,,,,,,,,
Totals:,,,,,13,,,,,,,,,,,,,,,,,,,,,,,,,,,,,
"Shelf: 6,   Length: 4' 0.00"",    Height: 0' 7.50"",   Depth: 1' 1.00"",   Product: 3' 11.97""",,,,,,,,,,,,,,,,,,,,,,,,,,,,,,,,,,
1,0066117601001,,,,1,,,NATURTINT,,,,,,HAIR COLOR-1N-EBONY BLACK,,,,,1.00,,,,EA,,,,,,3.50,,,,,
2,0066117601132,,,,2,,,NATURTINT,,,,,,HAIR COLOR-2N-BLACK BROWN,,,,,1.00,,,,EA,,,,,,3.50,,,,,
3,0066117601002,,,,2,,,NATURTINT,,,,,,HAIR COLOR-3N-DARK CHESTNUT BROWN,,,,,1.00,,,,EA,,,,,,3.50,,,,,
4,0066117601090,,,,2,,,NATURTINT,,,,,,HAIR COLOR-4N-NATURAL CHESTNUT,,,,,1.00,,,,EA,,,,,,3.50,,,,,
5,0066117601003,,,,2,,,NATURTINT,,,,,,HAIR COLOR-5N-LIGHT CHESTNUT BROWN,,,,,1.00,,,,EA,,,,,,3.50,,,,,
6,0066117601091,,,,1,,,NATURTINT,,,,,,HAIR COLOR-4G-GOLDEN CHESTNUT,,,,,1.00,,,,EA,,,,,,3.50,,,,,
7,0066117601009,,,,2,,,NATURTINT,,,,,,HAIR COLOR-5G-LIGHT GOLD CHESTNUT,,,,,1.00,,,,EA,,,,,,3.50,,,,,
8,0066117601004,,,,1,,,NATURTINT,,,,,,HAIR COLOR-6N-DARK BLONDE,,,,,1.00,,,,EA,,,,,,3.50,,,,,
,,,,,---------------,,,,,,,,,,,,,,,,,,,,,,,,,,,,,
Totals:,,,,,13,,,,,,,,,,,,,,,,,,,,,,,,,,,,,
Positio,,,,UPC,,,Facings,,,,Brand,,,,,,Long Description,,,,Size,,,,UOM,,,Date,,,,Width,,
-----------   --------------------------------- ------------------------------------------------------------------------------------------------------------------ ------------ -------------------- ---------------,,,,,,,,,,,,,,,,,,,,,,,,,,,,,,,,,,
"Shelf: 7,   Length: 4' 0.00"",    Height: 0' 7.50"",   Depth: 1' 1.00"",   Product: 3' 11.99""",,,,,,,,,,,,,,,,,,,,,,,,,,,,,,,,,,
1,0400163809563,,,,1,,,WELEDA,,,,,,ROSEMARY CONDITIONING HAIR OIL,,,,,1.70,,,,FOZ,,,,,,1.95,,,,,
2,0063408431001,,,,1,,,BADGER BALM,,,,,,ARGAN HAIR OIL FOR DRY DAMAGED HAIR,,,,,2.00,,,,FOZ,,,,,,1.60,,,,,
3,0063408431002,,,,1,,,BADGER BALM,,,,,,JOJOBA HAIR OIL FOR DRY SCALP,,,,,2.00,,,,FOZ,,,,,,1.60,,,,,
4,0001878798001,,,,1,,,DR BRONNERS,,,,,,HAIR CREME-ORG-LAVENDER COCONUT,,,,,6.00,,,,FOZ,,,,,,1.75,,,,,
5,0001878798002,,,,1,,,DR BRONNERS,,,,,,HAIR CREME-ORG-PEPPERMINT,,,,,6.00,,,,FOZ,,,,,,1.75,,,,,
6,0007834740008,,,,1,,,WILD,,,,,,SPRAY-SEA SALT-SAGE & SANDLEWOOD,,,,,4.00,,,,FOZ,,,,,,1.90,,,,,
7,0007834740007,,,,1,,,WILD,,,,,,CONDITIONER-LEAVE-IN-SAGE & SANDLWD,,,,,4.00,,,,FOZ,,,,,,1.90,,,,,
8,0007834740005,,,,1,,,WILD,,,,,,SHAMPOO-SAGE & SANDALWOOD,,,,,16.00,,,,FOZ,,,,,,2.75,,,,,
9,0007834740006,,,,1,,,WILD,,,,,,CONDITIONER-SAGE & SANDALWOOD,,,,,16.00,,,,FOZ,,,,,,2.75,,,,,
10,0007834740001,,,,1,,,WILD,,,,,,SHAMPOO-ROSEMARY & LEMONGRASS,,,,,16.00,,,,FOZ,,,,,,2.75,,,,,
11,0007834740002,,,,1,,,WILD,,,,,,CONDITIONER-ROSEMARY & LEMONGRASS,,,,,16.00,,,,FOZ,,,,,,2.75,,,,,
12,0007834740003,,,,1,,,WILD,,,,,,SHAMPOO-ROSE & THYME,,,,,16.00,,,,FOZ,,,,,,2.75,,,,,
13,0007834740004,,,,1,,,WILD,,,,,,CONDITIONER-ROSE & THYME,,,,,16.00,,,,FOZ,,,,,,2.75,,,,,
14,0071833433354,,,,1,,,DESERT ESSENCE,,,,,,MASK-HAIR-ANTI-BREAKAGE,,,,,5.10,,,,FOZ,,,,,,2.95,,,,,
15,0071833433350,,,,1,,,DESERT ESSENCE,,,,,,SHAMPOO-ANTI-BREAKAGE,,,,,10.00,,,,FOZ,,,,,,3.25,,,,,
16,0071833433352,,,,1,,,DESERT ESSENCE,,,,,,CONDITIONER-ANTI-BREAKAGE,,,,,10.00,,,,FOZ,,,,,,3.25,,,,,
17,0071833433325,,,,1,,,DESERT ESSENCE,,,,,,SHAMPOO-SMOOTHING,,,,,10.00,,,,FOZ,,,,,,3.25,,,,,
18,0071833433327,,,,1,,,DESERT ESSENCE,,,,,,CONDITIONER-SMOOTHING,,,,,10.00,,,,FOZ,,,,,,3.25,,,,,
19,0071833433329,,,,1,,,DESERT ESSENCE,,,,,,SMOOTHING PRIMER,,,,,6.50,,,,FOZ,,,,,,1.95,,,,,
,,,,,---------------,,,,,,,,,,,,,,,,,,,,,,,,,,,,,
Totals:,,,,,19,,,,,,,,,,,,,,,,,,,,,,,,,,,,,
"Shelf: 8,   Length: 4' 0.00"",    Height: 1' 2.00"",   Depth: 1' 1.00"",   Product: 3' 11.90""",,,,,,,,,,,,,,,,,,,,,,,,,,,,,,,,,,
1,0085693200733,,,,1,,,ANDALOU NATURALS,,,,,,SHAMPOO-CANACELL-DAILY DOSE,,,,,8.50,,,,FOZ,,,,,,3.30,,,,,
2,0085693200734,,,,1,,,ANDALOU NATURALS,,,,,,CONDITIONER-CANNACELL-DAILY DOSE,,,,,8.50,,,,FOZ,,,,,,3.30,,,,,
3,0085693200730,,,,1,,,ANDALOU NATURALS,,,,,,SHAMPOO-CANNACELL-HERB-MOISTURE HIT,,,,,8.50,,,,FOZ,,,,,,3.30,,,,,
4,0085693200731,,,,1,,,ANDALOU NATURALS,,,,,,CONDITIONER-CANNACELL-MOISTURE HIT,,,,,8.50,,,,FOZ,,,,,,3.30,,,,,
5,0084074901814,,,,1,,,MINERAL FUSION,,,,,,SHAMPOO-SMOOTHING,,,,,8.50,,,,FOZ,,,,,,2.85,,,,,
6,0084074901820,,,,1,,,MINERAL FUSION,,,,,,CONDITIONER-SMOOTHING,,,,,8.50,,,,FOZ,,,,,,2.85,,,,,
7,0084074900018,,,,1,,,MINERAL FUSION,,,,,,SHAMPOO-LASTING COLOR,,,,,8.50,,,,FOZ,,,,,,2.85,,,,,
8,0084074900015,,,,1,,,MINERAL FUSION,,,,,,CONDITIONER-LASTING COLOR,,,,,8.50,,,,FOZ,,,,,,2.85,,,,,
9,0084074901738,,,,1,,,MINERAL FUSION,,,,,,SHAMPOO-VOLUMIZING,,,,,8.50,,,,FOZ,,,,,,2.85,,,,,
10,0084074901748,,,,1,,,MINERAL FUSION,,,,,,CONDITIONER-VOLUMIZING,,,,,8.50,,,,FOZ,,,,,,2.85,,,,,
11,0071623718431,,,,1,,,GIOVANNI,,,,,,SHAMPOO-AVACADO & OLIVE OIL,,,,,24.00,,,,FOZ,,,,,,2.80,,,,,
12,0071623718432,,,,1,,,GIOVANNI,,,,,,CONDITIONER-AVACADO & OLIVE OIL,,,,,24.00,,,,FOZ,,,,,,2.80,,,,,
13,0071623718400,,,,1,,,GIOVANNI,,,,,,SHAMPOO-2 CHIC-ULTRA MOIST,,,,,8.50,,,,FOZ,,,,,,3.00,,,,,
14,0071623718401,,,,1,,,GIOVANNI,,,,,,CONDITIONER-2 CHIC-ULTRA MOIST,,,,,8.50,,,,FOZ,,,,,,3.00,,,,,
Positio,,,,UPC,,,Facings,,,,Brand,,,,,,Long Description,,,,Size,,,,UOM,,,Date,,,,Width,,
-----------   --------------------------------- ------------------------------------------------------------------------------------------------------------------ ------------ -------------------- ---------------,,,,,,,,,,,,,,,,,,,,,,,,,,,,,,,,,,
15,0071623718406,,,,1,,,GIOVANNI,,,,,,2 CHIC-DUAL ACTION LEAVE IN SPRAY,,,,,4.00,,,,FOZ,,,,,,1.50,,,,,
16,0071623718405,,,,1,,,GIOVANNI,,,,,,2 CHIC LEAVE IN COND & STYLING ELIXR,,,,,4.00,,,,FOZ,,,,,,1.50,,,,,
17,0071623718403,,,,1,,,GIOVANNI,,,,,,2 CHIC SUPER POTION ANTI FRIZZ SERUM,,,,,2.75,,,,FOZ,,,,,,1.30,,,,,
18,0071623718402,,,,1,,,GIOVANNI,,,,,,HAIR MASK-2 CHIC-ULTRA-MOIST DEEP,,,,,5.00,,,,FOZ,,,,,,1.88,,,,,
,,,,,---------------,,,,,,,,,,,,,,,,,,,,,,,,,,,,,
Totals:,,,,,18,,,,,,,,,,,,,,,,,,,,,,,,,,,,,
"Shelf: 9,   Length: 4' 0.00"",    Height: 0' 9.50"",   Depth: 1' 1.00"",   Product: 3' 11.86""",,,,,,,,,,,,,,,,,,,,,,,,,,,,,,,,,,
1,0007852200044,,,,1,,,JASON,,,,,,CONDITIONER-THIN TO THICK,,,,,8.00,,,,OZ,,,,,,1.90,,,,,
2,0007852200078,,,,1,,,JASON,,,,,,SHAMPOO-TEA TREE,,,,,17.50,,,,FOZ,,,,,,2.50,,,,,
3,0007852200025,,,,1,,,JASON,,,,,,SHAMPOO-ALOE VERA-84 PERCENT,,,,,16.00,,,,FOZ,,,,,,3.00,,,,,
4,0007852200029,,,,1,,,JASON,,,,,,CONDITIONER-ALOE VERA-84 PERCENT,,,,,16.00,,,,OZ,,,,,,3.00,,,,,
5,0007852205005,,,,1,,,JASON,,,,,,SHAMPOO-NATURAL SEA KELP,,,,,16.00,,,,FOZ,,,,,,3.00,,,,,
6,0007852205009,,,,1,,,JASON,,,,,,CONDITIONER-NATURAL-SEA KELP,,,,,16.00,,,,FOZ,,,,,,3.00,,,,,
7,0007852207005,,,,1,,,JASON,,,,,,SHAMPOO-BIOTIN,,,,,16.00,,,,FOZ,,,,,,3.00,,,,,
8,0007852207009,,,,1,,,JASON,,,,,,CONDITIONER-BIOTIN,,,,,16.00,,,,OZ,,,,,,3.00,,,,,
9,0007852200015,,,,1,,,JASON,,,,,,SHAMPOO-JOJOBA,,,,,16.00,,,,FOZ,,,,,,3.00,,,,,
10,0007852200019,,,,1,,,JASON,,,,,,CONDITIONER-JOJOBA,,,,,16.00,,,,OZ,,,,,,3.00,,,,,
11,0007952600301,,,,1,,,MILL CREEK,,,,,,SHAMPOO-BIOTENE H 24,,,,,8.50,,,,FOZ,,,,,,1.90,,,,,
12,0007952600302,,,,1,,,MILL CREEK,,,,,,CONDITIONER-BIOTENE H 24,,,,,8.50,,,,FOZ,,,,,,1.90,,,,,
13,0008298223370,,,,1,,,MILL CREEK,,,,,,SHAMPOO-BIOTIN,,,,,16.00,,,,FOZ,,,,,,2.55,,,,,
14,0008298225370,,,,1,,,MILL CREEK,,,,,,CONDITIONER-BIOTIN,,,,,16.00,,,,FOZ,,,,,,2.55,,,,,
15,0008298214370,,,,1,,,MILL CREEK,,,,,,SHAMPOO-ALOE VERA,,,,,16.00,,,,FOZ,,,,,,2.55,,,,,
16,0008298215370,,,,1,,,MILL CREEK,,,,,,CONDITIONER-ALOE VERA,,,,,16.00,,,,FOZ,,,,,,2.55,,,,,
17,0008298217370,,,,1,,,MILL CREEK,,,,,,SHAMPOO-JOJOBA,,,,,16.00,,,,FOZ,,,,,,2.55,,,,,
18,0008298219370,,,,1,,,MILL CREEK,,,,,,CONDITIONER-JOJOBA,,,,,16.00,,,,FOZ,,,,,,2.55,,,,,
,,,,,---------------,,,,,,,,,,,,,,,,,,,,,,,,,,,,,
Totals:,,,,,18,,,,,,,,,,,,,,,,,,,,,,,,,,,,,
"Shelf: 10,   Length: 4' 0.00"",    Height: 0' 9.50"",   Depth: 1' 1.00"",   Product: 3' 11.94""",,,,,,,,,,,,,,,,,,,,,,,,,,,,,,,,,,
1,0063687422109,,,,1,,,EVERYONE,,,,,,SHAMPOO-BALANCE,,,,,20.00,,,,FOZ,,,,,,2.75,,,,,
2,0063687422112,,,,1,,,EVERYONE,,,,,,CONDITIONER-BALANCE,,,,,20.00,,,,FOZ,,,,,,2.75,,,,,
3,0063687422108,,,,1,,,EVERYONE,,,,,,SHAMPOO-NOURISH,,,,,20.30,,,,FOZ,,,,,,2.75,,,,,
4,0063687422111,,,,1,,,EVERYONE,,,,,,CONDITIONER-NOURISH,,,,,20.00,,,,FOZ,,,,,,2.75,,,,,
5,0063687422110,,,,1,,,EVERYONE,,,,,,SHAMPOO-VOLUME,,,,,20.00,,,,FOZ,,,,,,2.75,,,,,
6,0063687422113,,,,1,,,EVERYONE,,,,,,CONDITIONER-VOLUME,,,,,20.00,,,,FOZ,,,,,,2.75,,,,,
7,0007834702302,,,,1,,,NATURE'S GATE,,,,,,SHAMPOO-AWAPUHI,,,,,18.00,,,,FOZ,,,,,,2.75,,,,,
8,0007834702303,,,,1,,,NATURE'S GATE,,,,,,CONDITIONER-AWAPUHI,,,,,18.00,,,,FOZ,,,,,,2.75,,,,,
Positio,,,,UPC,,,Facings,,,,Brand,,,,,,Long Description,,,,Size,,,,UOM,,,Date,,,,Width,,
-----------   --------------------------------- ------------------------------------------------------------------------------------------------------------------ ------------ -------------------- ---------------,,,,,,,,,,,,,,,,,,,,,,,,,,,,,,,,,,
9,0007834787001,,,,1,,,NATURE'S GATE,,,,,,SHAMPOO-ALOE VERA,,,,,18.00,,,,FOZ,,,,,,2.75,,,,,
10,0007834787002,,,,1,,,NATURE'S GATE,,,,,,CONDITIONER-ALOE VERA,,,,,18.00,,,,FOZ,,,,,,2.75,,,,,
11,0007834702256,,,,1,,,NATURE'S GATE,,,,,,SHAMPOO-BIOTIN,,,,,18.00,,,,FOZ,,,,,,2.75,,,,,
12,0007834702257,,,,1,,,NATURE'S GATE,,,,,,CONDITIONER-BIOTIN,,,,,18.00,,,,FOZ,,,,,,2.75,,,,,
13,0007834702319,,,,1,,,NATURE'S GATE,,,,,,SHAMPOO-HEMP,,,,,18.00,,,,FOZ,,,,,,2.75,,,,,
14,0007834702320,,,,1,,,NATURE'S GATE,,,,,,CONDITIONER-HEMP,,,,,18.00,,,,FOZ,,,,,,2.75,,,,,
15,0007834702388,,,,1,,,NATURE'S GATE,,,,,,SHAMPOO-JASMINE + KOMBUCHA,,,,,18.00,,,,FOZ,,,,,,2.75,,,,,
16,0007834702389,,,,1,,,NATURE'S GATE,,,,,,CONDITIONER-JASMINE + KOMBUCHA,,,,,18.00,,,,FOZ,,,,,,2.75,,,,,
17,0007834787003,,,,1,,,NATURE'S GATE,,,,,,SHAMPOO-JOJOBA,,,,,18.00,,,,FOZ,,,,,,2.75,,,,,
,,,,,---------------,,,,,,,,,,,,,,,,,,,,,,,,,,,,,
Totals:,,,,,17,,,,,,,,,,,,,,,,,,,,,,,,,,,,,
"Shelf: 11,   Length: 4' 0.00"",    Height: 0' 7.50"",   Depth: 1' 1.00"",   Product: 3' 11.93""",,,,,,,,,,,,,,,,,,,,,,,,,,,,,,,,,,
1,0085404900232,,,,1,,,ACURE,,,,,,SHAMPOO-DRY-ALL HAIR TYPES,,,,,1.70,,,,OZ,,,,,,1.74,,,,,
2,0081342402095,,,,1,,,ACURE,,,,,,SHAMPOO-SMOOTHING COCONUT,,,,,12.00,,,,FOZ,,,,,,3.00,,,,,
3,0081342402096,,,,1,,,ACURE,,,,,,CONDITIONER-SMOOTHING COCONUT,,,,,12.00,,,,FOZ,,,,,,3.00,,,,,
4,0081342402087,,,,1,,,ACURE,,,,,,SHAMPOO-VOLUME PEPPERMINT,,,,,12.00,,,,FOZ,,,,,,3.00,,,,,
5,0081342402090,,,,1,,,ACURE,,,,,,CONDITIONER-VOLUME PEPPERMINT,,,,,12.00,,,,FOZ,,,,,,3.00,,,,,
6,0081342402085,,,,1,,,ACURE,,,,,,SHAMPOO-CLARIFYING LEMONGRASS,,,,,12.00,,,,FOZ,,,,,,3.00,,,,,
7,0081342402088,,,,1,,,ACURE,,,,,,CONDITIONER-CLARIFYING LEMONGRASS,,,,,12.00,,,,FOZ,,,,,,3.00,,,,,
8,0081342402086,,,,1,,,ACURE,,,,,,SHAMPOO-MEGA MOISTURE-ARGAN,,,,,12.00,,,,FOZ,,,,,,3.00,,,,,
9,0081342402089,,,,1,,,ACURE,,,,,,CONDITIONER-MEGA MOISTURE-ARGAN,,,,,12.00,,,,FOZ,,,,,,3.00,,,,,
10,0085997502064,,,,1,,,ANDALOU NATURALS,,,,,,SHAMPOO-COLOR CARE-1000 ROSES,,,,,11.50,,,,FOZ,,,,,,2.90,,,,,
11,0085997502065,,,,1,,,ANDALOU NATURALS,,,,,,CONDITIONER-COLOR CARE-1000 ROSES,,,,,11.50,,,,FOZ,,,,,,2.90,,,,,
12,0085997502066,,,,1,,,ANDALOU NATURALS,,,,,,CONDITIONER-LEAVE IN-CLR CARE-ROSE,,,,,6.80,,,,FOZ,,,,,,2.90,,,,,
13,0085997502067,,,,1,,,ANDALOU NATURALS,,,,,,HAIR MASQUE-COLOR CARE-1000 ROSES,,,,,1.50,,,,FOZ,,,,,,3.25,,,,,
14,0085997500203,,,,1,,,ANDALOU NATURALS,,,,,,SHAMPOO-ARGAN & SWEET ORANGE,,,,,11.50,,,,FOZ,,,,,,2.90,,,,,
15,0085997500206,,,,1,,,ANDALOU NATURALS,,,,,,CONDITIONER-ARGAN & SWEET ORANGE,,,,,11.50,,,,FOZ,,,,,,2.90,,,,,
16,0085997500261,,,,1,,,ANDALOU NATURALS,,,,,,CONDITIONER-LEAVE IN-MOISTURE RICH,,,,,6.80,,,,FOZ,,,,,,2.90,,,,,
,,,,,---------------,,,,,,,,,,,,,,,,,,,,,,,,,,,,,
Totals:,,,,,16,,,,,,,,,,,,,,,,,,,,,,,,,,,,,
"Shelf: 12,   Length: 4' 0.00"",    Height: 0' 10.50"",   Depth: 1' 1.00"",   Product: 3' 11.93""",,,,,,,,,,,,,,,,,,,,,,,,,,,,,,,,,,
1,0065474935100,,,,1,,,AVALON ORGANICS,,,,,,SHAMPOO-NOURISHING-LAVENDER,,,,,11.00,,,,FOZ,,,,,,3.00,,,,,
2,0065474935150,,,,1,,,AVALON ORGANICS,,,,,,CONDITIONER-NOURISHING-LAVENDER,,,,,11.00,,,,OZ,,,,,,3.00,,,,,
3,0065474935126,,,,1,,,AVALON ORGANICS,,,,,,SHAMPOO-NOURISHING-LAVENDER,,,,,32.00,,,,FOZ,,,,,,3.35,,,,,
4,0065474935168,,,,1,,,AVALON ORGANICS,,,,,,CONDITIONER-NOURISHING-LAVENDER,,,,,32.00,,,,OZ,,,,,,3.35,,,,,
5,0065474935117,,,,2,,,AVALON ORGANICS,,,,,,SHAMPOO-SCALP TREATMENT-TEA TREE,,,,,11.00,,,,FOZ,,,,,,3.00,,,,,
Positio,,,,UPC,,,Facings,,,,Brand,,,,,,Long Description,,,,Size,,,,UOM,,,Date,,,,Width,,
-----------   --------------------------------- ------------------------------------------------------------------------------------------------------------------ ------------ -------------------- ---------------,,,,,,,,,,,,,,,,,,,,,,,,,,,,,,,,,,
6,0065474935167,,,,1,,,AVALON ORGANICS,,,,,,CONDITIONER-SCALP TREATMENT-TEA TREE,,,,,11.00,,,,OZ,,,,,,3.00,,,,,
7,0065474936128,,,,1,,,AVALON ORGANICS,,,,,,SHAMPOO-SCALP TREATMENT-TEA TREE,,,,,32.00,,,,FOZ,,,,,,3.35,,,,,
8,0065474936129,,,,1,,,AVALON ORGANICS,,,,,,CONDITIONER-SCALP TREATMENT-TEA TREE,,,,,32.00,,,,OZ,,,,,,3.35,,,,,
9,0065474936126,,,,2,,,AVALON ORGANICS,,,,,,SHAMPOO-BIOTIN B COMPLEX-THICKENING,,,,,32.00,,,,FOZ,,,,,,3.35,,,,,
10,0065474936127,,,,1,,,AVALON ORGANICS,,,,,,CONDITIONER-THICKENING-BIOTIN B-CMPL,,,,,32.00,,,,OZ,,,,,,3.35,,,,,
11,0072474200948,,,,1,,,ALBA BOTANICA,,,,,,SHAMPOO-DETOX-CLARIFYING-HAWAIIAN,,,,,12.00,,,,FOZ,,,,,,2.25,,,,,
12,0072474200949,,,,1,,,ALBA BOTANICA,,,,,,CONDITIONER-DETOX-CLARIFYING-HAWAIIA,,,,,12.00,,,,FOZ,,,,,,2.25,,,,,
13,0072474200940,,,,1,,,ALBA BOTANICA,,,,,,SHAMPOO-MOISTURE-HAWAIIAN MARULA,,,,,12.00,,,,FOZ,,,,,,2.25,,,,,
14,0072474200941,,,,1,,,ALBA BOTANICA,,,,,,CONDITIONER-MOISTURE-HAWAIIAN MARULA,,,,,12.00,,,,OZ,,,,,,2.25,,,,,
,,,,,---------------,,,,,,,,,,,,,,,,,,,,,,,,,,,,,
Totals:,,,,,16,,,,,,,,,,,,,,,,,,,,,,,,,,,,,
"Shelf: 13,   Length: 4' 0.00"",    Height: 0' 8.50"",   Depth: 1' 1.00"",   Product: 3' 11.96""",,,,,,,,,,,,,,,,,,,,,,,,,,,,,,,,,,
1,0065474935135,,,,1,,,AVALON ORGANICS,,,,,,SHAMPOO-SMOOTH SHINE-APPL CDR VINEGA,,,,,11.00,,,,FOZ,,,,,,3.00,,,,,
2,0065474935136,,,,1,,,AVALON ORGANICS,,,,,,CONDITIONER-SMTH SHINE-APPL CDR VING,,,,,11.00,,,,OZ,,,,,,3.00,,,,,
3,0065474935133,,,,1,,,AVALON ORGANICS,,,,,,SHAMPOO-MOISTURIZING COCONUT,,,,,11.00,,,,FOZ,,,,,,3.00,,,,,
4,0065474935134,,,,1,,,AVALON ORGANICS,,,,,,CONDITIONER-MOISTURIZING COCONUT,,,,,11.00,,,,OZ,,,,,,3.00,,,,,
5,0065474935105,,,,1,,,AVALON ORGANICS,,,,,,SHAMPOO-CLARIFYING-LEMON,,,,,11.00,,,,FOZ,,,,,,3.00,,,,,
6,0065474935155,,,,1,,,AVALON ORGANICS,,,,,,CONDITIONER-CLARIFYING-LEMON,,,,,11.00,,,,OZ,,,,,,3.00,,,,,
7,0065474935108,,,,1,,,AVALON ORGANICS,,,,,,SHAMPOO-STRENGTHENING-PEPPERMINT,,,,,11.00,,,,FOZ,,,,,,3.00,,,,,
8,0065474935158,,,,1,,,AVALON ORGANICS,,,,,,CONDITIONER-STRENGTHENING-PEPPERMINT,,,,,11.00,,,,OZ,,,,,,3.00,,,,,
9,0065474935110,,,,1,,,AVALON ORGANICS,,,,,,SHAMPOO-VOLUMIZING-ROSEMARY,,,,,11.00,,,,FOZ,,,,,,3.00,,,,,
10,0065474935160,,,,1,,,AVALON ORGANICS,,,,,,CONDITIONER-VOLUMIZING-ROSEMARY,,,,,11.00,,,,OZ,,,,,,3.00,,,,,
11,0065474936106,,,,1,,,AVALON ORGANICS,,,,,,SHAMPOO-ANTI DANDRUFF-MEDICATED,,,,,14.00,,,,FOZ,,,,,,2.70,,,,,
12,0065474936107,,,,1,,,AVALON ORGANICS,,,,,,CONDITIONER-ANTI-DANDRUFF-MEDICATED,,,,,14.00,,,,OZ,,,,,,2.70,,,,,
13,0065474936130,,,,1,,,AVALON ORGANICS,,,,,,SHAMPOO-DAMAGE CONTROL-ARGAN OIL,,,,,14.00,,,,FOZ,,,,,,2.70,,,,,
14,0065474936131,,,,1,,,AVALON ORGANICS,,,,,,CONDITIONER-DAMAGE CONTROL-ARGAN OIL,,,,,14.00,,,,OZ,,,,,,2.70,,,,,
15,0065474936102,,,,1,,,AVALON ORGANICS,,,,,,SHAMPOO-BIOTIN B COMPLEX-THICKENING,,,,,14.00,,,,FOZ,,,,,,2.70,,,,,
16,0065474936122,,,,1,,,AVALON ORGANICS,,,,,,CONDITIONER-THICKENING-BIOTIN B-CMPL,,,,,14.00,,,,OZ,,,,,,2.70,,,,,
,,,,,---------------,,,,,,,,,,,,,,,,,,,,,,,,,,,,,
Totals:,,,,,16,,,,,,,,,,,,,,,,,,,,,,,,,,,,,
"Shelf: 14,   Length: 4' 0.00"",    Height: 0' 9.50"",   Depth: 1' 1.00"",   Product: 4' 0.00""",,,,,,,,,,,,,,,,,,,,,,,,,,,,,,,,,,
1,0071833433787,,,,1,,,DESERT ESSENCE,,,,,,COCONUT SOFT CURLS HAIR CREAM,,,,,6.40,,,,FOZ,,,,,,2.35,,,,,
2,0071833433788,,,,1,,,DESERT ESSENCE,,,,,,COCONUT SHINE & REFINE HAIR LOTION,,,,,6.40,,,,FOZ,,,,,,2.35,,,,,
3,0071833433786,,,,1,,,DESERT ESSENCE,,,,,,COCONUT DEFRIZZER & HEAT PROTECTOR,,,,,8.50,,,,FOZ,,,,,,2.00,,,,,
4,0071833433784,,,,1,,,DESERT ESSENCE,,,,,,SHAMPOO-COCONUT,,,,,8.00,,,,FOZ,,,,,,2.95,,,,,
5,0071833433785,,,,1,,,DESERT ESSENCE,,,,,,CONDITIONER-COCONUT,,,,,8.00,,,,FOZ,,,,,,2.95,,,,,
Positio,,,,UPC,,,Facings,,,,Brand,,,,,,Long Description,,,,Size,,,,UOM,,,Date,,,,Width,,
-----------   --------------------------------- ------------------------------------------------------------------------------------------------------------------ ------------ -------------------- ---------------,,,,,,,,,,,,,,,,,,,,,,,,,,,,,,,,,,
6,0071833433707,,,,1,,,DESERT ESSENCE,,,,,,SHAMPOO-RED RASPBERRY,,,,,8.00,,,,FOZ,,,,,,2.95,,,,,
7,0071833433708,,,,1,,,DESERT ESSENCE,,,,,,CONDITIONER-RED RASPBERRY,,,,,8.00,,,,FOZ,,,,,,2.95,,,,,
8,0071833433715,,,,1,,,DESERT ESSENCE,,,,,,SHAMPOO-ISLAND MANGO,,,,,8.00,,,,FOZ,,,,,,2.95,,,,,
9,0071833433716,,,,1,,,DESERT ESSENCE,,,,,,CONDITIONER-ISLAND MANGO,,,,,8.00,,,,FOZ,,,,,,2.95,,,,,
10,0071833433709,,,,1,,,DESERT ESSENCE,,,,,,SHAMPOO-TEA TREE LEMON,,,,,8.00,,,,FOZ,,,,,,2.95,,,,,
11,0071833433710,,,,1,,,DESERT ESSENCE,,,,,,CONDITIONER-TEA TREE-LEMON,,,,,8.00,,,,FOZ,,,,,,2.95,,,,,
12,0071833433700,,,,1,,,DESERT ESSENCE,,,,,,SHAMPOO-GREEN APPLE & GINGER,,,,,8.00,,,,FOZ,,,,,,2.95,,,,,
13,0071833433702,,,,1,,,DESERT ESSENCE,,,,,,CONDITIONER-GREEN APPLE & GINGER,,,,,8.00,,,,FOZ,,,,,,2.95,,,,,
14,0071833433713,,,,1,,,DESERT ESSENCE,,,,,,SHAMPOO-ITALIAN LEMON,,,,,8.00,,,,FOZ,,,,,,2.95,,,,,
15,0071833433714,,,,1,,,DESERT ESSENCE,,,,,,CONDITIONER-ITALIAN LEMON,,,,,8.00,,,,FOZ,,,,,,2.95,,,,,
16,0071833433703,,,,1,,,DESERT ESSENCE,,,,,,SHAMPOO-ITALIAN RED GRAPES,,,,,8.00,,,,FOZ,,,,,,2.95,,,,,
17,0071833433704,,,,1,,,DESERT ESSENCE,,,,,,CONDITIONER-ITALIAN RED GRAPE,,,,,8.00,,,,FOZ,,,,,,2.95,,,,,
,,,,,---------------,,,,,,,,,,,,,,,,,,,,,,,,,,,,,
Totals:,,,,,17,,,,,,,,,,,,,,,,,,,,,,,,,,,,,
"Shelf: 15,   Length: 4' 0.00"",    Height: 1' 2.00"",   Depth: 1' 1.00"",   Product: 3' 11.98""",,,,,,,,,,,,,,,,,,,,,,,,,,,,,,,,,,
1,0071623718544,,,,1,,,GIOVANNI,,,,,,SHAMPOO-ULTRA REVIVE-PNAPPL + GINGER,,,,,24.00,,,,FOZ,,,,,,2.80,,,,,
2,0071623718545,,,,1,,,GIOVANNI,,,,,,CONDITIONER-ULTRA REVIVE-PINEAPPLE,,,,,24.00,,,,FOZ,,,,,,2.80,,,,,
3,0071623718536,,,,1,,,GIOVANNI,,,,,,SHAMPOO-FRIZZ BE GONE-PNAPPL & GNGR,,,,,8.50,,,,FOZ,,,,,,3.00,,,,,
4,0071623718537,,,,1,,,GIOVANNI,,,,,,CONDITIONER-FRIZZ BE GONE-PINEAPPLE,,,,,8.50,,,,FOZ,,,,,,3.00,,,,,
5,0071623718539,,,,1,,,GIOVANNI,,,,,,LEAVE-IN CONDITIONER-PNAPPL + GINGER,,,,,4.00,,,,FOZ,,,,,,1.50,,,,,
6,0071623718541,,,,1,,,GIOVANNI,,,,,,ANTI FRIZZ HAIR SERUM-PNAPPL + GINGR,,,,,2.75,,,,FOZ,,,,,,1.35,,,,,
7,0071623718514,,,,1,,,GIOVANNI,,,,,,SHAMPOO-ULTRA LUXURY-CHERRY BLOSSOM,,,,,24.00,,,,FOZ,,,,,,2.80,,,,,
8,0071623718515,,,,1,,,GIOVANNI,,,,,,CONDITIONER-ULTRA LUXURY-CHRRY BLSSM,,,,,24.00,,,,FOZ,,,,,,2.80,,,,,
9,0071623718500,,,,1,,,GIOVANNI,,,,,,SHAMPOO-2CHIC-ULTRA LUXURIOUS,,,,,8.50,,,,FOZ,,,,,,3.00,,,,,
10,0071623718501,,,,1,,,GIOVANNI,,,,,,CONDITIONER-2CHIC-ULTRA LUXURIOUS,,,,,8.50,,,,FOZ,,,,,,3.00,,,,,
11,0071623718503,,,,1,,,GIOVANNI,,,,,,LEAVE IN CONDITIONER-2CHIC,,,,,4.00,,,,FOZ,,,,,,1.50,,,,,
12,0071623718459,,,,1,,,GIOVANNI,,,,,,SHAMPOO-TANGERINE & PAPAYA BUTTER,,,,,24.00,,,,FOZ,,,,,,2.80,,,,,
13,0071623718460,,,,1,,,GIOVANNI,,,,,,CONDITIONR-TANGERINE & PAPAYA BUTTER,,,,,24.00,,,,FOZ,,,,,,2.80,,,,,
14,0071623718446,,,,1,,,GIOVANNI,,,,,,SHAMPOO-2 CHIC-ULTRA VOLUME,,,,,8.50,,,,FOZ,,,,,,3.00,,,,,
15,0071623718447,,,,1,,,GIOVANNI,,,,,,CONDITIONER-2 CHIC-ULTRA-VOLUME,,,,,8.50,,,,FOZ,,,,,,3.00,,,,,
16,0071623718450,,,,1,,,GIOVANNI,,,,,,2 CHIC ULTRA VLME FOAM STYLNG MOUSSE,,,,,7.00,,,,FOZ,,,,,,1.89,,,,,
17,0071623718449,,,,2,,,GIOVANNI,,,,,,2 CHIC ULTRA VLME BIG BDY HAIR SPRAY,,,,,5.00,,,,FOZ,,,,,,1.50,,,,,
18,0071623718492,,,,1,,,GIOVANNI,,,,,,SHAMPOO-BLACKBERRY & COCONUT MILK,,,,,24.00,,,,FOZ,,,,,,2.80,,,,,
,,,,,---------------,,,,,,,,,,,,,,,,,,,,,,,,,,,,,
Totals:,,,,,19,,,,,,,,,,,,,,,,,,,,,,,,,,,,,
"Shelf: 16,   Length: 4' 0.00"",    Height: 0' 9.50"",   Depth: 1' 1.00"",   Product: 3' 11.94""",,,,,,,,,,,,,,,,,,,,,,,,,,,,,,,,,,
Positio,,,,UPC,,,Facings,,,,Brand,,,,,,Long Description,,,,Size,,,,UOM,,,Date,,,,Width,,
-----------   --------------------------------- ------------------------------------------------------------------------------------------------------------------ ------------ -------------------- ---------------,,,,,,,,,,,,,,,,,,,,,,,,,,,,,,,,,,
1,0008298221370,,,,1,,,MILL CREEK,,,,,,SHAMPOO-HENNA,,,,,16.00,,,,FOZ,,,,,,2.55,,,,,
2,0008298222370,,,,1,,,MILL CREEK,,,,,,CONDITIONER-HENNA,,,,,16.00,,,,FOZ,,,,,,2.55,,,,,
3,0008298210370,,,,1,,,MILL CREEK,,,,,,SHAMPOO-KERATIN,,,,,16.00,,,,FOZ,,,,,,2.55,,,,,
4,0008298212370,,,,1,,,MILL CREEK,,,,,,CONDITIONER-KERATIN,,,,,16.00,,,,FOZ,,,,,,2.55,,,,,
5,0018713200522,,,,1,,,EVERY DAY SHEA,,,,,,SHAMPOO-VANILLA MINT,,,,,32.00,,,,FOZ,,,,,,3.55,,,,,
6,0018713200523,,,,1,,,EVERY DAY SHEA,,,,,,CONDITIONER-VANILLA MINT,,,,,32.00,,,,FOZ,,,,,,3.55,,,,,
7,0084132010526,,,,1,,,EVERY DAY SHEA,,,,,,SHAMPOO-PASSION FRUIT,,,,,32.00,,,,FOZ,,,,,,3.55,,,,,
8,0084132010527,,,,1,,,EVERY DAY SHEA,,,,,,CONDITIONER-PASSION FRUIT,,,,,32.00,,,,FOZ,,,,,,3.55,,,,,
9,0018713200520,,,,1,,,EVERY DAY SHEA,,,,,,SHAMPOO-LAVENDER,,,,,32.00,,,,FOZ,,,,,,3.55,,,,,
10,0018713200521,,,,1,,,EVERY DAY SHEA,,,,,,CONDITIONER-LAVENDER,,,,,32.00,,,,FOZ,,,,,,3.55,,,,,
11,0084132010721,,,,1,,,EVERYDAY COCONUT,,,,,,SHAMPOO-COCONUT LIME,,,,,32.00,,,,FOZ,,,,,,3.55,,,,,
12,0084132010731,,,,1,,,EVERYDAY COCONUT,,,,,,CONDITIONER-COCONUT LIME,,,,,32.00,,,,FOZ,,,,,,3.55,,,,,
13,0018713200720,,,,1,,,EVERYDAY COCONUT,,,,,,SHAMPOO-SUPER HYDRATING,,,,,32.00,,,,FOZ,,,,,,3.55,,,,,
14,0018713200730,,,,1,,,EVERYDAY COCONUT,,,,,,CONDITIONER-SUPER HYDRATING-COCONUT,,,,,32.00,,,,FOZ,,,,,,3.55,,,,,
,,,,,---------------,,,,,,,,,,,,,,,,,,,,,,,,,,,,,
Totals:,,,,,14,,,,,,,,,,,,,,,,,,,,,,,,,,,,,
"Shelf: 17,   Length: 4' 0.00"",    Height: 0' 9.50"",   Depth: 1' 1.00"",   Product: 3' 11.92""",,,,,,,,,,,,,,,,,,,,,,,,,,,,,,,,,,
1,0007834787004,,,,1,,,NATURE'S GATE,,,,,,CONDITIONER-JOJOBA,,,,,18.00,,,,FOZ,,,,,,2.75,,,,,
2,0007834702390,,,,1,,,NATURE'S GATE,,,,,,SHAMPOO-LAVENDER + PEONY,,,,,18.00,,,,FOZ,,,,,,2.75,,,,,
3,0007834702391,,,,1,,,NATURE'S GATE,,,,,,CONDITIONER-LAVENDER + PEONY,,,,,18.00,,,,FOZ,,,,,,2.75,,,,,
4,0007834775117,,,,1,,,NATURE'S GATE,,,,,,SHAMPOO-POMEGRANATE SUNFLOWER,,,,,18.00,,,,FOZ,,,,,,2.75,,,,,
5,0007834775118,,,,1,,,NATURE'S GATE,,,,,,CONDITIONER-POMEGRANATE SUNFLOWER,,,,,18.00,,,,FOZ,,,,,,2.75,,,,,
6,0007834775191,,,,1,,,NATURE'S GATE,,,,,,SHAMPOO POM SUNFLOWER,,,,,32.00,,,,FOZ,,,,,,3.35,,,,,
7,0007834775209,,,,1,,,NATURE'S GATE,,,,,,CONDITIONER-POMEGRANATE SUNFLOWER,,,,,32.00,,,,FOZ,,,,,,3.35,,,,,
8,0007834701181,,,,2,,,NATURE'S GATE,,,,,,SHAMPOO-HERBAL,,,,,18.00,,,,FOZ,,,,,,2.75,,,,,
9,0007834703018,,,,1,,,NATURE'S GATE,,,,,,CONDITIONER-HERBAL,,,,,18.00,,,,FOZ,,,,,,2.75,,,,,
10,0007834775182,,,,1,,,NATURE'S GATE,,,,,,SHAMPOO-HERBAL,,,,,32.00,,,,FOZ,,,,,,3.35,,,,,
11,0007834775183,,,,1,,,NATURE'S GATE,,,,,,CONDITIONER-HERBAL,,,,,32.00,,,,FOZ,,,,,,3.35,,,,,
12,0007834702301,,,,1,,,NATURE'S GATE,,,,,,SHAMPOO-TEA TREE OIL,,,,,18.00,,,,FOZ,,,,,,2.75,,,,,
13,0007834702306,,,,1,,,NATURE'S GATE,,,,,,CONDITIONER-TEA TREE OIL,,,,,18.00,,,,FOZ,,,,,,2.75,,,,,
14,0007834775184,,,,1,,,NATURE'S GATE,,,,,,SHAMPOO-CALMING TEA TREE,,,,,32.00,,,,FOZ,,,,,,3.35,,,,,
15,0007834775185,,,,1,,,NATURE'S GATE,,,,,,CONDITIONER-CALMING-TEA TREE,,,,,32.00,,,,FOZ,,,,,,3.35,,,,,
,,,,,---------------,,,,,,,,,,,,,,,,,,,,,,,,,,,,,
Totals:,,,,,16,,,,,,,,,,,,,,,,,,,,,,,,,,,,,
"Shelf: 18,   Length: 4' 0.00"",    Height: 0' 7.50"",   Depth: 1' 1.00"",   Product: 3' 11.93""",,,,,,,,,,,,,,,,,,,,,,,,,,,,,,,,,,
1,0085997500202,1,,,,,,,,,ANDALOU NATURALS,,,,,,SHAMPOO-SUNFLOWER & CITRUS,,,,11.50,,,,,,,FOZ,,,,2.90,,,,
Positio,,,,UPC,,,Facings,,,,Brand,,,,,,Long Description,,,,Size,,,,UOM,,,Date,,,,Width,,
-----------   --------------------------------- ------------------------------------------------------------------------------------------------------------------ ------------ -------------------- ---------------,,,,,,,,,,,,,,,,,,,,,,,,,,,,,,,,,,
2,0085997500205,,,,1,,,ANDALOU NATURALS,,,,,,CONDITIONER-SUNFLOWER & CITRUS,,,,,11.50,,,,FOZ,,,,,,2.90,,,,,
3,0085997500209,,,,1,,,ANDALOU NATURALS,,,,,,SUNFLOWER&CITRUS MED STYLING GEL,,,,,6.80,,,,FOZ,,,,,,2.90,,,,,
4,0085997500208,,,,1,,,ANDALOU NATURALS,,,,,,HAIR SPRAY CITRUS,,,,,8.20,,,,FOZ,,,,,,2.35,,,,,
5,0085997502068,,,,1,,,ANDALOU NATURALS,,,,,,SHAMPOO-SLKY SMTH-EXOTIC MARULA OIL,,,,,11.50,,,,FOZ,,,,,,2.90,,,,,
6,0085997502069,,,,1,,,ANDALOU NATURALS,,,,,,CONDITIONER-SLKY SMTH-EXOTIC MARULA,,,,,11.50,,,,FOZ,,,,,,2.90,,,,,
7,0085997502072,,,,1,,,ANDALOU NATURALS,,,,,,TAMING CREME-EXOTIC MARULA OIL,,,,,6.80,,,,FOZ,,,,,,2.90,,,,,
8,0085997502070,,,,1,,,ANDALOU NATURALS,,,,,,DETANGLING SPRAY-EXOTIC MARULA OIL,,,,,8.20,,,,FOZ,,,,,,2.35,,,,,
9,0085997502071,,,,1,,,ANDALOU NATURALS,,,,,,HAIR MASK-SLKY SMTH-EXOTIC MRULA OIL,,,,,1.50,,,,FOZ,,,,,,3.25,,,,,
10,0085997500201,,,,1,,,ANDALOU NATURALS,,,,,,SHAMPOO LAVENDER BIOTIN,,,,,11.50,,,,FOZ,,,,,,2.90,,,,,
11,0085997500204,,,,1,,,ANDALOU NATURALS,,,,,,CONDITIONER-LAVENDER & BIOTIN,,,,,11.50,,,,FOZ,,,,,,2.90,,,,,
12,0085997500207,,,,1,,,ANDALOU NATURALS,,,,,,STYLE SPRAY LAVENDER BIOTIN,,,,,8.20,,,,FOZ,,,,,,2.40,,,,,
13,0085997500238,,,,1,,,ANDALOU NATURALS,,,,,,SHAMPOO-AGE DEFYING,,,,,11.50,,,,FOZ,,,,,,2.90,,,,,
14,0085997500239,,,,1,,,ANDALOU NATURALS,,,,,,CONDITIONER-AGE DEFYING,,,,,11.50,,,,FOZ,,,,,,2.90,,,,,
15,0085997500263,,,,1,,,ANDALOU NATURALS,,,,,,STYLE CREAM-AGE DEFYING,,,,,5.80,,,,FOZ,,,,,,2.90,,,,,
16,0085997500264,,,,1,,,ANDALOU NATURALS,,,,,,SPARY-THICKENING-AGE DEFYING,,,,,6.00,,,,FOZ,,,,,,2.35,,,,,
17,0085997500240,,,,1,,,ANDALOU NATURALS,,,,,,SCALP INTENSIVE THINNING HAIR TRTMNT,,,,,2.10,,,,FOZ,,,,,,1.70,,,,,
,,,,,---------------,,,,,,,,,,,,,,,,,,,,,,,,,,,,,
Totals:,,,,,17,,,,,,,,,,,,,,,,,,,,,,,,,,,,,
"Shelf: 19,   Length: 4' 0.00"",    Height: 0' 10.50"",   Depth: 1' 1.00"",   Product: 3' 11.98""",,,,,,,,,,,,,,,,,,,,,,,,,,,,,,,,,,
1,0072474200853,,,,1,,,ALBA BOTANICA,,,,,,SHAMPOO-GARDENIA,,,,,12.00,,,,FOZ,,,,,,2.25,,,,,
2,0072474200856,,,,1,,,ALBA BOTANICA,,,,,,CONDITIONER-GARDENIA,,,,,12.00,,,,OZ,,,,,,2.25,,,,,
3,0072474200121,,,,1,,,ALBA BOTANICA,,,,,,SHAMPOO-SMOOTH GARDENIA,,,,,32.00,,,,FOZ,,,,,,3.20,,,,,
4,0072474200120,,,,1,,,ALBA BOTANICA,,,,,,CONDTIONER-SMOOTH GARDENIA,,,,,32.00,,,,OZ,,,,,,3.20,,,,,
5,0072474200852,,,,1,,,ALBA BOTANICA,,,,,,SHAMPOO-PLUMERIA,,,,,12.00,,,,FOZ,,,,,,2.25,,,,,
6,0072474200863,,,,1,,,ALBA BOTANICA,,,,,,CONDITIONER-PLUMERIA,,,,,12.00,,,,OZ,,,,,,2.25,,,,,
7,0072474200123,,,,1,,,ALBA BOTANICA,,,,,,SHAMPOO-COLORIFIC PLUMERIA,,,,,32.00,,,,FOZ,,,,,,3.20,,,,,
8,0072474200122,,,,1,,,ALBA BOTANICA,,,,,,CONDITIONER-COLORIFIC PLUMERIA,,,,,32.00,,,,OZ,,,,,,3.20,,,,,
9,0072474200851,,,,1,,,ALBA BOTANICA,,,,,,SHAMPOO-MANGO,,,,,12.00,,,,FOZ,,,,,,2.25,,,,,
10,0072474200858,,,,1,,,ALBA BOTANICA,,,,,,CONDITIONER-MANGO,,,,,12.00,,,,OZ,,,,,,2.25,,,,,
11,0072474200125,,,,1,,,ALBA BOTANICA,,,,,,SHAMPOO-BODY BUILDER MANGO,,,,,32.00,,,,FOZ,,,,,,3.20,,,,,
12,0072474200124,,,,1,,,ALBA BOTANICA,,,,,,CONDITIONER-BODY BUILDER MANGO,,,,,32.00,,,,OZ,,,,,,3.20,,,,,
13,0072474200849,,,,1,,,ALBA BOTANICA,,,,,,COCONUT MILK LEAVE IN CONDTNING MIST,,,,,8.00,,,,FOZ,,,,,,2.00,,,,,
14,0072474200855,,,,1,,,ALBA BOTANICA,,,,,,SHAMPOO-COCONUT MILK-EXTRA RICH,,,,,12.00,,,,FOZ,,,,,,2.25,,,,,
15,0072474200861,,,,1,,,ALBA BOTANICA,,,,,,CONDITIONER-COCONUT MILK-EXTRA RICH,,,,,12.00,,,,OZ,,,,,,2.25,,,,,
16,0072474200127,,,,1,,,ALBA BOTANICA,,,,,,SHAMPOO-COCONUT MILK,,,,,32.00,,,,FOZ,,,,,,3.20,,,,,
17,0072474200126,,,,1,,,ALBA BOTANICA,,,,,,CONDITIONER-COCONUT MILK,,,,,32.00,,,,OZ,,,,,,3.20,,,,,
,,,,,---------------,,,,,,,,,,,,,,,,,,,,,,,,,,,,,
Positio,,,,UPC,,,Facings,,,,Brand,,,,,,Long Description,,,,Size,,,,UOM,,,Date,,,,Width,,
"-----------
Totals:",,"--------------------------------- ------------------------------------------------------------------------------------------------------------------ ------------ -------------------- ---------------
17",,,,,,,,,,,,,,,,,,,,,,,,,,,,,,,,
"Shelf: 20,   Length: 4' 0.00"",    Height: 0' 9.50"",   Depth: 1' 1.00"",   Product: 3' 11.97""",,,,,,,,,,,,,,,,,,,,,,,,,,,,,,,,,,
1,0084132010420,,,,1,,,ALAFFIA,,,,,,SHAMPOO-COCONUT REISHI,,,,,8.00,,,,FOZ,,,,,,3.00,,,,,
2,0084132010421,,,,1,,,ALAFFIA,,,,,,CONDITIONER-COCONUT REISHI,,,,,8.00,,,,FOZ,,,,,,3.00,,,,,
3,0084132010422,,,,1,,,ALAFFIA,,,,,,CONDITIONER-COCONUT REISHI CLEANSING,,,,,8.00,,,,FOZ,,,,,,3.00,,,,,
4,0084132010470,,,,1,,,ALAFFIA,,,,,,SHAMPOO-BALANCING NEEM,,,,,8.00,,,,FOZ,,,,,,3.00,,,,,
5,0084132010471,,,,1,,,ALAFFIA,,,,,,CONDITIONER-MOISTURIZING NEEM,,,,,8.00,,,,FOZ,,,,,,3.00,,,,,
6,0084132010729,,,,1,,,EVERYDAY COCONUT,,,,,,SHAMPOO-COCONUT PINEAPPLE,,,,,8.00,,,,FOZ,,,,,,3.00,,,,,
7,0084132010739,,,,1,,,EVERYDAY COCONUT,,,,,,CONDITIONER-COCONUT PINEAPPLE,,,,,8.00,,,,FOZ,,,,,,3.00,,,,,
8,0084132010728,,,,1,,,EVERYDAY COCONUT,,,,,,SHAMPOO-PURELY COCONUT,,,,,8.00,,,,FOZ,,,,,,3.00,,,,,
9,0084132010738,,,,1,,,EVERYDAY COCONUT,,,,,,CONDITIONER-PURELY COCONUT,,,,,8.00,,,,FOZ,,,,,,3.00,,,,,
10,0064667046599,,,,1,,,SPROUTS,,,,,,SHAMPOO-WEIGHTLESS HYDRATION,,,,,10.00,,,,FOZ,,,,,,3.07,,,,,
11,0064667046605,,,,1,,,SPROUTS,,,,,,CONDITIONER-WEIGHTLESS HYDRATION,,,,,10.00,,,,FOZ,,,,,,3.07,,,,,
12,0064667046600,,,,1,,,SPROUTS,,,,,,SHAMPOO-FLAWLESS PROTECTION,,,,,10.00,,,,FOZ,,,,,,3.07,,,,,
13,0064667046606,,,,1,,,SPROUTS,,,,,,CONDITIONER-FLAWLESS PROTECTION,,,,,10.00,,,,FOZ,,,,,,3.07,,,,,
14,0064667046601,,,,1,,,SPROUTS,,,,,,SHAMPOO-FEARLESS VOLUME,,,,,10.00,,,,FOZ,,,,,,3.07,,,,,
15,0064667046607,,,,1,,,SPROUTS,,,,,,CONDITIONER-FEARLESS VOLUME,,,,,10.00,,,,FOZ,,,,,,3.07,,,,,
,,,,,---------------,,,,,,,,,,,,,,,,,,,,,,,,,,,,,
Totals:,,,,,15,,,,,,,,,,,,,,,,,,,,,,,,,,,,,
"Shelf: 21,   Length: 4' 0.00"",    Height: 0' 8.50"",   Depth: 1' 1.00"",   Product: 3' 11.99""",,,,,,,,,,,,,,,,,,,,,,,,,,,,,,,,,,
1,0071623703008,,,,1,,,GIOVANNI,,,,,,SHAMPOO-50/50 BALANCE,,,,,8.50,,,,FOZ,,,,,,2.50,,,,,
2,0071623704008,,,,1,,,GIOVANNI,,,,,,CONDITIONER-HAIR REMOIST,,,,,8.50,,,,FOZ,,,,,,2.50,,,,,
3,0071623718171,,,,1,,,GIOVANNI,,,,,,SHAMPOO-ROOT 66,,,,,8.50,,,,FOZ,,,,,,2.50,,,,,
4,0071623718172,,,,1,,,GIOVANNI,,,,,,CONDITIONER-ROUTE 66,,,,,8.50,,,,FOZ,,,,,,2.50,,,,,
5,0071623713008,,,,1,,,GIOVANNI,,,,,,SHAMPOO-TEA TREE,,,,,8.50,,,,FOZ,,,,,,2.50,,,,,
6,0071623715008,,,,1,,,GIOVANNI,,,,,,CONDITIONER-TEA TREE,,,,,8.50,,,,FOZ,,,,,,2.50,,,,,
7,0071623701008,,,,1,,,GIOVANNI,,,,,,SHAMPOO-GOLDEN WHEAT,,,,,8.50,,,,FOZ,,,,,,2.50,,,,,
8,0071623707008,,,,1,,,GIOVANNI,,,,,,CONDITIONER-DIRECT STAY IN,,,,,8.50,,,,FOZ,,,,,,2.50,,,,,
9,0071623718053,,,,1,,,GIOVANNI,,,,,,SHAMPOO-SMOOTH AS SILK,,,,,8.50,,,,FOZ,,,,,,2.50,,,,,
10,0071623702008,,,,1,,,GIOVANNI,,,,,,CONDITIONER-SMOOTH AS SILK,,,,,8.50,,,,FOZ,,,,,,2.50,,,,,
11,0071623706008,,,,1,,,GIOVANNI,,,,,,RECONSTRUCTOR-HAIR-NUTRAFIXX,,,,,6.80,,,,FOZ,,,,,,3.03,,,,,
12,0071623705008,,,,1,,,GIOVANNI,,,,,,HAIR THICKENER-MORE BODY,,,,,6.80,,,,FOZ,,,,,,3.03,,,,,
13,0071623710008,,,,1,,,GIOVANNI,,,,,,STYLING GEL-LA NATURAL,,,,,6.80,,,,FOZ,,,,,,3.03,,,,,
14,0071623712008,,,,1,,,GIOVANNI,,,,,,HAIR MOUSSE-NATURAL,,,,,7.00,,,,FOZ,,,,,,1.90,,,,,
15,0071623711008,,,,2,,,GIOVANNI,,,,,,HAIR SPRITZ-LA HOLD,,,,,5.00,,,,FOZ,,,,,,1.50,,,,,
16,0071623709008,,,,1,,,GIOVANNI,,,,,,HAIR TREATMENT-VITAPRO,,,,,5.10,,,,FOZ,,,,,,1.50,,,,,
Positio,,,,UPC,,,Facings,,,,Brand,,,,,,Long Description,,,,Size,,,,UOM,,,Date,,,,Width,,
-----------   --------------------------------- ------------------------------------------------------------------------------------------------------------------ ------------ -------------------- ---------------,,,,,,,,,,,,,,,,,,,,,,,,,,,,,,,,,,
17,0071623714008,,,,1,,,GIOVANNI,,,,,,ANTI FRIZZ-FRIZZ BE GONE,,,,,2.75,,,,FOZ,,,,,,1.30,,,,,
18,0071623718169,,,,1,,,GIOVANNI,,,,,,HAIR WAX-WICKED WAX,,,,,2.00,,,,OZ,,,,,,2.82,,,,,
19,0071623718036,,,,1,,,GIOVANNI,,,,,,FINISHING MIST-SHINE OF THE TIMES,,,,,4.30,,,,FOZ,,,,,,1.98,,,,,
,,,,,---------------,,,,,,,,,,,,,,,,,,,,,,,,,,,,,
Totals:,,,,,20,,,,,,,,,,,,,,,,,,,,,,,,,,,,,
"Shelf: 22,   Length: 4' 0.00"",    Height: 1' 2.00"",   Depth: 1' 1.00"",   Product: 4' 0.00""",,,,,,,,,,,,,,,,,,,,,,,,,,,,,,,,,,
1,0071623718493,,,,1,,,GIOVANNI,,,,,,CONDITIONER-BLACKBERRY & COCNUT MILK,,,,,24.00,,,,FOZ,,,,,,2.80,,,,,
2,0071623718480,,,,1,,,GIOVANNI,,,,,,SHAMPOO-2 CHIC-ULTRA REPAIR,,,,,8.50,,,,FOZ,,,,,,3.00,,,,,
3,0071623718481,,,,1,,,GIOVANNI,,,,,,CONDITIONER-2 CHIC-ULTRA REPAIR,,,,,8.50,,,,FOZ,,,,,,3.00,,,,,
4,0071623718482,,,,1,,,GIOVANNI,,,,,,HAIR MASK-INTENSIVE-2 CHIC,,,,,5.10,,,,FOZ,,,,,,2.43,,,,,
5,0071623718483,,,,1,,,GIOVANNI,,,,,,2 CHIC LEAVE IN CONDITIONING ELIXIR,,,,,4.00,,,,FOZ,,,,,,1.50,,,,,
6,0071623718485,,,,1,,,GIOVANNI,,,,,,2 CHIC HAIR OIL SERUM,,,,,2.75,,,,FOZ,,,,,,1.30,,,,,
7,0071623718523,,,,1,,,GIOVANNI,,,,,,HOT OIL HAIR TRTMNT-2 CHIC,,,,,1.75,,,,FOZ,,,,,,3.25,,,,,
8,0071623718533,,,,1,,,GIOVANNI,,,,,,HOT OIL HAIR TREATMENT-2 CHIC BOX,,,,,12.00,,,,PK,,,,,,3.55,,,,,
9,0071623718557,,,,1,,,GIOVANNI,,,,,,SHAMPOO-FRIZZ BE GONE-SHEA BUTTER,,,,,8.50,,,,FOZ,,,,,,3.00,,,,,
10,0071623718558,,,,1,,,GIOVANNI,,,,,,CONDITIONER-FRIZZ BE GONE-SHEA BUTTR,,,,,8.50,,,,FOZ,,,,,,3.00,,,,,
11,0071623718560,,,,1,,,GIOVANNI,,,,,,LEAVE-IN CONDITIONER-SHEA BUTTER,,,,,4.00,,,,FOZ,,,,,,1.50,,,,,
12,0071623718562,,,,1,,,GIOVANNI,,,,,,ANTI FRIZZ POLISH SERUM-SWEET ALMOND,,,,,2.75,,,,FOZ,,,,,,1.35,,,,,
13,0071623718563,,,,1,,,GIOVANNI,,,,,,ANTI FRIZZ HAIR BALM-SHEA BUTTER,,,,,5.00,,,,FOZ,,,,,,1.90,,,,,
14,0071623718565,,,,1,,,GIOVANNI,,,,,,HOT OIL TREATMENT-SHEA BUTTER,,,,,1.75,,,,OZ,,,,,,3.25,,,,,
15,0071623718564,,,,1,,,GIOVANNI,,,,,,HOT OIL HAIR TREATMENT TRAY,,,,,12.00,,,,PK,,,,,,3.55,,,,,
16,0071623718411,,,,1,,,GIOVANNI,,,,,,SHAMPOO-BRAZILN KERATIN & ARGAN OIL,,,,,24.00,,,,FOZ,,,,,,2.80,,,,,
17,0071623718412,,,,1,,,GIOVANNI,,,,,,CONDITIONER-BRAZILN KERTN & ARGN OIL,,,,,24.00,,,,FOZ,,,,,,2.80,,,,,
18,0071623718359,,,,1,,,GIOVANNI,,,,,,SHAMPOO-2 CHIC-ULTRA SLEEK,,,,,8.50,,,,FOZ,,,,,,3.00,,,,,
19,0071623718360,,,,1,,,GIOVANNI,,,,,,CONDITIONER-2 CHIC-ULTRA SLEEK,,,,,8.50,,,,FOZ,,,,,,3.00,,,,,
20,0071623718361,,,,1,,,GIOVANNI,,,,,,2 CHIC-CONDITIONER-LEAVE IN,,,,,4.00,,,,FOZ,,,,,,1.50,,,,,
,,,,,---------------,,,,,,,,,,,,,,,,,,,,,,,,,,,,,
Totals:,,,,,20,,,,,,,,,,,,,,,,,,,,,,,,,,,,,