Project Type: STS 05/21/2018 Buyer: Abby Mullen x324 Analyst: Tim Esch x596,,,,,,,,,,,,,,"9/21/2018
Vitamin Department
30219 Herbal Capsules-Extracts-Teas-12'L-Released",,,,,,,,,,,,,,,,,,,,,,,,,,,,,
"Shelf 8:  Height 1' 0.00"", Length 4' 0.00"", Depth 1' 1.00""",,,,,,,,,,,,,,,"Shelf 16:  Height 1' 0.00"", Length 4' 0.00"", Depth 1' 1.00""",,,,,,,,,,,"Shelf 24:  Height 1' 0.00"", Length 4' 0.00"", Depth 1' 1.00""",,,,,,,,,,,,,,,,,
"Shelf 7:  Height 0' 5.50"", Length 4' 0.00"", Depth 1' 1.00""",,,,,,,,,,,,,,,"Shelf 15:  Height 0' 5.50"", Length 4' 0.00"", Depth 1' 1.00""",,,,,,,,,,,"Shelf 23:  Height 0' 5.50"", Length 4' 0.00"", Depth 1' 1.00""",,,,,,,,,,,,,,,,,
"Shelf 6:  Height 0' 5.50"", Length 4' 0.00"", Depth 1' 1.00""",,,,,,,,,,,,,,,"Shelf 14:  Height 0' 5.50"", Length 4' 0.00"", Depth 1' 1.00""",,,,,,,,,,,"Shelf 22:  Height 0' 5.50"", Length 4' 0.00"", Depth 1' 1.00""",,,,,,,,,,,,,,,,,
"Shelf 5:  Height 0' 6.50"", Length 4' 0.00"", Depth 1' 1.00""",,,,,,,,,,,,,,,"Shelf 13:  Height 0' 6.50"", Length 4' 0.00"", Depth 1' 1.00""",,,,,,,,,,,"Shelf 21:  Height 0' 6.50"", Length 4' 0.00"", Depth 1' 1.00""",,,,,,,,,,,,,,,,,
"Shelf 4:  Height 0' 6.50"", Length 4' 0.00"", Depth 1' 1.00""",,,,,,,,,,,,,,,"Shelf 12:  Height 0' 6.50"", Length 4' 0.00"", Depth 1' 1.00""",,,,,,,,,,,"Shelf 20:  Height 0' 6.50"", Length 4' 0.00"", Depth 1' 1.00""",,,,,,,,,,,,,,,,,
"Shelf 3:  Height 0' 5.50"", Length 4' 0.00"", Depth 1' 1.00""",,,,,,,,,,,,,,,"Shelf 11:  Height 0' 5.50"", Length 4' 0.00"", Depth 1' 1.00""",,,,,,,,,,,"Shelf 19:  Height 0' 6.50"", Length 4' 0.00"", Depth 1' 1.00""",,,,,,,,,,,,,,,,,
"Shelf 2:  Height 0' 6.50"", Length 4' 0.00"", Depth 1' 1.00""",,,,,,,,,,,,,,,"Shelf 10:  Height 0' 6.50"", Length 4' 0.00"", Depth 1' 1.00""",,,,,,,,,,,"Shelf 18:  Height 0' 6.50"", Length 4' 0.00"", Depth 1' 1.00""",,,,,,,,,,,,,,,,,
"Shelf 1:  Height 0' 7.50"", Length 4' 0.00"", Depth 1' 1.00""",,,,,,,,,,,,,,,"Shelf 9:  Height 0' 7.50"", Length 4' 0.00"", Depth 1' 1.00""",,,,,,,,,,,"Shelf 17:  Height 0' 6.50"", Length 4' 0.00"", Depth 1' 1.00""",,,,,,,,,,,,,,,,,
Location(s): CA Notes:,,,,,,,,,,,,,,,,,,,,"Confidential-For Sprouts Use Only
Page 1 / 1",,,,,,,,,,,,,,,,,,,,,,,
,,,,,,,,,,,,,,,,,,,,,,,,,,,,,,,,,,,,,,,,,,,
,,,,,,,,,,,,,,,,,,,,,,,,,,,,,,,,,,,,,,,,,,,
,,,,,,,,,,,,,,,,,,,,,,,,,,,,,,,,,First,,,,,,Product,,,,
Positio,,,UPC,,,,Facings,,,Brand,,,,,,,,Long Description,,,,,,Size,,,,,UOM,,,,Date,,,,,,Width,,,,
-----------   --------------------------------- ------------------------------------------------------------------------------------------------------------------ ------------ -------------------- ---------------,,,,,,,,,,,,,,,,,,,,,,,,,,,,,,,,,,,,,,,,,,,
"Shelf: 1,   Length: 4' 0.00"",    Height: 0' 7.50"",   Depth: 1' 1.00"",   Product: 3' 11.88""",,,,,,,,,,,,,,,,,,,,,,,,,,,,,,,,,,,,,,,,,,,
1,,0002743403799,,,,1,,,ALVITA TEAS,,,,,,,,TEA-ORG-HERBAL-CHAMOMILE,,,,,,24.00,,,,BAG,,,,,Jun  5 2016 1,,,,,,3.35,,,,,
2,,0002743403816,,,,2,,,ALVITA TEAS,,,,,,,,TEA-ORG-HERBAL-DANDELION ROOT,,,,,,24.00,,,,BAG,,,,,Jun  5 2016 1,,,,,,3.35,,,,,
3,,0002743403804,,,,1,,,ALVITA TEAS,,,,,,,,TEA-ORG-HERBAL-FENNEL,,,,,,24.00,,,,BAG,,,,,Jun  5 2016 1,,,,,,3.35,,,,,
4,,0002743403806,,,,1,,,ALVITA TEAS,,,,,,,,TEA-ORG-HERBAL-FENUGREEK,,,,,,24.00,,,,BAG,,,,,Jun  5 2016 1,,,,,,3.35,,,,,
5,,0002743403822,,,,1,,,ALVITA TEAS,,,,,,,,TEA-ORG-HERBAL-GINGER-PEPPERMINT,,,,,,24.00,,,,BAG,,,,,Jun  5 2016 1,,,,,,3.35,,,,,
6,,0002743403803,,,,2,,,ALVITA TEAS,,,,,,,,TEA-ORG-HERBAL-NETTLE,,,,,,24.00,,,,BAG,,,,,Jun  5 2016 1,,,,,,3.35,,,,,
7,,0002743403800,,,,1,,,ALVITA TEAS,,,,,,,,TEA-ORG-HERBAL-RED C LOVER,,,,,,24.00,,,,BAG,,,,,Jun  5 2016 1,,,,,,3.35,,,,,
8,,0002743403818,,,,1,,,ALVITA TEAS,,,,,,,,TEA-ORG-HERBAL-RASPBERRY,,,,,,24.00,,,,BAG,,,,,Jun  5 2016 1,,,,,,3.35,,,,,
9,,0002743403819,,,,1,,,ALVITA TEAS,,,,,,,,TEA-ORG-HERBAL-SAGE,,,,,,24.00,,,,BAG,,,,,Jun  5 2016 1,,,,,,3.35,,,,,
10,,0002743403801,,,,1,,,ALVITA TEAS,,,,,,,,TEA-ORG-HERBAL-SENNA,,,,,,24.00,,,,BAG,,,,,Jun  5 2016 1,,,,,,3.35,,,,,
11,,0002743403919,,,,1,,,ALVITA TEAS,,,,,,,,TEA-ORG-HERBAL-TURMERIC ROOT,,,,,,24.00,,,,BAG,,,,,Jun  5 2016 1,,,,,,3.35,,,,,
12,,0002743403820,,,,1,,,ALVITA TEAS,,,,,,,,TEA-ORG-HERBAL-VALERIAN ROOT,,,,,,24.00,,,,BAG,,,,,Jun  5 2016 1,,,,,,3.35,,,,,
,,,,,,---------------,,,,,,,,,,,,,,,,,,,,,,,,,,,,,,,,,,,,,
Totals:,,,,,,14,,,,,,,,,,,,,,,,,,,,,,,,,,,,,,,,,,,,,
"Shelf: 2,   Length: 4' 0.00"",    Height: 0' 6.50"",   Depth: 1' 1.00"",   Product: 4' 0.00""",,,,,,,,,,,,,,,,,,,,,,,,,,,,,,,,,,,,,,,,,,,
1,,0075106314527,,,,1,,,GAIA HERBS,,,,,,,,HERBAL TEA-BRONCHIAL WELLNESS,,,,,,16.00,,,,CNT,,,,,Jun  5 2016 1,,,,,,3.20,,,,,
2,,0075106314532,,,,2,,,GAIA HERBS,,,,,,,,HERBAL TEA-CLEANSE & DETOX,,,,,,16.00,,,,CNT,,,,,Jun  5 2016 1,,,,,,3.20,,,,,
3,,0075106314533,,,,1,,,GAIA HERBS,,,,,,,,HERBAL TEA-DIET SLIM,,,,,,16.00,,,,CNT,,,,,Jun  5 2016 1,,,,,,3.20,,,,,
4,,0075106314686,,,,1,,,GAIA HERBS,,,,,,,,HERBAL TEA-HIBISCUS-ORGANIC,,,,,,16.00,,,,CNT,,,,,Sep 25 2016 1,,,,,,3.20,,,,,
5,,0075106314685,,,,1,,,GAIA HERBS,,,,,,,,HERBAL TEA-ESSENTIAL TULSI-ORGANIC,,,,,,16.00,,,,CNT,,,,,,,,,,,3.20,,,,,
6,,0075106314528,,,,2,,,GAIA HERBS,,,,,,,,HERBAL TEA-GAS & BLOATING,,,,,,16.00,,,,CNT,,,,,Jun  5 2016 1,,,,,,3.20,,,,,
7,,0075106314594,,,,1,,,GAIA HERBS,,,,,,,,HERBAL TEA-LACTATION SUPPORT-ORG,,,,,,16.00,,,,CNT,,,,,,,,,,,3.20,,,,,
8,,0075106314529,,,,1,,,GAIA HERBS,,,,,,,,HERBAL TEA-NATURAL LAXATIVE-ORGANIC,,,,,,16.00,,,,CNT,,,,,Jun  5 2016 1,,,,,,3.20,,,,,
9,,0075106314612,,,,1,,,GAIA HERBS,,,,,,,,HERBAL TEA-LIVER CLEANSE,,,,,,16.00,,,,CNT,,,,,Sep 18 2016 1,,,,,,3.20,,,,,
10,,0075106314613,,,,1,,,GAIA HERBS,,,,,,,,HERBAL TEA-SINUS COMFORT-ORGANIC,,,,,,16.00,,,,CNT,,,,,,,,,,,3.20,,,,,
11,,0075106314530,,,,2,,,GAIA HERBS,,,,,,,,HERBAL TEA-SLEEP & RELAX-ORGANIC,,,,,,16.00,,,,CNT,,,,,Jun  5 2016 1,,,,,,3.20,,,,,
12,,0075106314590,,,,1,,,GAIA HERBS,,,,,,,,HERBAL TEA-THROAT SHIELD-ORGANIC,,,,,,16.00,,,,CNT,,,,,,,,,,,3.20,,,,,
,,,,,,---------------,,,,,,,,,,,,,,,,,,,,,,,,,,,,,,,,,,,,,
Totals:,,,,,,15,,,,,,,,,,,,,,,,,,,,,,,,,,,,,,,,,,,,,
"Shelf: 3,   Length: 4' 0.00"",    Height: 0' 5.50"",   Depth: 1' 1.00"",   Product: 3' 11.97""",,,,,,,,,,,,,,,,,,,,,,,,,,,,,,,,,,,,,,,,,,,
1,,0007628001440,,,,1,,,SOLARAY,,,,,,,,PAU D ARCO INNER BARK-510 MG,,,,,,100.00,,,,CAP,,,,,Jun  5 2016 1,,,,,,2.52,,,,,
2,,0007628001480,,,,1,,,SOLARAY,,,,,,,,RED CLOVER-375 MG,,,,,,100.00,,,,CAP,,,,,Jun  5 2016 1,,,,,,2.00,,,,,
3,,0007628001490,,,,1,,,SOLARAY,,,,,,,,RED RASPBERRY-400 MG,,,,,,100.00,,,,CAP,,,,,Jun  5 2016 1,,,,,,2.00,,,,,
Positio,,,,,UPC,,Facings,,,,,,Brand,,,,,,Long Description,,,,,,Size,,,,,UOM,,,,,Date,,,,,Width,,,
-----------   --------------------------------- ------------------------------------------------------------------------------------------------------------------ ------------ -------------------- ---------------,,,,,,,,,,,,,,,,,,,,,,,,,,,,,,,,,,,,,,,,,,,
4,0007628001510,1,SOLARAY,ROSE HIPS,100.00,CAP,
5,0007628001550,1,SOLARAY,SAW PALMETTO BERRIES-580 MG,100.00,CAP,
6,0007628001551,1,SOLARAY,SAW PALMETTO BERRIES-580 MG,180.00,CAP,
7,0007628001555,1,SOLARAY,SCHIZANDRA BERRIES,100.00,CAP,
8,0007628001560,1,SOLARAY,SKULLCAP,100.00,CAP,
9,0007628001570,1,SOLARAY,SENNA LEAVES-470 MG,100.00,CAP,
10,0007628001590,2,SOLARAY,SLIPPERY ELM BARK-400 MG,100.00,CAP,
11,0007628001553,1,SOLARAY,ST JOHNS WORT,100.00,CAP,
12,0007628054433,1,SOLARAY,TONGKAT ALI 400 MG,60.00,VCP,
13,0007628001630,1,SOLARAY,VALERIAN ROOT-470 MG,100.00,CAP,
14,0007628001650,1,SOLARAY,WHITE OAK BARK,100.00,CAP,
15,0007628001660,1,SOLARAY,WHITE WILLOW BARK-400 MG,100.00,CAP,
16,0007628001670,1,SOLARAY,WILD YAM ROOT-400 MG,100.00,CAP,
17,0007628001690,1,SOLARAY,YARROW,100.00,CAP,
18,0007628001378,1,SOLARAY,MAITAKE MUSHROOM-600 MG,100.00,CAP,
19,0007628001505,1,SOLARAY,REISHI MUSHROOM-600 MG,100.00,CAP,
20,0007628038735,1,SOLARAY,FERMENTED CHAGA 500 MG,60.00,VCP,
21,0007628077193,1,SOLARAY,FERMENTED CORDYCEPS 500 MG,60.00,VCP,
22,0007628015379,1,SOLARAY,ORG GROWN FERMENTED ROYAL AGARICUS,60.00,VCP,
Totals:,,
"Shelf: 4,   Length: 4' 0.00"",    Height: 0' 6.50"",   Depth: 1' 1.00"",   Product: 3' 11.81""",,,,,,,,,,,,,,,,,,,,,,,,,,,,,,,,,,,,,,,,,,,
1,,0007628001275,,,,1,,,SOLARAY,,,,,,,,FEVERFEW LEAVES-380 MG,,,,,,100.00,,,,CAP,,,,,Jun  5 2016 1,,,,,,2.00,,,,,
2,,0007628001270,,,,1,,,SOLARAY,,,,,,,,FENUGREEK SEEDS,,,,,,100.00,,,,CAP,,,,,Jun  5 2016 1,,,,,,2.00,,,,,
3,,0007628001271,,,,1,,,SOLARAY,,,,,,,,FENUGREEK-620 MG,,,,,,180.00,,,,CAP,,,,,Jun  5 2016 1,,,,,,2.53,,,,,
4,,0007628001280,,,,1,,,SOLARAY,,,,,,,,FO-TI-610 MG,,,,,,100.00,,,,CAP,,,,,Jun  5 2016 1,,,,,,2.00,,,,,
5,,0007628098637,,,,1,,,SOLARAY,,,,,,,,BLACK GARLIC,,,,,,50.00,,,,VCP,,,,,Jun  5 2016 1,,,,,,2.00,,,,,
6,,0007628001289,,,,1,,,SOLARAY,,,,,,,,GARLIC,,,,,,100.00,,,,CAP,,,,,Jun  5 2016 1,,,,,,2.00,,,,,
7,,0007628001300,,,,1,,,SOLARAY,,,,,,,,GINGER ROOT-550 MG,,,,,,100.00,,,,CAP,,,,,Jun  5 2016 1,,,,,,2.00,,,,,
8,,0007628001312,,,,1,,,SOLARAY,,,,,,,,GINSENG ROOT-KOREAN-550 MG,,,,,,50.00,,,,CAP,,,,,Jun  5 2016 1,,,,,,2.01,,,,,
9,,0007628001330,,,,1,,,SOLARAY,,,,,,,,GOTU KOLA-450 MG,,,,,,100.00,,,,CAP,,,,,Jun  5 2016 1,,,,,,2.00,,,,,
10,,0007628001331,,,,1,,,SOLARAY,,,,,,,,GREEN TEA-450 MG,,,,,,100.00,,,,CAP,,,,,Jun  5 2016 1,,,,,,2.00,,,,,
11,,0007628001340,,,,1,,,SOLARAY,,,,,,,,HAWTHORN BERRIES,,,,,,100.00,,,,CAP,,,,,Jun  5 2016 1,,,,,,2.00,,,,,
12,,0007628001350,,,,1,,,SOLARAY,,,,,,,,HORSETAIL,,,,,,100.00,,,,CAP,,,,,Jun  5 2016 1,,,,,,2.00,,,,,
13,,0007628001360,,,,1,,,SOLARAY,,,,,,,,JUNIPER BERRIES,,,,,,100.00,,,,CAP,,,,,Jun  5 2016 1,,,,,,2.00,,,,,
14,,0007628001365,,,,1,,,SOLARAY,,,,,,,,KELP,,,,,,100.00,,,,CAP,,,,,Jun  5 2016 1,,,,,,2.00,,,,,
15,,0007628001367,,,,1,,,SOLARAY,,,,,,,,LEMON BALM HERB-395 MG,,,,,,100.00,,,,CAP,,,,,Jun  5 2016 1,,,,,,2.52,,,,,
Positio,,,,,UPC,,Facings,,,,,,Brand,,,,,,Long Description,,,,,,Size,,,,,UOM,,,,,Date,,,,,Width,,,
-----------   --------------------------------- ------------------------------------------------------------------------------------------------------------------ ------------ -------------------- ---------------,,,,,,,,,,,,,,,,,,,,,,,,,,,,,,,,,,,,,,,,,,,
16,,0007628001370,,,,1,,,SOLARAY,,,,,,,,LICORICE-450 MG,,,,,,100.00,,,,CAP,,,,,Jun  5 2016 1,,,,,,2.00,,,,,
17,,0007628001376,,,,1,,,SOLARAY,,,,,,,,MACA ROOT-525 MG,,,,,,100.00,,,,CAP,,,,,Jun  5 2016 1,,,,,,2.00,,,,,
18,,0007628012627,,,,1,,,SOLARAY,,,,,,,,MOTHERWORT,,,,,,100.00,,,,VCP,,,,,Jun  5 2016 1,,,,,,2.52,,,,,
19,,0007628001390,,,,1,,,SOLARAY,,,,,,,,MULLEIN LEAVES,,,,,,100.00,,,,CAP,,,,,Jun  5 2016 1,,,,,,2.00,,,,,
20,,0007628001410,,,,1,,,SOLARAY,,,,,,,,NETTLE LEAVES-450 MG,,,,,,100.00,,,,CAP,,,,,Jun  5 2016 1,,,,,,2.00,,,,,
21,,0007628023887,,,,1,,,SOLARAY,,,,,,,,OKRA 400 MG,,,,,,100.00,,,,VCP,,,,,Jun  5 2016 1,,,,,,2.00,,,,,
22,,0007628001415,,,,1,,,SOLARAY,,,,,,,,OREGON GRAPE ROOT,,,,,,100.00,,,,CAP,,,,,Jun  5 2016 1,,,,,,2.00,,,,,
23,,0007628001430,,,,1,,,SOLARAY,,,,,,,,PASSION FLOWER-350 MG,,,,,,100.00,,,,CAP,,,,,Jun  5 2016 1,,,,,,2.00,,,,,
,,,,,,---------------,,,,,,,,,,,,,,,,,,,,,,,,,,,,,,,,,,,,,
Totals:,,,,,,23,,,,,,,,,,,,,,,,,,,,,,,,,,,,,,,,,,,,,
"Shelf: 5,   Length: 4' 0.00"",    Height: 0' 6.50"",   Depth: 1' 1.00"",   Product: 3' 11.94""",,,,,,,,,,,,,,,,,,,,,,,,,,,,,,,,,,,,,,,,,,,
1,,0007628003355,,,,1,,,SOLARAY,,,,,,,,GP TART CHERRY 425 MG,,,,,,90.00,,,,VCP,,,,,Jun  5 2016 1,,,,,,1.98,,,,,
2,,0007628003900,,,,1,,,SOLARAY,,,,,,,,GP VALERIAN ROOT EXT-50 MG,,,,,,60.00,,,,CAP,,,,,Jun  5 2016 1,,,,,,2.00,,,,,
3,,0007628000110,,,,1,,,SOLARAY,,,,,,,,ALFALFA 500 MG,,,,,,100.00,,,,CAP,,,,,Jun  5 2016 1,,,,,,2.00,,,,,
4,,0007628000130,,,,1,,,SOLARAY,,,,,,,,ASTRAGALUS 400 MG,,,,,,100.00,,,,CAP,,,,,Jun  5 2016 1,,,,,,2.00,,,,,
5,,0007628001418,,,,1,,,SOLARAY,,,,,,,,AVENA SATIVA 350 MG,,,,,,100.00,,,,CAP,,,,,Jun  5 2016 1,,,,,,2.00,,,,,
6,,0007628000170,,,,1,,,SOLARAY,,,,,,,,BLACK COHOSH 540 MG,,,,,,100.00,,,,CAP,,,,,Jun  5 2016 1,,,,,,2.00,,,,,
7,,0007628000185,,,,1,,,SOLARAY,,,,,,,,BLADDERWRACK 580 MG,,,,,,100.00,,,,CAP,,,,,Jun  5 2016 1,,,,,,2.00,,,,,
8,,0007628000190,,,,1,,,SOLARAY,,,,,,,,BLESSED THISTLE,,,,,,100.00,,,,CAP,,,,,Jun  5 2016 1,,,,,,2.00,,,,,
9,,0007628001120,,,,1,,,SOLARAY,,,,,,,,CASCARA SAGRADA,,,,,,100.00,,,,CAP,,,,,Jun  5 2016 1,,,,,,2.00,,,,,
10,,0007628001125,,,,1,,,SOLARAY,,,,,,,,CATS CLAW BARK,,,,,,100.00,,,,CAP,,,,,Jun  5 2016 1,,,,,,2.52,,,,,
11,,0007628001130,,,,1,,,SOLARAY,,,,,,,,CAYENNE 40000,,,,,,100.00,,,,CAP,,,,,Jun  5 2016 1,,,,,,2.00,,,,,
12,,0007628001134,,,,1,,,SOLARAY,,,,,,,,CAYENNE 100000,,,,,,100.00,,,,CAP,,,,,Jun  5 2016 1,,,,,,2.00,,,,,
13,,0007628001140,,,,1,,,SOLARAY,,,,,,,,CAYENNE WITH GARLIC,,,,,,100.00,,,,CAP,,,,,Jun  5 2016 1,,,,,,2.00,,,,,
14,,0007628008100,,,,1,,,SOLARAY,,,,,,,,COOL CAYENNE 40000HU,,,,,,90.00,,,,CAP,,,,,Jun  5 2016 1,,,,,,2.00,,,,,
15,,0007628008102,,,,1,,,SOLARAY,,,,,,,,COOL CAYENNE EXTRA HOT,,,,,,90.00,,,,CAP,,,,,Jun  5 2016 1,,,,,,2.00,,,,,
16,,0007628001154,,,,1,,,SOLARAY,,,,,,,,CELERY SEED,,,,,,100.00,,,,CAP,,,,,Jun  5 2016 1,,,,,,2.00,,,,,
17,,0007628001180,,,,1,,,SOLARAY,,,,,,,,CHICKWEED,,,,,,100.00,,,,CAP,,,,,Jun  5 2016 1,,,,,,2.00,,,,,
18,,0007628001210,,,,1,,,SOLARAY,,,,,,,,DANDELION ROOT,,,,,,100.00,,,,CAP,,,,,Jun  5 2016 1,,,,,,2.00,,,,,
19,,0007628001220,,,,1,,,SOLARAY,,,,,,,,DEVILS CLAW,,,,,,100.00,,,,CAP,,,,,Jun  5 2016 1,,,,,,2.00,,,,,
20,,0007628001235,,,,1,,,SOLARAY,,,,,,,,DONG QUAI,,,,,,100.00,,,,CAP,,,,,Jun  5 2016 1,,,,,,2.00,,,,,
21,,0007628001244,,,,1,,,SOLARAY,,,,,,,,ECHINACEA GOLDENSEAL,,,,,,100.00,,,,CAP,,,,,Jun  5 2016 1,,,,,,2.00,,,,,
22,,0007628001314,,,,1,,,SOLARAY,,,,,,,,ELEUTHERO,,,,,,100.00,,,,CAP,,,,,Jun  5 2016 1,,,,,,2.00,,,,,
23,,0007628001255,,,,1,,,SOLARAY,,,,,,,,EYEBRIGHT-400 MG,,,,,,100.00,,,,CAP,,,,,Jun  5 2016 1,,,,,,2.52,,,,,
,,,,,,---------------,,,,,,,,,,,,,,,,,,,,,,,,,,,,,,,,,,,,,
Totals:,,,,,,23,,,,,,,,,,,,,,,,,,,,,,,,,,,,,,,,,,,,,
Positio,,,,,UPC,,Facings,,,,,,Brand,,,,,,Long Description,,,,,,Size,,,,,UOM,,,,,Date,,,,,Width,,,
-----------   --------------------------------- ------------------------------------------------------------------------------------------------------------------ ------------ -------------------- ---------------,,,,,,,,,,,,,,,,,,,,,,,,,,,,,,,,,,,,,,,,,,,
"Shelf: 6,   Length: 4' 0.00"",    Height: 0' 5.50"",   Depth: 1' 1.00"",   Product: 3' 11.96""",,,,,,,,,,,,,,,,,,,,,,,,,,,,,,,,,,,,,,,,,,,
1,,0007628001910,,,,1,,,SOLARAY,,,,,,,,ORGANIC ALFALFA,,,,,,100.00,,,,VCP,,,,,Jun  5 2016 1,,,,,,2.00,,,,,
2,,0007628019110,,,,1,,,SOLARAY,,,,,,,,ORGANIC BURDOCK,,,,,,100.00,,,,VCP,,,,,Jun  5 2016 1,,,,,,2.00,,,,,
3,,0007628019210,,,,1,,,SOLARAY,,,,,,,,ORGANIC DANELION,,,,,,100.00,,,,VCP,,,,,Jun  5 2016 1,,,,,,2.00,,,,,
4,,0007628019270,,,,1,,,SOLARAY,,,,,,,,FENUGREEK SEED-ORGANIC,,,,,,100.00,,,,VCP,,,,,Jun  5 2016 1,,,,,,2.00,,,,,
5,,0007628019300,,,,1,,,SOLARAY,,,,,,,,ORGANIC GINGER ROOT,,,,,,100.00,,,,VCP,,,,,Jun  5 2016 1,,,,,,2.00,,,,,
6,,0007628038687,,,,1,,,SOLARAY,,,,,,,,ORGANICALLY GROWN FERMENTED GINGER,,,,,,100.00,,,,VCP,,,,,,,,,,,2.00,,,,,
7,,0007628027685,,,,1,,,SOLARAY,,,,,,,,ORGANIC MACA,,,,,,100.00,,,,VCP,,,,,Jun  5 2016 1,,,,,,2.00,,,,,
8,,0007628038170,,,,1,,,SOLARAY,,,,,,,,SAGE,,,,,,100.00,,,,VCP,,,,,Jun  5 2016 1,,,,,,2.00,,,,,
9,,0007628019550,,,,1,,,SOLARAY,,,,,,,,ORGANIC SAW PALMETTO,,,,,,100.00,,,,VCP,,,,,Jun  5 2016 1,,,,,,2.00,,,,,
10,,0007628003075,,,,1,,,SOLARAY,,,,,,,,BAMBOO,,,,,,60.00,,,,VCP,,,,,Jun  5 2016 1,,,,,,2.00,,,,,
11,,0007628020677,,,,1,,,SOLARAY,,,,,,,,BERBERINE,,,,,,60.00,,,,VCP,,,,,Apr 17 2016 1,,,,,,2.00,,,,,
12,,0007628003173,,,,1,,,SOLARAY,,,,,,,,GP BLACK COHOSH-ONE DAILY-180 MG,,,,,,30.00,,,,CAP,,,,,Jun  5 2016 1,,,,,,2.00,,,,,
13,,0007628011664,,,,1,,,SOLARAY,,,,,,,,GP BUTTERBUR EXTRACT 50 MG,,,,,,60.00,,,,VCP,,,,,Jun  5 2016 1,,,,,,1.95,,,,,
14,,0007628003600,,,,1,,,SOLARAY,,,,,,,,GP GINKGO BILOBA,,,,,,60.00,,,,CAP,,,,,Jun  5 2016 1,,,,,,2.00,,,,,
15,,0007628010746,,,,1,,,SOLARAY,,,,,,,,GREEN TEA EXTRACT 500 MG,,,,,,30.00,,,,VCP,,,,,Jun  5 2016 1,,,,,,2.00,,,,,
16,,0007628003656,,,,1,,,SOLARAY,,,,,,,,GP GUARANA SEED EXTRACT,,,,,,60.00,,,,CNT,,,,,Jun  5 2016 1,,,,,,2.00,,,,,
17,,0007628003666,,,,1,,,SOLARAY,,,,,,,,HORSE CHESTNUT EXTRACT,,,,,,60.00,,,,CAP,,,,,Jun  5 2016 1,,,,,,2.00,,,,,
18,,0007628084696,,,,1,,,SOLARAY,,,,,,,,MORINGA LEAF EXTRACT 450 MG,,,,,,60.00,,,,VCP,,,,,Jun  5 2016 1,,,,,,1.95,,,,,
19,,0007628011104,,,,1,,,SOLARAY,,,,,,,,PASSION FLOWER EXTRACT 250 MG,,,,,,60.00,,,,VCP,,,,,Jun  5 2016 1,,,,,,1.95,,,,,
20,,0007628011107,,,,1,,,SOLARAY,,,,,,,,SUPER RHODIOLA EXTRACT 500 MG,,,,,,60.00,,,,VCP,,,,,Jun  5 2016 1,,,,,,1.95,,,,,
21,,0007628013747,,,,2,,,SOLARAY,,,,,,,,TURMERIC ONE DAILY,,,,,,30.00,,,,VCP,,,,,Jun  5 2016 1,,,,,,1.97,,,,,
22,,0007628003800,,,,1,,,SOLARAY,,,,,,,,GP TURMERIC EXTRACT,,,,,,60.00,,,,VCP,,,,,Jun  5 2016 1,,,,,,2.00,,,,,
23,,0007628003802,,,,1,,,SOLARAY,,,,,,,,GP TURMERIC SPECIAL FORMULA,,,,,,60.00,,,,CAP,,,,,Jun  5 2016 1,,,,,,1.98,,,,,
,,,,,,---------------,,,,,,,,,,,,,,,,,,,,,,,,,,,,,,,,,,,,,
Totals:,,,,,,24,,,,,,,,,,,,,,,,,,,,,,,,,,,,,,,,,,,,,
"Shelf: 7,   Length: 4' 0.00"",    Height: 0' 5.50"",   Depth: 1' 1.00"",   Product: 3' 11.94""",,,,,,,,,,,,,,,,,,,,,,,,,,,,,,,,,,,,,,,,,,,
1,,0070619500090,,,,1,,,OREGON'S WILD HARVEST,,,,,,,,ASHWAGANDHA-ORGANIC,,,,,,90.00,,,,CAP,,,,,Jun  5 2016 1,,,,,,2.23,,,,,
2,,0070619500418,,,,1,,,OREGON'S WILD HARVEST,,,,,,,,ASTRAGALUS-ORGANIC,,,,,,90.00,,,,CAP,,,,,Jun  5 2016 1,,,,,,2.23,,,,,
3,,0070619500432,,,,1,,,OREGON'S WILD HARVEST,,,,,,,,TRUE CINNAMON-ORGANIC,,,,,,60.00,,,,CAP,,,,,Jun  5 2016 1,,,,,,2.23,,,,,
4,,0070619510601,,,,1,,,OREGON'S WILD HARVEST,,,,,,,,TRUE CINNAMON CEYLON,,,,,,120.00,,,,VCP,,,,,Jun  5 2016 1,,,,,,2.60,,,,,
5,,0070619500464,,,,1,,,OREGON'S WILD HARVEST,,,,,,,,CRANBERRY-ORGANIC,,,,,,60.00,,,,VCP,,,,,Jun  5 2016 1,,,,,,2.23,,,,,
6,,0070619500026,,,,1,,,OREGON'S WILD HARVEST,,,,,,,,DANDELION ROOT,,,,,,90.00,,,,VCP,,,,,Jun  5 2016 1,,,,,,2.23,,,,,
7,,0070619500087,,,,1,,,OREGON'S WILD HARVEST,,,,,,,,FENUGREEK-ORGANIC,,,,,,90.00,,,,CAP,,,,,Jun  5 2016 1,,,,,,2.23,,,,,
8,,0070619500052,,,,1,,,OREGON'S WILD HARVEST,,,,,,,,GINGER-ORGANIC,,,,,,90.00,,,,CAP,,,,,Jun  5 2016 1,,,,,,2.23,,,,,
9,,0070619500411,,,,1,,,OREGON'S WILD HARVEST,,,,,,,,HOLY BASIL,,,,,,60.00,,,,VCP,,,,,Jun  5 2016 1,,,,,,2.23,,,,,
10,,0070619500406,,,,1,,,OREGON'S WILD HARVEST,,,,,,,,LEMON BALM,,,,,,90.00,,,,VCP,,,,,Jun  5 2016 1,,,,,,2.23,,,,,
Positio,,,,,UPC,,Facings,,,,,,Brand,,,,,,Long Description,,,,,,Size,,,,,UOM,,,,,Date,,,,,Width,,,
-----------   --------------------------------- ------------------------------------------------------------------------------------------------------------------ ------------ -------------------- ---------------,,,,,,,,,,,,,,,,,,,,,,,,,,,,,,,,,,,,,,,,,,,
11,,0070619500019,,,,1,,,OREGON'S WILD HARVEST,,,,,,,,MILK THISTLE-ORGANIC,,,,,,90.00,,,,VCP,,,,,Jun  5 2016 1,,,,,,2.23,,,,,
12,,0070619510603,,,,1,,,OREGON'S WILD HARVEST,,,,,,,,MILK THISTLE,,,,,,180.00,,,,VCP,,,,,Jun  5 2016 1,,,,,,2.60,,,,,
13,,0070619500045,,,,1,,,OREGON'S WILD HARVEST,,,,,,,,FREEZE DRIED NETTLES-ORGANIC,,,,,,90.00,,,,CAP,,,,,Jun  5 2016 1,,,,,,2.23,,,,,
14,,0070619500415,,,,1,,,OREGON'S WILD HARVEST,,,,,,,,RHODIOLA,,,,,,60.00,,,,CAP,,,,,Jun  5 2016 1,,,,,,2.23,,,,,
15,,0070619500053,,,,1,,,OREGON'S WILD HARVEST,,,,,,,,SAW PALMETTO-ORGANIC,,,,,,90.00,,,,CAP,,,,,Jun  5 2016 1,,,,,,2.23,,,,,
16,,0070619500018,,,,1,,,OREGON'S WILD HARVEST,,,,,,,,SAW PALMETTO PYGEUM-ORG,,,,,,90.00,,,,CAP,,,,,Jun  5 2016 1,,,,,,2.23,,,,,
17,,0070619500047,,,,1,,,OREGON'S WILD HARVEST,,,,,,,,ST JOHNS WORT,,,,,,90.00,,,,CAP,,,,,Jun  5 2016 1,,,,,,2.23,,,,,
18,,0070619500410,,,,1,,,OREGON'S WILD HARVEST,,,,,,,,TURMERIC,,,,,,60.00,,,,CAP,,,,,Jun  5 2016 1,,,,,,2.23,,,,,
19,,0070619510604,,,,1,,,OREGON'S WILD HARVEST,,,,,,,,TURMERIC,,,,,,120.00,,,,VCP,,,,,Jun  5 2016 1,,,,,,2.60,,,,,
20,,0070619500469,,,,1,,,OREGON'S WILD HARVEST,,,,,,,,TURMERIPRO,,,,,,60.00,,,,VCP,,,,,,,,,,,2.23,,,,,
21,,0070619500048,,,,1,,,OREGON'S WILD HARVEST,,,,,,,,VALERIAN-ORGANIC,,,,,,90.00,,,,CAP,,,,,Jun  5 2016 1,,,,,,2.23,,,,,
,,,,,,---------------,,,,,,,,,,,,,,,,,,,,,,,,,,,,,,,,,,,,,
Totals:,,,,,,21,,,,,,,,,,,,,,,,,,,,,,,,,,,,,,,,,,,,,
"Shelf: 8,   Length: 4' 0.00"",    Height: 1' 0.00"",   Depth: 1' 1.00"",   Product: 3' 11.80""",,,,,,,,,,,,,,,,,,,,,,,,,,,,,,,,,,,,,,,,,,,
1,,0002107810640,,,,1,,,PLANETARY HERBALS,,,,,,,,HOLY BASIL,,,,,,2.00,,,,FOZ,,,,,Jun  5 2016 1,,,,,,1.53,,,,,
2,,0002107810678,,,,1,,,PLANETARY HERBALS,,,,,,,,TURMERIC-FULL SPECTRUM,,,,,,2.00,,,,FOZ,,,,,Jun  5 2016 1,,,,,,1.53,,,,,
3,,0002107810534,,,,1,,,PLANETARY HERBALS,,,,,,,,ASHWAGANDHA-FULL SPECTRUM,,,,,,60.00,,,,TAB,,,,,Jun  5 2016 1,,,,,,2.00,,,,,
4,,0002107810530,,,,1,,,PLANETARY HERBALS,,,,,,,,HOLY BASIL EXTRACT 450 MG,,,,,,60.00,,,,CAP,,,,,Jun  5 2016 1,,,,,,2.00,,,,,
5,,0002107810726,,,,1,,,PLANETARY HERBALS,,,,,,,,LEMON BALM-FULL SPECTRUM,,,,,,60.00,,,,CAP,,,,,Jun  5 2016 1,,,,,,2.05,,,,,
6,,0002107810397,,,,1,,,PLANETARY HERBALS,,,,,,,,TURMERIC EXTRACT-FULL SPECTRUM,,,,,,30.00,,,,TAB,,,,,Jun  5 2016 1,,,,,,1.84,,,,,
7,,0060506940101,,,,1,,,HIMALAYA,,,,,,,,ASHWAGANDHA,,,,,,60.00,,,,CAP,,,,,Jun  5 2016 1,,,,,,2.15,,,,,
8,,0060506943201,,,,1,,,HIMALAYA,,,,,,,,BACOPA-MENTAL ALERTNESS-ORG,,,,,,30.00,,,,CAP,,,,,Jun  5 2016 1,,,,,,1.95,,,,,
9,,0060506940301,,,,1,,,HIMALAYA,,,,,,,,BACOPA-ORGANIC,,,,,,60.00,,,,CAP,,,,,Jun  5 2016 1,,,,,,2.15,,,,,
10,,0060506942201,,,,1,,,HIMALAYA,,,,,,,,BITTER MELON-ORGANIC,,,,,,60.00,,,,CAP,,,,,Jun  5 2016 1,,,,,,2.16,,,,,
11,,0060506941601,,,,1,,,HIMALAYA,,,,,,,,BOSWELLIA,,,,,,60.00,,,,CNT,,,,,Jun  5 2016 1,,,,,,2.17,,,,,
12,,0060506942401,,,,1,,,HIMALAYA,,,,,,,,GARCINIA-ORGANIC,,,,,,60.00,,,,CAP,,,,,Jun  5 2016 1,,,,,,2.15,,,,,
13,,0060506943202,,,,1,,,HIMALAYA,,,,,,,,GARCINIA-WEIGHT CONTROL-ORG,,,,,,120.00,,,,CAP,,,,,Jun  5 2016 1,,,,,,2.38,,,,,
14,,0060506941901,,,,1,,,HIMALAYA,,,,,,,,GUGGUL,,,,,,60.00,,,,VCP,,,,,Jun  5 2016 1,,,,,,2.15,,,,,
15,,0060506941801,,,,1,,,HIMALAYA,,,,,,,,GYMNEMA-ORGANIC,,,,,,60.00,,,,CAP,,,,,Jun  5 2016 1,,,,,,2.21,,,,,
16,,0060506941101,,,,1,,,HIMALAYA,,,,,,,,HOLY BASIL,,,,,,60.00,,,,VCP,,,,,Jun  5 2016 1,,,,,,2.15,,,,,
17,,0060506942701,,,,1,,,HIMALAYA,,,,,,,,MUCUNA-ORGANIC,,,,,,60.00,,,,CAP,,,,,Jun  5 2016 1,,,,,,2.15,,,,,
18,,0060506941501,,,,1,,,HIMALAYA,,,,,,,,NEEM,,,,,,60.00,,,,CAP,,,,,Jun  5 2016 1,,,,,,2.15,,,,,
19,,0060506940401,,,,1,,,HIMALAYA,,,,,,,,TRIPHALA-ORG,,,,,,60.00,,,,CAP,,,,,Jun  5 2016 1,,,,,,2.15,,,,,
20,,0060506943204,,,,1,,,HIMALAYA,,,,,,,,TRIPHALA-DIGESTIVE SUPPORT-ORG,,,,,,90.00,,,,CAP,,,,,Jun  5 2016 1,,,,,,2.38,,,,,
21,,0060506943205,,,,1,,,HIMALAYA,,,,,,,,TURMERIC-ANTIOXIDANT JOINT SPT-ORG,,,,,,30.00,,,,VCP,,,,,Jun  5 2016 1,,,,,,2.15,,,,,
22,,0060506942501,,,,1,,,HIMALAYA,,,,,,,,TURMERIC,,,,,,60.00,,,,CAP,,,,,Jun  5 2016 1,,,,,,2.15,,,,,
23,,0060506960001,,,,1,,,HIMALAYA,,,,,,,,LIVER CARE POWDER-1 CT-PKT,,,,,,0.14,,,,OZ,,,,,,,,,,,1.90,,,,,
Positio,,,,,UPC,,Facings,,,,,,Brand,,,,,,Long Description,,,,,,Size,,,,,UOM,,,,,Date,,,,,Width,,,
-----------   --------------------------------- ------------------------------------------------------------------------------------------------------------------ ------------ -------------------- ---------------,,,,,,,,,,,,,,,,,,,,,,,,,,,,,,,,,,,,,,,,,,,
"24
Totals:",,,,0060506960003,,,,"1
--------------- 24",,,,,HIMALAYA,,,,LIVER CARE POWDER-30 CT-BOX,,,,,,4.20            OZ,,,,,,,,,,,,,,2.09,,,,,,
"Shelf: 9,   Length: 4' 0.00"",    Height: 0' 7.50"",   Depth: 1' 1.00"",   Product: 3' 11.97""",,,,,,,,,,,,,,,,,,,,,,,,,,,,,,,,,,,,,,,,,,,
1,,0085772700409,,,,1,,,ORGANIC MUSHROOM NUTRITION,,,,,,,,POWDER-MUSHROOM-ORG-CHAGA-100G,,,,,,3.57,,,,OZ,,,,,,,,,,,5.00,,,,,
2,,0089239200200,,,,1,,,ORGANIC MUSHROOM NUTRITION,,,,,,,,POWDER-MUSHROOM-ORG-CORDYCEPS,,,,,,3.57,,,,OZ,,,,,Jun  5 2016 1,,,,,,5.00,,,,,
3,,0089239200209,,,,1,,,ORGANIC MUSHROOM NUTRITION,,,,,,,,POWDER-MUSHROOM-ORG-LIONS MANE,,,,,,3.57,,,,OZ,,,,,Jun  5 2016 1,,,,,,5.00,,,,,
4,,0089239200201,,,,1,,,ORGANIC MUSHROOM NUTRITION,,,,,,,,POWDER-MUSHROOM-ORG-MAITAKE-100G,,,,,,3.57,,,,OZ,,,,,,,,,,,5.00,,,,,
5,,0089239200202,,,,1,,,ORGANIC MUSHROOM NUTRITION,,,,,,,,POWDER-MUSHROOM-ORG-REISHI,,,,,,3.57,,,,OZ,,,,,Jun  5 2016 1,,,,,,5.00,,,,,
6,,0089239200204,,,,1,,,ORGANIC MUSHROOM NUTRITION,,,,,,,,POWDER-MUSHROOM-ORG-TURKEY TAIL,,,,,,3.57,,,,OZ,,,,,Jun  5 2016 1,,,,,,5.00,,,,,
7,,0089239200279,,,,1,,,ORGANIC MUSHROOM NUTRITION,,,,,,,,POWDER-MUSHROOM-ORG-FIT,,,,,,3.57,,,,OZ,,,,,Jun  5 2016 1,,,,,,5.00,,,,,
8,,0089239200274,,,,1,,,ORGANIC MUSHROOM NUTRITION,,,,,,,,POWDER-MUSHROOM-ORG-IMMUNE,,,,,,3.57,,,,OZ,,,,,Jun  5 2016 1,,,,,,5.00,,,,,
9,,0089239200282,,,,1,,,ORGANIC MUSHROOM NUTRITION,,,,,,,,POWDER-MUSHROOM-ORG-RESTORE,,,,,,3.57,,,,OZ,,,,,Jun  5 2016 1,,,,,,5.00,,,,,
,,,,,,---------------,,,,,,,,,,,,,,,,,,,,,,,,,,,,,,,,,,,,,
Totals:,,,,,,9,,,,,,,,,,,,,,,,,,,,,,,,,,,,,,,,,,,,,
"Shelf: 10,   Length: 4' 0.00"",    Height: 0' 6.50"",   Depth: 1' 1.00"",   Product: 3' 11.95""",,,,,,,,,,,,,,,,,,,,,,,,,,,,,,,,,,,,,,,,,,,
1,,0075106315016,,,,1,,,GAIA HERBS,,,,,,,,CORDYCEPS+,,,,,,60.00,,,,VCP,,,,,,,,,,,2.25,,,,,
2,,0075106315012,,,,1,,,GAIA HERBS,,,,,,,,REISHI + TURMERIC,,,,,,60.00,,,,VCP,,,,,,,,,,,2.25,,,,,
3,,0075106315015,,,,1,,,GAIA HERBS,,,,,,,,EVERYDAY IMMUNE,,,,,,60.00,,,,VCP,,,,,,,,,,,2.25,,,,,
4,,0072778300235,,,,1,,,NEW CHAPTER,,,,,,,,LIFESHIELD REISHI,,,,,,60.00,,,,CAP,,,,,9/20/2015,,,,,,2.20,,,,,
5,,0072778300230,,,,1,,,NEW CHAPTER,,,,,,,,LIFESHIELD IMMUNITY,,,,,,60.00,,,,VCP,,,,,8/30/2015,,,,,,2.20,,,,,
6,,0081689702049,,,,1,,,FOUR SIGMATIC,,,,,,,,MUSHROOM MATCHA DRINK MIX,,,,,,2.12,,,,OZ,,,,,,,,,,,3.14,,,,,
7,,0489703931019,,,,1,,,FOUR SIGMATIC,,,,,,,,CHAGA MUSHROOM ELIXIR-PKT,,,,,,0.10,,,,OZ,,,,,Jun  5 2016 1,,,,,,3.05,,,,,
8,,0489703931038,,,,1,,,FOUR SIGMATIC,,,,,,,,CHAGA MUSHROOM ELIXIR-BOX,,,,,,2.12,,,,OZ,,,,,Jun  5 2016 1,,,,,,3.20,,,,,
9,,0489703931018,,,,1,,,FOUR SIGMATIC,,,,,,,,CORDYCEPS MUSHROOM ELIXIR-PKT,,,,,,0.10,,,,OZ,,,,,Jun  5 2016 1,,,,,,3.05,,,,,
10,,0489703931037,,,,1,,,FOUR SIGMATIC,,,,,,,,CORDYCEPS MUSHROOM ELIXIR-BOX,,,,,,2.12,,,,OZ,,,,,Jun 12 2016 1,,,,,,3.20,,,,,
11,,0489703931020,,,,1,,,FOUR SIGMATIC,,,,,,,,LIONS MANE MUSHROOM ELIXIR-PKT,,,,,,0.10,,,,OZ,,,,,Jun  5 2016 1,,,,,,3.05,,,,,
12,,0489703931039,,,,1,,,FOUR SIGMATIC,,,,,,,,LIONS MANE MUSHROOM ELIXIR-BOX,,,,,,2.12,,,,OZ,,,,,Jun  5 2016 1,,,,,,3.20,,,,,
13,,0489703931017,,,,1,,,FOUR SIGMATIC,,,,,,,,REISHI MUSHROOM ELIXIR-PKT,,,,,,0.10,,,,OZ,,,,,Jun  5 2016 1,,,,,,3.05,,,,,
14,,0489703931036,,,,1,,,FOUR SIGMATIC,,,,,,,,REISHI MUSHROOM ELIXIR-BOX,,,,,,2.16,,,,OZ,,,,,Jun  5 2016 1,,,,,,3.20,,,,,
15,,0489703931070,,,,1,,,FOUR SIGMATIC,,,,,,,,CORDYCEPS MUSHROOM COFFEE-PKT,,,,,,0.09,,,,OZ,,,,,Jun  5 2016 1,,,,,,3.05,,,,,
16,,0489703931072,,,,1,,,FOUR SIGMATIC,,,,,,,,CORDYCEPS MUSHROOM COFFEE-BOX,,,,,,0.90,,,,OZ,,,,,Jun  5 2016 1,,,,,,3.20,,,,,
17,,0489703931071,,,,1,,,FOUR SIGMATIC,,,,,,,,LIONS MANE MUSHROOM COFFEE-PKT,,,,,,0.09,,,,OZ,,,,,Jun  5 2016 1,,,,,,3.05,,,,,
18,,0489703931077,,,,1,,,FOUR SIGMATIC,,,,,,,,LIONS MANE MUSHROOM COFFEE-BOX,,,,,,0.90,,,,OZ,,,,,Jun  5 2016 1,,,,,,3.20,,,,,
19,,0081689702060,,,,1,,,FOUR SIGMATIC,,,,,,,,ADAPTOGEN COFFEE MIX-PKT,,,,,,0.09,,,,OZ,,,,,,,,,,,3.05,,,,,
20,,0081689702061,,,,1,,,FOUR SIGMATIC,,,,,,,,ADAPTOGEN COFFEE MIX-BOX,,,,,,0.90,,,,OZ,,,,,,,,,,,3.20,,,,,
Positio,,,,,UPC,,Facings,,,,,,Brand,,,,,,Long Description,,,,,,Size,,,,,UOM,,,,,Date,,,,,Width,,,
-----------   --------------------------------- ------------------------------------------------------------------------------------------------------------------ ------------ -------------------- ---------------,,,,,,,,,,,,,,,,,,,,,,,,,,,,,,,,,,,,,,,,,,,
21,,0081689702064,,,,1,,,FOUR SIGMATIC,,,,,,,,MUSHROOM MOCHA MIX-PKT,,,,,,0.18,,,,OZ,,,,,,,,,,,3.05,,,,,
22,,0081689702065,,,,1,,,FOUR SIGMATIC,,,,,,,,MUSHROOM MOCHA MIX-BOX,,,,,,1.76,,,,OZ,,,,,,,,,,,3.20,,,,,
23,,0489703931032,,,,1,,,FOUR SIGMATIC,,,,,,,,REISHI MUSHROOM HOT CACAO-PKT,,,,,,0.20,,,,OZ,,,,,Jun  5 2016 1,,,,,,3.05,,,,,
24,,0489703931046,,,,1,,,FOUR SIGMATIC,,,,,,,,REISHI MUSHROOM HOT CACAO-BOX,,,,,,2.12,,,,OZ,,,,,Jun  5 2016 1,,,,,,3.20,,,,,
25,,0489703931034,,,,1,,,FOUR SIGMATIC,,,,,,,,CORDYCEPS MUSHROOM HOT CACAO-PKT,,,,,,0.20,,,,OZ,,,,,Jun  5 2016 1,,,,,,3.05,,,,,
26,,0489703931047,,,,1,,,FOUR SIGMATIC,,,,,,,,CORDYCEPS MUSHROOM HOT CACAO-BOX,,,,,,2.12,,,,OZ,,,,,Jun 12 2016 1,,,,,,3.17,,,,,
,,,,,,---------------,,,,,,,,,,,,,,,,,,,,,,,,,,,,,,,,,,,,,
Totals:,,,,,,26,,,,,,,,,,,,,,,,,,,,,,,,,,,,,,,,,,,,,
"Shelf: 11,   Length: 4' 0.00"",    Height: 0' 5.50"",   Depth: 1' 1.00"",   Product: 3' 11.89""",,,,,,,,,,,,,,,,,,,,,,,,,,,,,,,,,,,,,,,,,,,
1,,0006895835510,,,,1,,,WHOLE EARTH & SEA,,,,,,,,PURE FOOD SUPER MUSHROOM WES,,,,,,60.00,,,,VCP,,,,,7/19/2015,,,,,,2.43,,,,,
2,,0063342205181,,,,1,,,HOST DEFENSE,,,,,,,,CHAGA EXTRACT-ORGANIC,,,,,,1.00,,,,FOZ,,,,,7/5/2015,,,,,,1.38,,,,,
3,,0063342203182,,,,1,,,HOST DEFENSE,,,,,,,,CHAGA,,,,,,60.00,,,,VCP,,,,,7/5/2015,,,,,,2.11,,,,,
4,,0063342205101,,,,1,,,HOST DEFENSE,,,,,,,,CORDYCEPS EXTRACT-ENERGY SUPPORT-ORG,,,,,,1.00,,,,FOZ,,,,,,,,,,,1.36,,,,,
5,,0063342203101,,,,1,,,HOST DEFENSE,,,,,,,,CORDYCEPS,,,,,,30.00,,,,VCP,,,,,7/5/2015,,,,,,1.93,,,,,
6,,0063342205741,,,,1,,,HOST DEFENSE,,,,,,,,CORDYCHI EXTRACT-ORGANIC,,,,,,1.00,,,,FOZ,,,,,7/5/2015,,,,,,1.38,,,,,
7,,0063342203742,,,,1,,,HOST DEFENSE,,,,,,,,CORDYCHI,,,,,,60.00,,,,VCP,,,,,7/5/2015,,,,,,2.11,,,,,
8,,0063342203152,,,,1,,,HOST DEFENSE,,,,,,,,MAITAKE,,,,,,60.00,,,,VCP,,,,,7/5/2015,,,,,,2.11,,,,,
9,,0063342203032,,,,1,,,HOST DEFENSE,,,,,,,,REISHI,,,,,,60.00,,,,VCP,,,,,7/5/2015,,,,,,2.11,,,,,
10,,0063342205271,,,,1,,,HOST DEFENSE,,,,,,,,TURKEY TAIL-IMMUNE SUPPORT-ORG,,,,,,1.00,,,,FOZ,,,,,,,,,,,1.36,,,,,
11,,0063342202732,,,,1,,,HOST DEFENSE,,,,,,,,TURKEY TAIL,,,,,,60.00,,,,VCP,,,,,7/5/2015,,,,,,2.11,,,,,
12,,0063342205701,,,,1,,,HOST DEFENSE,,,,,,,,STAMETS 7 EXTRACT-ORGANIC,,,,,,1.00,,,,FOZ,,,,,7/5/2015,,,,,,1.38,,,,,
13,,0063342203701,,,,1,,,HOST DEFENSE,,,,,,,,STAMETS 7,,,,,,30.00,,,,VCP,,,,,7/5/2015,,,,,,1.93,,,,,
14,,0063342203702,,,,1,,,HOST DEFENSE,,,,,,,,STAMETS 7,,,,,,60.00,,,,VCP,,,,,7/5/2015,,,,,,2.11,,,,,
15,,0063342205771,,,,1,,,HOST DEFENSE,,,,,,,,MYCO SHIELD SPRAY-PEPPERMINT-ORG,,,,,,1.00,,,,FOZ,,,,,7/5/2015,,,,,,1.25,,,,,
16,,0063342205812,,,,1,,,HOST DEFENSE,,,,,,,,MY COMMUNITY-EXTRACT-ORGANIC,,,,,,2.00,,,,FOZ,,,,,7/5/2015,,,,,,1.58,,,,,
17,,0063342203811,,,,1,,,HOST DEFENSE,,,,,,,,MY COMMUNITY,,,,,,30.00,,,,VCP,,,,,7/5/2015,,,,,,1.93,,,,,
18,,0063342203812,,,,1,,,HOST DEFENSE,,,,,,,,MY COMMUNITY,,,,,,60.00,,,,VCP,,,,,7/5/2015,,,,,,2.11,,,,,
19,,0063342203813,,,,1,,,HOST DEFENSE,,,,,,,,MY COMMUNITY,,,,,,120.00,,,,VCP,,,,,7/5/2015,,,,,,2.43,,,,,
20,,0065078600314,,,,1,,,HEALTH FORCE,,,,,,,,MYCOFORCE IMMUNITY,,,,,,60.00,,,,VCP,,,,,,,,,,,2.23,,,,,
21,,0081944401002,,,,1,,,ONNIT,,,,,,,,SHROOM TECH-IMMUNE,,,,,,30.00,,,,CAP,,,,,7/19/2015,,,,,,2.23,,,,,
22,,0064667062153,,,,1,,,SPROUTS,,,,,,,,CORDYCEPS POWDER CAP,,,,,,60.00,,,,VCP,,,,,,,,,,,2.25,,,,,
23,,0064667062084,,,,1,,,SPROUTS,,,,,,,,REISHI MUSHROOM,,,,,,1.00,,,,FOZ,,,,,Jun  5 2016 1,,,,,,1.29,,,,,
24,,0064667011711,,,,1,,,SPROUTS,,,,,,,,MUSHROOM DEFENSE,,,,,,1.00,,,,FOZ,,,,,Jun  5 2016 1,,,,,,1.29,,,,,
25,,0064667062114,,,,1,,,SPROUTS,,,,,,,,MUSHROOM IMMUNE-ORGANIC,,,,,,2.00,,,,FOZ,,,,,7/5/2015,,,,,,1.50,,,,,
26,,0064667062128,,,,1,,,SPROUTS,,,,,,,,MUSHROOM IMMUNE POWDER CAP,,,,,,90.00,,,,VCP,,,,,7/5/2015,,,,,,2.25,,,,,
,,,,,,---------------,,,,,,,,,,,,,,,,,,,,,,,,,,,,,,,,,,,,,
Totals:,,,,,,26,,,,,,,,,,,,,,,,,,,,,,,,,,,,,,,,,,,,,
Positio,,,,,UPC,,Facings,,,,,,Brand,,,,,,Long Description,,,,,,Size,,,,,UOM,,,,,Date,,,,,Width,,,
-----------   --------------------------------- ------------------------------------------------------------------------------------------------------------------ ------------ -------------------- ---------------,,,,,,,,,,,,,,,,,,,,,,,,,,,,,,,,,,,,,,,,,,,
"Shelf: 12,   Length: 4' 0.00"",    Height: 0' 6.50"",   Depth: 1' 1.00"",   Product: 4' 0.00""",,,,,,,,,,,,,,,,,,,,,,,,,,,,,,,,,,,,,,,,,,,
1,,0064667011651,,,,1,,,SPROUTS,,,,,,,,DETOX,,,,,,1.00,,,,FOZ,,,,,Jun  5 2016 1,,,,,,1.29,,,,,
2,,0064667063144,,,,1,,,SPROUTS,,,,,,,,EAR OIL,,,,,,1.00,,,,FOZ,,,,,Jun  5 2016 1,,,,,,1.29,,,,,
3,,0064667063145,,,,1,,,SPROUTS,,,,,,,,ECHINACEA GOLDENSEAL,,,,,,1.00,,,,FOZ,,,,,Jun  5 2016 1,,,,,,1.29,,,,,
4,,0064667062033,,,,1,,,SPROUTS,,,,,,,,ECHINACEA GOLDENSEAL ALCOHOL FREE,,,,,,1.00,,,,FOZ,,,,,Jun  5 2016 1,,,,,,1.29,,,,,
5,,0064667015470,,,,1,,,SPROUTS,,,,,,,,ECHINACEA GOLDENSEAL POWDER CAP,,,,,,90.00,,,,VCP,,,,,Jun  5 2016 1,,,,,,2.25,,,,,
6,,0064667062038,,,,1,,,SPROUTS,,,,,,,,FERTILITY ALCOHOL FREE,,,,,,2.00,,,,FOZ,,,,,Jun  5 2016 1,,,,,,1.55,,,,,
7,,0064667011441,,,,1,,,SPROUTS,,,,,,,,GINSENG MASTER,,,,,,1.00,,,,FOZ,,,,,Jun  5 2016 1,,,,,,1.29,,,,,
8,,0064667062043,,,,1,,,SPROUTS,,,,,,,,GINSENG MASTER-ALCOHOL FREE,,,,,,1.00,,,,FOZ,,,,,Jun  5 2016 1,,,,,,1.29,,,,,
9,,0064667062049,,,,1,,,SPROUTS,,,,,,,,IMMUNO WELL RX,,,,,,1.00,,,,FOZ,,,,,Jun  5 2016 1,,,,,,1.29,,,,,
10,,0064667062052,,,,1,,,SPROUTS,,,,,,,,INFLACALM POWDER CAP,,,,,,60.00,,,,VCP,,,,,Jun  5 2016 1,,,,,,2.22,,,,,
11,,0064667062053,,,,1,,,SPROUTS,,,,,,,,IODINE,,,,,,2.00,,,,FOZ,,,,,Jun  5 2016 1,,,,,,1.55,,,,,
12,,0064667011421,,,,1,,,SPROUTS,,,,,,,,LIVER DEFENSE,,,,,,1.00,,,,FOZ,,,,,Jun  5 2016 1,,,,,,1.29,,,,,
13,,0064667011432,,,,1,,,SPROUTS,,,,,,,,LIVER DEFENSE,,,,,,2.00,,,,FOZ,,,,,Jun  5 2016 1,,,,,,1.55,,,,,
14,,0064667011691,,,,1,,,SPROUTS,,,,,,,,LIVER DEFENSE ALCOHOL FREE,,,,,,1.00,,,,FOZ,,,,,Jun  5 2016 1,,,,,,1.29,,,,,
15,,0064667062066,,,,1,,,SPROUTS,,,,,,,,LIVER DETOX POWDER CAP,,,,,,90.00,,,,VCP,,,,,Jun  5 2016 1,,,,,,2.25,,,,,
16,,0064667063154,,,,1,,,SPROUTS,,,,,,,,LUNG SUPPORT,,,,,,1.00,,,,FOZ,,,,,Jun  5 2016 1,,,,,,1.29,,,,,
17,,0064667004821,,,,1,,,SPROUTS,,,,,,,,LYMPH TONIC,,,,,,1.00,,,,FOZ,,,,,Jun  5 2016 1,,,,,,1.29,,,,,
18,,0064667063140,,,,1,,,SPROUTS,,,,,,,,PARASITE CLEANSE,,,,,,1.00,,,,FOZ,,,,,Jun  5 2016 1,,,,,,1.29,,,,,
19,,0064667062078,,,,1,,,SPROUTS,,,,,,,,PEPPERMINT SPIRITS,,,,,,1.00,,,,FOZ,,,,,Jun  5 2016 1,,,,,,1.29,,,,,
20,,0064667016431,,,,1,,,SPROUTS,,,,,,,,PEPPERMINT SPIRITS-ALCOHOL FREE,,,,,,1.00,,,,FOZ,,,,,Jun  5 2016 1,,,,,,1.29,,,,,
21,,0064667062085,,,,1,,,SPROUTS,,,,,,,,RELAX,,,,,,1.00,,,,FOZ,,,,,Jun  5 2016 1,,,,,,1.29,,,,,
22,,0064667011881,,,,1,,,SPROUTS,,,,,,,,SINUS BLASTER,,,,,,1.00,,,,FOZ,,,,,Jun  5 2016 1,,,,,,1.29,,,,,
23,,0064667062022,,,,1,,,SPROUTS,,,,,,,,SINUS BLASTER,,,,,,2.00,,,,FOZ,,,,,Jun  5 2016 1,,,,,,1.55,,,,,
24,,0064667062023,,,,1,,,SPROUTS,,,,,,,,SINUS BLASTER SPRAY,,,,,,1.00,,,,FOZ,,,,,Jun  5 2016 1,,,,,,1.29,,,,,
25,,0064667063143,,,,1,,,SPROUTS,,,,,,,,SINUS RELIEF,,,,,,1.00,,,,FOZ,,,,,Jun  5 2016 1,,,,,,1.29,,,,,
26,,0064667063142,,,,1,,,SPROUTS,,,,,,,,SLEEP,,,,,,1.00,,,,FOZ,,,,,Jun  5 2016 1,,,,,,1.29,,,,,
27,,0064667062112,,,,1,,,SPROUTS,,,,,,,,SLEEP POWDER CAP,,,,,,90.00,,,,VCP,,,,,Jun  5 2016 1,,,,,,2.25,,,,,
28,,0064667062110,,,,1,,,SPROUTS,,,,,,,,SLEEP-ZZZZ,,,,,,1.00,,,,FOZ,,,,,Jun  5 2016 1,,,,,,1.29,,,,,
29,,0064667062101,,,,1,,,SPROUTS,,,,,,,,THYROID POWDER CAP,,,,,,90.00,,,,VCP,,,,,Jun  5 2016 1,,,,,,2.25,,,,,
30,,0064667062134,,,,1,,,SPROUTS,,,,,,,,TRIPHALA POWDER CAP,,,,,,90.00,,,,VCP,,,,,Jun  5 2016 1,,,,,,2.25,,,,,
31,,0064667011721,,,,1,,,SPROUTS,,,,,,,,UT SUPPORT,,,,,,1.00,,,,FOZ,,,,,Jun  5 2016 1,,,,,,1.29,,,,,
,,,,,,---------------,,,,,,,,,,,,,,,,,,,,,,,,,,,,,,,,,,,,,
Totals:,,,,,,31,,,,,,,,,,,,,,,,,,,,,,,,,,,,,,,,,,,,,
"Shelf: 13,   Length: 4' 0.00"",    Height: 0' 6.50"",   Depth: 1' 1.00"",   Product: 3' 11.77""",,,,,,,,,,,,,,,,,,,,,,,,,,,,,,,,,,,,,,,,,,,
1,0064667063129,2,,,,,,,,,,,SPROUTS,,,,,,OREGANO OIL,,,,1.00,,,,,,,,,,FOZ,,,Jun  5 2016 1,,,,,,,1.29,,
Positio,,,,,UPC,,Facings,,,,,,Brand,,,,,,Long Description,,,,,,Size,,,,,UOM,,,,,Date,,,,,Width,,,
-----------   --------------------------------- ------------------------------------------------------------------------------------------------------------------ ------------ -------------------- ---------------,,,,,,,,,,,,,,,,,,,,,,,,,,,,,,,,,,,,,,,,,,,
2,,0064667062073,,,,1,,,SPROUTS,,,,,,,,OREGANO OIL,,,,,,2.00,,,,FOZ,,,,,Jun  5 2016 1,,,,,,1.55,,,,,
3,,0064667063151,,,,1,,,SPROUTS,,,,,,,,OREGANO OIL LIQUID CAP,,,,,,60.00,,,,VCP,,,,,Jun  5 2016 1,,,,,,2.00,,,,,
4,,0064667063152,,,,1,,,SPROUTS,,,,,,,,OREGANO OIL LIQUID CAP,,,,,,120.00,,,,VCP,,,,,Jun  5 2016 1,,,,,,2.45,,,,,
5,,0064667062079,,,,1,,,SPROUTS,,,,,,,,PROPOLIS,,,,,,1.00,,,,FOZ,,,,,Jun  5 2016 1,,,,,,1.29,,,,,
6,,0064667062088,,,,1,,,SPROUTS,,,,,,,,RHODIOLA,,,,,,1.00,,,,FOZ,,,,,Jun  5 2016 1,,,,,,1.29,,,,,
7,,0064667062131,,,,1,,,SPROUTS,,,,,,,,RHODIOLA POWDER CAP,,,,,,60.00,,,,VCP,,,,,Jun  5 2016 1,,,,,,2.25,,,,,
8,,0064667063130,,,,1,,,SPROUTS,,,,,,,,SAW PALMETTO,,,,,,1.00,,,,FOZ,,,,,Jun  5 2016 1,,,,,,1.29,,,,,
9,,0064667063132,,,,1,,,SPROUTS,,,,,,,,ST JOHNS WORT,,,,,,1.00,,,,FOZ,,,,,Jun  5 2016 1,,,,,,1.29,,,,,
10,,0064667062092,,,,1,,,SPROUTS,,,,,,,,ST JOHNS WORT ALCOHOL FREE,,,,,,1.00,,,,FOZ,,,,,Jun  5 2016 1,,,,,,1.29,,,,,
11,,0064667015600,,,,1,,,SPROUTS,,,,,,,,ST JOHNS WORT POWDER CAP,,,,,,90.00,,,,VCP,,,,,Jun  5 2016 1,,,,,,2.25,,,,,
12,,0064667062102,,,,1,,,SPROUTS,,,,,,,,TURMERIC,,,,,,1.00,,,,FOZ,,,,,Jun  5 2016 1,,,,,,1.30,,,,,
13,,0064667015610,,,,1,,,SPROUTS,,,,,,,,TURMERIC POWDER CAP,,,,,,60.00,,,,VCP,,,,,Jun  5 2016 1,,,,,,2.20,,,,,
14,,0064667062142,,,,1,,,SPROUTS,,,,,,,,TURMERIC,,,,,,120.00,,,,VCP,,,,,Jun  5 2016 1,,,,,,2.44,,,,,
15,,0064667062105,,,,1,,,SPROUTS,,,,,,,,VALERIAN ALCOHOL FREE,,,,,,1.00,,,,FOZ,,,,,Jun  5 2016 1,,,,,,1.29,,,,,
16,,0064667015620,,,,1,,,SPROUTS,,,,,,,,VALERIAN POWDER CAP,,,,,,90.00,,,,VCP,,,,,Jun  5 2016 1,,,,,,2.25,,,,,
17,,0064667062143,,,,1,,,SPROUTS,,,,,,,,VALERIAN,,,,,,180.00,,,,VCP,,,,,Jun  5 2016 1,,,,,,2.70,,,,,
18,,0064667004581,,,,1,,,SPROUTS,,,,,,,,WHITE WILLOW,,,,,,1.00,,,,FOZ,,,,,Jun  5 2016 1,,,,,,1.29,,,,,
19,,0064667017320,,,,1,,,SPROUTS,,,,,,,,ADRENAL RX POWDER CAP,,,,,,90.00,,,,VCP,,,,,Jun  5 2016 1,,,,,,2.25,,,,,
20,,0064667062007,,,,1,,,SPROUTS,,,,,,,,ALLERGY DEFENSE,,,,,,1.00,,,,FOZ,,,,,Jun  5 2016 1,,,,,,1.29,,,,,
21,,0064667062010,,,,1,,,SPROUTS,,,,,,,,ANXIET-EASE,,,,,,1.00,,,,FOZ,,,,,Jun  5 2016 1,,,,,,1.29,,,,,
22,,0064667062151,,,,1,,,SPROUTS,,,,,,,,BITTERS ELIXIR-MINT,,,,,,1.00,,,,FOZ,,,,,,,,,,,1.29,,,,,
23,,0064667062152,,,,1,,,SPROUTS,,,,,,,,BITTERS ELIXIR-CITRUS,,,,,,1.00,,,,FOZ,,,,,,,,,,,1.29,,,,,
24,,0064667062016,,,,1,,,SPROUTS,,,,,,,,BLOOD SUGAR HARMONY POWDER CAP,,,,,,90.00,,,,VCP,,,,,Jun  5 2016 1,,,,,,2.25,,,,,
25,,0064667004381,,,,1,,,SPROUTS,,,,,,,,CANDIDA,,,,,,1.00,,,,FOZ,,,,,Jun  5 2016 1,,,,,,1.29,,,,,
26,,0064667062025,,,,1,,,SPROUTS,,,,,,,,COLON CLEAN POWDER CAP,,,,,,90.00,,,,VCP,,,,,Jun  5 2016 1,,,,,,2.25,,,,,
27,,0064667062026,,,,1,,,SPROUTS,,,,,,,,COUGH RELIEF,,,,,,1.00,,,,FOZ,,,,,Jun  5 2016 1,,,,,,1.29,,,,,
,,,,,,---------------,,,,,,,,,,,,,,,,,,,,,,,,,,,,,,,,,,,,,
Totals:,,,,,,28,,,,,,,,,,,,,,,,,,,,,,,,,,,,,,,,,,,,,
"Shelf: 14,   Length: 4' 0.00"",    Height: 0' 5.50"",   Depth: 1' 1.00"",   Product: 3' 11.96""",,,,,,,,,,,,,,,,,,,,,,,,,,,,,,,,,,,,,,,,,,,
1,,0064667063126,,,,1,,,SPROUTS,,,,,,,,KAVA,,,,,,1.00,,,,FOZ,,,,,Jun  5 2016 1,,,,,,1.29,,,,,
2,,0064667063127,,,,1,,,SPROUTS,,,,,,,,KAVA,,,,,,2.00,,,,FOZ,,,,,Jun  5 2016 1,,,,,,1.55,,,,,
3,,0064667063135,,,,1,,,SPROUTS,,,,,,,,KAVA ALCOHOL FREE,,,,,,1.00,,,,FOZ,,,,,Jun  5 2016 1,,,,,,1.29,,,,,
4,,0064667012620,,,,1,,,SPROUTS,,,,,,,,KAVA LIQUID CAP,,,,,,60.00,,,,VCP,,,,,Jun  5 2016 1,,,,,,1.97,,,,,
5,,0064667015560,,,,1,,,SPROUTS,,,,,,,,KAVA POWDER CAP,,,,,,90.00,,,,VCP,,,,,Jun  5 2016 1,,,,,,2.25,,,,,
6,,0064667063141,,,,1,,,SPROUTS,,,,,,,,KAVA GOLD,,,,,,1.00,,,,FOZ,,,,,Jun  5 2016 1,,,,,,1.29,,,,,
7,,0064667011762,,,,1,,,SPROUTS,,,,,,,,KAVA GOLD,,,,,,2.00,,,,FOZ,,,,,Jun  5 2016 1,,,,,,1.55,,,,,
8,,0064667062067,,,,1,,,SPROUTS,,,,,,,,LOBELIA,,,,,,1.00,,,,FOZ,,,,,Jun  5 2016 1,,,,,,1.29,,,,,
Positio,,,,,UPC,,Facings,,,,,,Brand,,,,,,Long Description,,,,,,Size,,,,,UOM,,,,,Date,,,,,Width,,,
-----------   --------------------------------- ------------------------------------------------------------------------------------------------------------------ ------------ -------------------- ---------------,,,,,,,,,,,,,,,,,,,,,,,,,,,,,,,,,,,,,,,,,,,
9,,0064667063160,,,,1,,,SPROUTS,,,,,,,,MACA,,,,,,1.00,,,,FOZ,,,,,Jun 12 2016 1,,,,,,1.32,,,,,
10,,0064667062127,,,,1,,,SPROUTS,,,,,,,,MACA POWDER CAP,,,,,,90.00,,,,VCP,,,,,Jun  5 2016 1,,,,,,2.25,,,,,
11,,0064667062137,,,,1,,,SPROUTS,,,,,,,,MACA-ORGANIC,,,,,,4.00,,,,OZ,,,,,Jun  5 2016 1,,,,,,2.42,,,,,
12,,0064667063128,,,,1,,,SPROUTS,,,,,,,,MILK THISTLE,,,,,,1.00,,,,FOZ,,,,,Jun  5 2016 1,,,,,,1.29,,,,,
13,,0064667011412,,,,1,,,SPROUTS,,,,,,,,MILK THISTLE,,,,,,2.00,,,,FOZ,,,,,Jun  5 2016 1,,,,,,1.55,,,,,
14,,0064667011521,,,,1,,,SPROUTS,,,,,,,,MILK THISTLE ALCOHOL FREE,,,,,,1.00,,,,FOZ,,,,,Jun  5 2016 1,,,,,,1.29,,,,,
15,,0064667062069,,,,1,,,SPROUTS,,,,,,,,MILK THISTLE ALCOHOL FREE,,,,,,2.00,,,,FOZ,,,,,Jun  5 2016 1,,,,,,1.55,,,,,
16,,0064667015570,,,,1,,,SPROUTS,,,,,,,,MILK THISTLE POWDER CAP,,,,,,90.00,,,,VCP,,,,,Jun  5 2016 1,,,,,,2.25,,,,,
17,,0064667062144,,,,1,,,SPROUTS,,,,,,,,MILK THISTLE,,,,,,180.00,,,,VCP,,,,,Jun  5 2016 1,,,,,,2.70,,,,,
18,,0064667062138,,,,1,,,SPROUTS,,,,,,,,MORINGA,,,,,,1.00,,,,FOZ,,,,,Jun  5 2016 1,,,,,,1.30,,,,,
19,,0064667062156,,,,1,,,SPROUTS,,,,,,,,MORINGA LEAF POWDER-500 MG,,,,,,90.00,,,,VCP,,,,,,,,,,,2.25,,,,,
20,,0064667062071,,,,1,,,SPROUTS,,,,,,,,MULLEIN,,,,,,1.00,,,,FOZ,,,,,Jun  5 2016 1,,,,,,1.29,,,,,
21,,0064667062129,,,,1,,,SPROUTS,,,,,,,,NEEM POWDER CAP,,,,,,90.00,,,,VCP,,,,,Jun  5 2016 1,,,,,,2.25,,,,,
22,,0064667063148,,,,1,,,SPROUTS,,,,,,,,NETTLE,,,,,,1.00,,,,FOZ,,,,,Jun  5 2016 1,,,,,,1.29,,,,,
23,,0064667015580,,,,1,,,SPROUTS,,,,,,,,NETTLE POWDER CAP,,,,,,75.00,,,,VCP,,,,,Jun  5 2016 1,,,,,,2.25,,,,,
24,,0064667004361,,,,1,,,SPROUTS,,,,,,,,OSHA,,,,,,1.00,,,,FOZ,,,,,Jun  5 2016 1,,,,,,1.29,,,,,
25,,0064667063153,,,,1,,,SPROUTS,,,,,,,,OLIVE LEAF,,,,,,1.00,,,,FOZ,,,,,Jun  5 2016 1,,,,,,1.29,,,,,
26,,0064667015590,,,,1,,,SPROUTS,,,,,,,,OLIVE LEAF POWDER CAP,,,,,,90.00,,,,VCP,,,,,Jun  5 2016 1,,,,,,2.25,,,,,
27,,0064667062077,,,,1,,,SPROUTS,,,,,,,,PAU D ARCO,,,,,,1.00,,,,FOZ,,,,,Jun  5 2016 1,,,,,,1.29,,,,,
28,,0064667003861,,,,1,,,SPROUTS,,,,,,,,CALIFORNIA POPPY,,,,,,1.00,,,,FOZ,,,,,Jun  5 2016 1,,,,,,1.29,,,,,
,,,,,,---------------,,,,,,,,,,,,,,,,,,,,,,,,,,,,,,,,,,,,,
Totals:,,,,,,28,,,,,,,,,,,,,,,,,,,,,,,,,,,,,,,,,,,,,
"Shelf: 15,   Length: 4' 0.00"",    Height: 0' 5.50"",   Depth: 1' 1.00"",   Product: 3' 11.94""",,,,,,,,,,,,,,,,,,,,,,,,,,,,,,,,,,,,,,,,,,,
1,,0064667063120,,,,1,,,SPROUTS,,,,,,,,ECHINACEA,,,,,,1.00,,,,FOZ,,,,,Jun  5 2016 1,,,,,,1.29,,,,,
2,,0064667063134,,,,1,,,SPROUTS,,,,,,,,ECHINACEA ALCOHOL FREE,,,,,,1.00,,,,FOZ,,,,,Jun  5 2016 1,,,,,,1.29,,,,,
3,,0064667062157,,,,1,,,SPROUTS,,,,,,,,ECHINACEA ANGUSTIFOLIA ROOT PWDR CAP,,,,,,90.00,,,,VCP,,,,,,,,,,,2.25,,,,,
4,,0064667062001,,,,1,,,SPROUTS,,,,,,,,3 ECHINACEA,,,,,,1.00,,,,FOZ,,,,,Jun  5 2016 1,,,,,,1.29,,,,,
5,,0064667012140,,,,1,,,SPROUTS,,,,,,,,GARLIC,,,,,,1.00,,,,FOZ,,,,,Jun  5 2016 1,,,,,,1.29,,,,,
6,,0064667015480,,,,1,,,SPROUTS,,,,,,,,GARLIC POWDER CAP,,,,,,90.00,,,,VCP,,,,,Jun  5 2016 1,,,,,,2.25,,,,,
7,,0064667063122,,,,1,,,SPROUTS,,,,,,,,GINGER,,,,,,1.00,,,,FOZ,,,,,Jun  5 2016 1,,,,,,1.29,,,,,
8,,0064667015490,,,,1,,,SPROUTS,,,,,,,,GINGER POWDER CAP,,,,,,90.00,,,,VCP,,,,,Jun  5 2016 1,,,,,,2.25,,,,,
9,,0064667062146,,,,1,,,SPROUTS,,,,,,,,GINGER,,,,,,180.00,,,,VCP,,,,,Jun  5 2016 1,,,,,,2.70,,,,,
10,,0064667063123,,,,1,,,SPROUTS,,,,,,,,GINKGO,,,,,,1.00,,,,FOZ,,,,,Jun  5 2016 1,,,,,,1.29,,,,,
11,,0064667062040,,,,1,,,SPROUTS,,,,,,,,GINKO ALCOHOL FREE,,,,,,1.00,,,,FOZ,,,,,Jun  5 2016 1,,,,,,1.29,,,,,
12,,0064667015500,,,,1,,,SPROUTS,,,,,,,,GINKGO POWDER CAP,,,,,,90.00,,,,VCP,,,,,Jun  5 2016 1,,,,,,2.25,,,,,
13,,0064667004121,,,,1,,,SPROUTS,,,,,,,,GINSENG,,,,,,1.00,,,,FOZ,,,,,Jun  5 2016 1,,,,,,1.29,,,,,
14,,0064667062080,,,,1,,,SPROUTS,,,,,,,,RED CHINESE GINSENG,,,,,,1.00,,,,FOZ,,,,,Jun  5 2016 1,,,,,,1.29,,,,,
Positio,,,,,UPC,,Facings,,,,,,Brand,,,,,,Long Description,,,,,,Size,,,,,UOM,,,,,Date,,,,,Width,,,
-----------   --------------------------------- ------------------------------------------------------------------------------------------------------------------ ------------ -------------------- ---------------,,,,,,,,,,,,,,,,,,,,,,,,,,,,,,,,,,,,,,,,,,,
15,,0064667015510,,,,1,,,SPROUTS,,,,,,,,AMERICAN GINSENG,,,,,,60.00,,,,VCP,,,,,Jun  5 2016 1,,,,,,2.25,,,,,
16,,0064667063147,,,,1,,,SPROUTS,,,,,,,,GOLDENSEAL,,,,,,1.00,,,,FOZ,,,,,Jun  5 2016 1,,,,,,1.29,,,,,
17,,0064667015520,,,,1,,,SPROUTS,,,,,,,,GOLDENSEAL POWDER CAP,,,,,,60.00,,,,VCP,,,,,Jun  5 2016 1,,,,,,2.25,,,,,
18,,0064667062045,,,,1,,,SPROUTS,,,,,,,,GOTU KOLA,,,,,,1.00,,,,FOZ,,,,,Jun  5 2016 1,,,,,,1.29,,,,,
19,,0064667062123,,,,1,,,SPROUTS,,,,,,,,GOTU KOLA POWDER CAP,,,,,,90.00,,,,VCP,,,,,Jun  5 2016 1,,,,,,2.25,,,,,
20,,0064667007791,,,,1,,,SPROUTS,,,,,,,,GREEN TEA ALCOHOL FREE,,,,,,1.00,,,,FOZ,,,,,Jun  5 2016 1,,,,,,1.29,,,,,
21,,0064667007792,,,,1,,,SPROUTS,,,,,,,,GREEN TEA ALCOHOL FREE,,,,,,2.00,,,,FOZ,,,,,Jun  5 2016 1,,,,,,1.55,,,,,
22,,0064667015530,,,,1,,,SPROUTS,,,,,,,,GREEN TEA POWDER CAP,,,,,,90.00,,,,VCP,,,,,Jun  5 2016 1,,,,,,2.25,,,,,
23,,0064667063125,,,,1,,,SPROUTS,,,,,,,,HAWTHORN,,,,,,1.00,,,,FOZ,,,,,Jun  5 2016 1,,,,,,1.29,,,,,
24,,0064667015540,,,,1,,,SPROUTS,,,,,,,,HAWTHORN POWDER CAP,,,,,,90.00,,,,VCP,,,,,Jun  5 2016 1,,,,,,2.25,,,,,
25,,0064667015781,,,,1,,,SPROUTS,,,,,,,,HOLY BASIL,,,,,,1.00,,,,FOZ,,,,,Jun  5 2016 1,,,,,,1.29,,,,,
26,,0064667062125,,,,1,,,SPROUTS,,,,,,,,HOLY BASIL POWDER CAP,,,,,,60.00,,,,VCP,,,,,Jun  5 2016 1,,,,,,2.25,,,,,
27,,0064667062062,,,,1,,,SPROUTS,,,,,,,,LEMONBALM,,,,,,1.00,,,,FOZ,,,,,Jun  5 2016 1,,,,,,1.29,,,,,
28,,0064667062063,,,,1,,,SPROUTS,,,,,,,,LICORICE,,,,,,1.00,,,,FOZ,,,,,Jun  5 2016 1,,,,,,1.29,,,,,
,,,,,,---------------,,,,,,,,,,,,,,,,,,,,,,,,,,,,,,,,,,,,,
Totals:,,,,,,28,,,,,,,,,,,,,,,,,,,,,,,,,,,,,,,,,,,,,
"Shelf: 16,   Length: 4' 0.00"",    Height: 1' 0.00"",   Depth: 1' 1.00"",   Product: 3' 11.89""",,,,,,,,,,,,,,,,,,,,,,,,,,,,,,,,,,,,,,,,,,,
1,,0064667062011,,,,1,,,SPROUTS,,,,,,,,ASHWAGANDHA,,,,,,1.00,,,,FOZ,,,,,Jun  5 2016 1,,,,,,1.29,,,,,
2,,0064667062116,,,,1,,,SPROUTS,,,,,,,,ASHWAGANDHA POWDER CAP,,,,,,90.00,,,,VCP,,,,,Jun  5 2016 1,,,,,,2.25,,,,,
3,,0064667063118,,,,1,,,SPROUTS,,,,,,,,ASTRAGALUS,,,,,,1.00,,,,FOZ,,,,,Jun  5 2016 1,,,,,,1.29,,,,,
4,,0064667015390,,,,1,,,SPROUTS,,,,,,,,ASTRAGALUS POWDER CAP,,,,,,90.00,,,,VCP,,,,,Jun  5 2016 1,,,,,,2.25,,,,,
5,,0064667062155,,,,1,,,SPROUTS,,,,,,,,BACOPA POWDER CAP,,,,,,90.00,,,,VCP,,,,,,,,,,,2.25,,,,,
6,,0064667015400,,,,1,,,SPROUTS,,,,,,,,BILBERRY POWDER CAP,,,,,,60.00,,,,VCP,,,,,Jun  5 2016 1,,,,,,2.25,,,,,
7,,0064667063149,,,,1,,,SPROUTS,,,,,,,,BLACK COHOSH,,,,,,1.00,,,,FOZ,,,,,Jun  5 2016 1,,,,,,1.29,,,,,
8,,0064667015410,,,,1,,,SPROUTS,,,,,,,,BLACK COHOSH POWDER CAP,,,,,,90.00,,,,VCP,,,,,Jun  5 2016 1,,,,,,2.25,,,,,
9,,0064667003791,,,,1,,,SPROUTS,,,,,,,,BLACK WALNUT,,,,,,1.00,,,,FOZ,,,,,Jun  5 2016 1,,,,,,1.29,,,,,
10,,0064667062017,,,,1,,,SPROUTS,,,,,,,,BURDOCK,,,,,,1.00,,,,FOZ,,,,,Jun  5 2016 1,,,,,,1.29,,,,,
11,,0064667015420,,,,1,,,SPROUTS,,,,,,,,CASCARA SAGRADA POWDER CAP,,,,,,90.00,,,,VCP,,,,,Jun  5 2016 1,,,,,,2.25,,,,,
12,,0064667062018,,,,1,,,SPROUTS,,,,,,,,CAYENNE,,,,,,1.00,,,,FOZ,,,,,Jun  5 2016 1,,,,,,1.29,,,,,
13,,0064667062120,,,,1,,,SPROUTS,,,,,,,,CHASTE TREE POWDER CAP,,,,,,90.00,,,,VCP,,,,,Jun  5 2016 1,,,,,,2.25,,,,,
14,,0064667015430,,,,1,,,SPROUTS,,,,,,,,CINNAMON POWDER CAP,,,,,,90.00,,,,VCP,,,,,Jun  5 2016 1,,,,,,2.21,,,,,
15,,0064667062145,,,,1,,,SPROUTS,,,,,,,,CINNAMON,,,,,,180.00,,,,VCP,,,,,Jun  5 2016 1,,,,,,2.70,,,,,
16,,0064667003941,,,,1,,,SPROUTS,,,,,,,,CLOVE,,,,,,1.00,,,,FOZ,,,,,Jun  5 2016 1,,,,,,1.29,,,,,
17,,0064667062027,,,,1,,,SPROUTS,,,,,,,,CRAMP BARK,,,,,,1.00,,,,FOZ,,,,,Jun  5 2016 1,,,,,,1.29,,,,,
18,,0064667015440,,,,1,,,SPROUTS,,,,,,,,CRANBERRY POWDER CAP,,,,,,90.00,,,,VCP,,,,,Jun  5 2016 1,,,,,,2.25,,,,,
19,,0064667003981,,,,1,,,SPROUTS,,,,,,,,DANDELION,,,,,,1.00,,,,FOZ,,,,,Jun  5 2016 1,,,,,,1.29,,,,,
20,,0064667062154,,,,1,,,SPROUTS,,,,,,,,DANDELION ROOT POWDER CAP,,,,,,90.00,,,,VCP,,,,,,,,,,,2.25,,,,,
Positio,,,,,UPC,,Facings,,,,,,Brand,,,,,,Long Description,,,,,,Size,,,,,UOM,,,,,Date,,,,,Width,,,
-----------   --------------------------------- ------------------------------------------------------------------------------------------------------------------ ------------ -------------------- ---------------,,,,,,,,,,,,,,,,,,,,,,,,,,,,,,,,,,,,,,,,,,,
21,,0064667063119,,,,1,,,SPROUTS,,,,,,,,DONG QUAI,,,,,,1.00,,,,FOZ,,,,,Jun  5 2016 1,,,,,,1.29,,,,,
22,,0064667062122,,,,1,,,SPROUTS,,,,,,,,DONG QUAI POWDER CAP,,,,,,90.00,,,,VCP,,,,,Jun  5 2016 1,,,,,,2.25,,,,,
23,,0064667062035,,,,1,,,SPROUTS,,,,,,,,ELDERBERRY,,,,,,1.00,,,,FOZ,,,,,Jun  5 2016 1,,,,,,1.29,,,,,
24,,0064667062036,,,,1,,,SPROUTS,,,,,,,,ELDERBERRY PLUS POWDER CAP,,,,,,90.00,,,,VCP,,,,,Jun  5 2016 1,,,,,,2.25,,,,,
25,,0064667063131,,,,1,,,SPROUTS,,,,,,,,SIBERIAN ELEUTHERO,,,,,,1.00,,,,FOZ,,,,,Jun  5 2016 1,,,,,,1.29,,,,,
26,,0064667062037,,,,1,,,SPROUTS,,,,,,,,FENUGREEK POWDER CAP,,,,,,90.00,,,,VCP,,,,,Jun  5 2016 1,,,,,,2.25,,,,,
,,,,,,---------------,,,,,,,,,,,,,,,,,,,,,,,,,,,,,,,,,,,,,
Totals:,,,,,,26,,,,,,,,,,,,,,,,,,,,,,,,,,,,,,,,,,,,,
"Shelf: 17,   Length: 4' 0.00"",    Height: 0' 6.50"",   Depth: 1' 1.00"",   Product: 3' 11.82""",,,,,,,,,,,,,,,,,,,,,,,,,,,,,,,,,,,,,,,,,,,
1,,0003367415100,,,,1,,,NATURE'S WAY,,,,,,,,MYRRH GUM,,,,,,100.00,,,,CAP,,,,,Jun  5 2016 1,,,,,,2.02,,,,,
2,,0003367415150,,,,2,,,NATURE'S WAY,,,,,,,,NETTLE HERB,,,,,,100.00,,,,VCP,,,,,Jun  5 2016 1,,,,,,2.02,,,,,
3,,0003367415450,,,,1,,,NATURE'S WAY,,,,,,,,PAU D ARCO,,,,,,100.00,,,,VCP,,,,,Jun  5 2016 1,,,,,,2.02,,,,,
4,,0003367415408,,,,1,,,NATURE'S WAY,,,,,,,,PAU D ARCO,,,,,,180.00,,,,VCP,,,,,Jun  5 2016 1,,,,,,2.59,,,,,
5,,0003367416000,,,,1,,,NATURE'S WAY,,,,,,,,RED CLOVER BLOSSOMS,,,,,,100.00,,,,VCP,,,,,Jun  5 2016 1,,,,,,2.02,,,,,
6,,0003367416100,,,,1,,,NATURE'S WAY,,,,,,,,RED RASPBERRY LEAVES,,,,,,100.00,,,,VCP,,,,,Jun  5 2016 1,,,,,,2.02,,,,,
7,,0003367414162,,,,1,,,NATURE'S WAY,,,,,,,,ROSEMARY LEAVES,,,,,,100.00,,,,VCP,,,,,Jun  5 2016 1,,,,,,2.02,,,,,
8,,0003367416750,,,,1,,,NATURE'S WAY,,,,,,,,SAW PALMETTO BERRIES,,,,,,100.00,,,,VCP,,,,,Jun  5 2016 1,,,,,,2.02,,,,,
9,,0003367416758,,,,1,,,NATURE'S WAY,,,,,,,,SAW PALMETTO BERRIES,,,,,,180.00,,,,VCP,,,,,Jun  5 2016 1,,,,,,2.59,,,,,
10,,0003367416800,,,,1,,,NATURE'S WAY,,,,,,,,SCHIZANDRA FRUIT,,,,,,100.00,,,,VCP,,,,,Jun  5 2016 1,,,,,,2.44,,,,,
11,,0003367417000,,,,1,,,NATURE'S WAY,,,,,,,,SENNA LEAF,,,,,,100.00,,,,VCP,,,,,Jun  5 2016 1,,,,,,2.02,,,,,
12,,0003367417100,,,,1,,,NATURE'S WAY,,,,,,,,SLIPPERY ELM BARK,,,,,,100.00,,,,VCP,,,,,Jun  5 2016 1,,,,,,2.44,,,,,
13,,0003367417300,,,,1,,,NATURE'S WAY,,,,,,,,ST JOHNS WORT,,,,,,100.00,,,,VCP,,,,,Jun  5 2016 1,,,,,,2.02,,,,,
14,,0003367414041,,,,1,,,NATURE'S WAY,,,,,,,,ST JOHNS WORT,,,,,,180.00,,,,VCP,,,,,Jun  5 2016 1,,,,,,2.59,,,,,
15,,0003367417600,,,,1,,,NATURE'S WAY,,,,,,,,UVA URSI LEAVES,,,,,,100.00,,,,VCP,,,,,Jun  5 2016 1,,,,,,2.02,,,,,
16,,0003367417700,,,,1,,,NATURE'S WAY,,,,,,,,VALERIAN ROOT,,,,,,100.00,,,,VCP,,,,,Jun  5 2016 1,,,,,,2.43,,,,,
17,,0003367417708,,,,1,,,NATURE'S WAY,,,,,,,,VALERIAN ROOT,,,,,,180.00,,,,VCP,,,,,Jun  5 2016 1,,,,,,2.88,,,,,
18,,0003367411750,,,,1,,,NATURE'S WAY,,,,,,,,VITEX,,,,,,100.00,,,,VCP,,,,,Jun  5 2016 1,,,,,,2.02,,,,,
19,,0003367417850,,,,1,,,NATURE'S WAY,,,,,,,,WHITE WILLOW BARK,,,,,,100.00,,,,VCP,,,,,Jun  5 2016 1,,,,,,2.02,,,,,
20,,0003367417870,,,,1,,,NATURE'S WAY,,,,,,,,WILD YAM 425MG,,,,,,100.00,,,,VCP,,,,,Jun  5 2016 1,,,,,,2.02,,,,,
21,,0003367418100,,,,1,,,NATURE'S WAY,,,,,,,,YELLOW DOCK ROOT,,,,,,100.00,,,,VCP,,,,,Jun  5 2016 1,,,,,,2.02,,,,,
,,,,,,---------------,,,,,,,,,,,,,,,,,,,,,,,,,,,,,,,,,,,,,
Totals:,,,,,,22,,,,,,,,,,,,,,,,,,,,,,,,,,,,,,,,,,,,,
"Shelf: 18,   Length: 4' 0.00"",    Height: 0' 6.50"",   Depth: 1' 1.00"",   Product: 3' 11.96""",,,,,,,,,,,,,,,,,,,,,,,,,,,,,,,,,,,,,,,,,,,
1,,0003367412700,,,,1,,,NATURE'S WAY,,,,,,,,FENNEL SEED,,,,,,100.00,,,,CAP,,,,,Jun  5 2016 1,,,,,,2.02,,,,,
2,,0003367412800,,,,1,,,NATURE'S WAY,,,,,,,,FENUGREEK SEED,,,,,,100.00,,,,VCP,,,,,Jun  5 2016 1,,,,,,2.02,,,,,
3,,0003367414610,,,,1,,,NATURE'S WAY,,,,,,,,FENUGREEK SEED 610MG,,,,,,180.00,,,,VCP,,,,,Jun  5 2016 1,,,,,,2.59,,,,,
Positio,,,,,UPC,,Facings,,,,,,Brand,,,,,,Long Description,,,,,,Size,,,,,UOM,,,,,Date,,,,,Width,,,
-----------   --------------------------------- ------------------------------------------------------------------------------------------------------------------ ------------ -------------------- ---------------,,,,,,,,,,,,,,,,,,,,,,,,,,,,,,,,,,,,,,,,,,,
4,,0003367412850,,,,1,,,NATURE'S WAY,,,,,,,,FEVERFEW LEAVES,,,,,,100.00,,,,VCP,,,,,Jun  5 2016 1,,,,,,2.02,,,,,
5,,0003367412900,,,,1,,,NATURE'S WAY,,,,,,,,FO-TI ROOT,,,,,,100.00,,,,VCP,,,,,Jun  5 2016 1,,,,,,2.44,,,,,
6,,0003367413100,,,,1,,,NATURE'S WAY,,,,,,,,GINGER ROOT,,,,,,100.00,,,,VCP,,,,,Jun  5 2016 1,,,,,,2.44,,,,,
7,,0003367413108,,,,1,,,NATURE'S WAY,,,,,,,,GINGER ROOT,,,,,,180.00,,,,VCP,,,,,Jun  5 2016 1,,,,,,2.88,,,,,
8,,0003367413400,,,,1,,,NATURE'S WAY,,,,,,,,GINSENG ASIAN,,,,,,50.00,,,,VCP,,,,,Jun  5 2016 1,,,,,,2.02,,,,,
9,,0003367413675,,,,1,,,NATURE'S WAY,,,,,,,,GLUCOMANNAN,,,,,,100.00,,,,VCP,,,,,Jun  5 2016 1,,,,,,2.44,,,,,
10,,0003367415589,,,,1,,,NATURE'S WAY,,,,,,,,GLUCOMANNAN,,,,,,180.00,,,,VCP,,,,,Jun  5 2016 1,,,,,,2.88,,,,,
11,,0003367413900,,,,1,,,NATURE'S WAY,,,,,,,,GOLDENSEAL ROOT,,,,,,50.00,,,,VCP,,,,,Jun  5 2016 1,,,,,,1.82,,,,,
12,,0003367413700,,,,1,,,NATURE'S WAY,,,,,,,,GOLDENSEAL HERB,,,,,,100.00,,,,VCP,,,,,Jun  5 2016 1,,,,,,2.02,,,,,
13,,0003367414000,,,,1,,,NATURE'S WAY,,,,,,,,GOTU-KOLA HERB,,,,,,100.00,,,,VCP,,,,,Jun  5 2016 1,,,,,,2.02,,,,,
14,,0003367414100,,,,1,,,NATURE'S WAY,,,,,,,,HAWTHORN BERRIES,,,,,,100.00,,,,VCP,,,,,Jun  5 2016 1,,,,,,2.02,,,,,
15,,0003367415338,,,,1,,,NATURE'S WAY,,,,,,,,HAWTHORN,,,,,,180.00,,,,VCP,,,,,Jun  5 2016 1,,,,,,2.59,,,,,
16,,0003367414300,,,,1,,,NATURE'S WAY,,,,,,,,HORSETAIL GRASS,,,,,,100.00,,,,VCP,,,,,Jun  5 2016 1,,,,,,2.44,,,,,
17,,0003367414500,,,,1,,,NATURE'S WAY,,,,,,,,KELP,,,,,,100.00,,,,VCP,,,,,Jun  5 2016 1,,,,,,2.02,,,,,
18,,0003367414508,,,,1,,,NATURE'S WAY,,,,,,,,KELP,,,,,,180.00,,,,VCP,,,,,Jun  5 2016 1,,,,,,2.59,,,,,
19,,0003367414550,,,,1,,,NATURE'S WAY,,,,,,,,KUDZU,,,,,,50.00,,,,VCP,,,,,Jun  5 2016 1,,,,,,2.02,,,,,
20,,0003367414600,,,,1,,,NATURE'S WAY,,,,,,,,LICORICE ROOT,,,,,,100.00,,,,VCP,,,,,Jun  5 2016 1,,,,,,2.02,,,,,
21,,0003367414800,,,,1,,,NATURE'S WAY,,,,,,,,MARSHMALLOW ROOT,,,,,,100.00,,,,VCP,,,,,Jun  5 2016 1,,,,,,2.44,,,,,
,,,,,,---------------,,,,,,,,,,,,,,,,,,,,,,,,,,,,,,,,,,,,,
Totals:,,,,,,21,,,,,,,,,,,,,,,,,,,,,,,,,,,,,,,,,,,,,
"Shelf: 19,   Length: 4' 0.00"",    Height: 0' 6.50"",   Depth: 1' 1.00"",   Product: 3' 11.82""",,,,,,,,,,,,,,,,,,,,,,,,,,,,,,,,,,,,,,,,,,,
1,,0003367410500,,,,1,,,NATURE'S WAY,,,,,,,,BLACK COHOSH,,,,,,100.00,,,,VCP,,,,,Jun  5 2016 1,,,,,,2.02,,,,,
2,,0003367414690,,,,1,,,NATURE'S WAY,,,,,,,,BLACK COHOSH ROOT,,,,,,180.00,,,,VCP,,,,,Jun  5 2016 1,,,,,,2.59,,,,,
3,,0003367411250,,,,1,,,NATURE'S WAY,,,,,,,,BUTCHERS BROOM,,,,,,100.00,,,,VCP,,,,,Jun  5 2016 1,,,,,,2.44,,,,,
4,,0003367411300,,,,1,,,NATURE'S WAY,,,,,,,,CASCARA SAGRADA,,,,,,100.00,,,,VCP,,,,,Jun  5 2016 1,,,,,,2.02,,,,,
5,,0003367411308,,,,1,,,NATURE'S WAY,,,,,,,,CASCARA SAGRADA,,,,,,180.00,,,,VCP,,,,,Jun  5 2016 1,,,,,,2.59,,,,,
6,,0003367411450,,,,1,,,NATURE'S WAY,,,,,,,,CATS CLAW BARK 540MG,,,,,,100.00,,,,VCP,,,,,Jun  5 2016 1,,,,,,2.02,,,,,
7,,0003367411500,,,,1,,,NATURE'S WAY,,,,,,,,CAYENNE PEPPER,,,,,,100.00,,,,CAP,,,,,Jun  5 2016 1,,,,,,2.02,,,,,
8,,0003367411508,,,,1,,,NATURE'S WAY,,,,,,,,CAYENNE,,,,,,180.00,,,,CAP,,,,,Jun  5 2016 1,,,,,,2.59,,,,,
9,,0003367411600,,,,1,,,NATURE'S WAY,,,,,,,,CHAMOMILE,,,,,,100.00,,,,CAP,,,,,Jun  5 2016 1,,,,,,2.02,,,,,
10,,0003367414152,,,,1,,,NATURE'S WAY,,,,,,,,CORN SILK,,,,,,100.00,,,,CAP,,,,,Jun  5 2016 1,,,,,,2.44,,,,,
11,,0003367412150,,,,1,,,NATURE'S WAY,,,,,,,,CRANBERRY FRUIT,,,,,,100.00,,,,VCP,,,,,Jun  5 2016 1,,,,,,2.02,,,,,
12,,0003367412200,,,,1,,,NATURE'S WAY,,,,,,,,DAMIANA LEAVES,,,,,,100.00,,,,VCP,,,,,Jun  5 2016 1,,,,,,2.02,,,,,
13,,0003367412300,,,,1,,,NATURE'S WAY,,,,,,,,DANDELION ROOT,,,,,,100.00,,,,VCP,,,,,Jun  5 2016 1,,,,,,2.43,,,,,
14,,0003367415336,,,,1,,,NATURE'S WAY,,,,,,,,DANDELION,,,,,,180.00,,,,VCP,,,,,Jun  5 2016 1,,,,,,2.88,,,,,
15,,0003367412380,,,,1,,,NATURE'S WAY,,,,,,,,DONG QUAI,,,,,,100.00,,,,VCP,,,,,Jun  5 2016 1,,,,,,2.02,,,,,
16,,0003367412400,,,,1,,,NATURE'S WAY,,,,,,,,ECHINACEA PURPUREA HERB,,,,,,100.00,,,,VCP,,,,,Jun  5 2016 1,,,,,,2.02,,,,,
Positio,,,,,UPC,,Facings,,,,,,Brand,,,,,,Long Description,,,,,,Size,,,,,UOM,,,,,Date,,,,,Width,,,
-----------   --------------------------------- ------------------------------------------------------------------------------------------------------------------ ------------ -------------------- ---------------,,,,,,,,,,,,,,,,,,,,,,,,,,,,,,,,,,,,,,,,,,,
17,,0003367412408,,,,1,,,NATURE'S WAY,,,,,,,,ECHINACEA HERB,,,,,,180.00,,,,VCP,,,,,Jun  5 2016 1,,,,,,2.59,,,,,
18,,0003367412440,,,,1,,,NATURE'S WAY,,,,,,,,ELDERBERRY,,,,,,100.00,,,,CAP,,,,,Jun  5 2016 1,,,,,,2.44,,,,,
19,,0003367413500,,,,1,,,NATURE'S WAY,,,,,,,,SIBERIAN ELEUTHERO ROOT,,,,,,100.00,,,,CAP,,,,,Jun  5 2016 1,,,,,,2.43,,,,,
20,,0003367412500,,,,1,,,NATURE'S WAY,,,,,,,,EYEBRIGHT HERB,,,,,,100.00,,,,VCP,,,,,Jun  5 2016 1,,,,,,2.02,,,,,
,,,,,,---------------,,,,,,,,,,,,,,,,,,,,,,,,,,,,,,,,,,,,,
Totals:,,,,,,20,,,,,,,,,,,,,,,,,,,,,,,,,,,,,,,,,,,,,
"Shelf: 20,   Length: 4' 0.00"",    Height: 0' 6.50"",   Depth: 1' 1.00"",   Product: 3' 11.86""",,,,,,,,,,,,,,,,,,,,,,,,,,,,,,,,,,,,,,,,,,,
1,,0003367461500,,,,1,,,NATURE'S WAY,,,,,,,,STNDRDZD EXT FEVERFEW,,,,,,60.00,,,,CAP,,,,,Jun  5 2016 1,,,,,,2.02,,,,,
2,,0003367461600,,,,1,,,NATURE'S WAY,,,,,,,,STNDRDZD EXT GINKGO,,,,,,60.00,,,,CAP,,,,,Jun  5 2016 1,,,,,,2.02,,,,,
3,,0003367461700,,,,1,,,NATURE'S WAY,,,,,,,,ASIAN GINSENG STANDARDIZED,,,,,,60.00,,,,VCP,,,,,Jun  5 2016 1,,,,,,2.02,,,,,
4,,0003367414320,,,,1,,,NATURE'S WAY,,,,,,,,STNDRDZD EXT GRAPE SEED,,,,,,30.00,,,,VCP,,,,,Jun  5 2016 1,,,,,,1.85,,,,,
5,,0003367415352,,,,1,,,NATURE'S WAY,,,,,,,,STNDRDZD EXT GRAPESEED STND,,,,,,60.00,,,,VCP,,,,,Jun  5 2016 1,,,,,,2.02,,,,,
6,,0003367463700,,,,1,,,NATURE'S WAY,,,,,,,,STNDRDZD EXT GYMNEMA,,,,,,60.00,,,,CAP,,,,,Jun  5 2016 1,,,,,,2.01,,,,,
7,,0003367461900,,,,1,,,NATURE'S WAY,,,,,,,,STNDRDZD EXT HAWTHORN,,,,,,90.00,,,,CAP,,,,,Jun  5 2016 1,,,,,,2.02,,,,,
8,,0003367415311,,,,1,,,NATURE'S WAY,,,,,,,,STNDRDZD EXT HORNY GOAT WEED,,,,,,60.00,,,,VCP,,,,,Jun  5 2016 1,,,,,,2.02,,,,,
9,,0003367462000,,,,1,,,NATURE'S WAY,,,,,,,,STNDRDZD EXT HORSECHESTNUT,,,,,,90.00,,,,CAP,,,,,Jun  5 2016 1,,,,,,2.02,,,,,
10,,0003367415355,,,,1,,,NATURE'S WAY,,,,,,,,STNDRDZD EXT MILK THISTLE,,,,,,120.00,,,,VCP,,,,,Jun  5 2016 1,,,,,,2.44,,,,,
11,,0003367464000,,,,1,,,NATURE'S WAY,,,,,,,,STNDRDZD EXT OLIVE LEAF,,,,,,60.00,,,,CAP,,,,,Jun  5 2016 1,,,,,,2.02,,,,,
12,,0003367415181,,,,1,,,NATURE'S WAY,,,,,,,,STNDRDZD EXT OREGANO OIL,,,,,,60.00,,,,VCP,,,,,Jun  5 2016 1,,,,,,2.02,,,,,
13,,0003367415385,,,,1,,,NATURE'S WAY,,,,,,,,STNDRDZD EXT POMEGRANATE,,,,,,60.00,,,,VCP,,,,,Jun  5 2016 1,,,,,,2.02,,,,,
14,,0003367415321,,,,1,,,NATURE'S WAY,,,,,,,,STNDRDZD EXT RHODIOLA,,,,,,60.00,,,,VCP,,,,,Jun  5 2016 1,,,,,,2.02,,,,,
15,,0003367463100,,,,1,,,NATURE'S WAY,,,,,,,,STNDRDZD EXT TURMERIC,,,,,,60.00,,,,TAB,,,,,Jun  5 2016 1,,,,,,2.02,,,,,
16,,0003367415356,,,,1,,,NATURE'S WAY,,,,,,,,STNDRDZD EXT TURMERIC,,,,,,120.00,,,,TAB,,,,,Jun  5 2016 1,,,,,,2.44,,,,,
17,,0003367410260,,,,1,,,NATURE'S WAY,,,,,,,,TURMERIC STANDARDIZED,,,,,,60.00,,,,VCP,,,,,Jun  5 2016 1,,,,,,2.02,,,,,
18,,0003367463400,,,,1,,,NATURE'S WAY,,,,,,,,STNDRDZD EXT VALERIAN,,,,,,90.00,,,,CAP,,,,,Jun  5 2016 1,,,,,,2.44,,,,,
19,,0003367410100,,,,1,,,NATURE'S WAY,,,,,,,,ALFALFA LEAVES,,,,,,100.00,,,,VCP,,,,,Jun  5 2016 1,,,,,,2.02,,,,,
20,,0003367410180,,,,1,,,NATURE'S WAY,,,,,,,,ASTRAGALUS,,,,,,100.00,,,,VCP,,,,,Jun  5 2016 1,,,,,,2.43,,,,,
21,,0003367415337,,,,1,,,NATURE'S WAY,,,,,,,,ASTRAGALUS,,,,,,180.00,,,,VCP,,,,,Jun  5 2016 1,,,,,,2.88,,,,,
22,,0003367411200,,,,1,,,NATURE'S WAY,,,,,,,,BURDOCK ROOT,,,,,,100.00,,,,VCP,,,,,Jun  5 2016 1,,,,,,2.43,,,,,
,,,,,,---------------,,,,,,,,,,,,,,,,,,,,,,,,,,,,,,,,,,,,,
Totals:,,,,,,22,,,,,,,,,,,,,,,,,,,,,,,,,,,,,,,,,,,,,
"Shelf: 21,   Length: 4' 0.00"",    Height: 0' 6.50"",   Depth: 1' 1.00"",   Product: 3' 11.98""",,,,,,,,,,,,,,,,,,,,,,,,,,,,,,,,,,,,,,,,,,,
1,0082983500565,,,,,,1,,,AMAZING GRASS,,,,,,BEAUTY ELIXIR-SINGLE SERVE,,,,,,0.25,,,,,,OZ,,,,,,,,2.95,,,,,,,
2,0082983500566,,,,,,1,,,AMAZING GRASS,,,,,,BEAUTY ELIXIR-10 CT,,,,,,2.50,,,,,,OZ,,,,,,,,3.18,,,,,,,
3,0082983500567,,,,,,1,,,AMAZING GRASS,,,,,,BEAUTY ELIXIR-4.7 OZ,,,,,,4.90,,,,,,OZ,,,,,,,,3.71,,,,,,,
4,0082983500571,,,,,,1,,,AMAZING GRASS,,,,,,BELLY ELIXIR PACKET,,,,,,0.25,,,,,,OZ,,,,,,,,2.95,,,,,,,
Positio,,,,,UPC,,Facings,,,,,,Brand,,,,,,Long Description,,,,,,Size,,,,,UOM,,,,,Date,,,,,Width,,,
-----------   --------------------------------- ------------------------------------------------------------------------------------------------------------------ ------------ -------------------- ---------------,,,,,,,,,,,,,,,,,,,,,,,,,,,,,,,,,,,,,,,,,,,
5,,0082983500572,,,,1,,,AMAZING GRASS,,,,,,,,BELLY ELIXIR 10 PACKETS,,,,,,10.00,,,,CNT,,,,,,,,,,,3.18,,,,,
6,,0082983500573,,,,1,,,AMAZING GRASS,,,,,,,,BELLY ELIXIR 20 SERVINGS,,,,,,4.90,,,,OZ,,,,,,,,,,,3.71,,,,,
7,,0003367402020,,,,1,,,NATURE'S WAY,,,,,,,,BEE POLLEN,,,,,,100.00,,,,CAP,,,,,Jun  5 2016 1,,,,,,2.44,,,,,
8,,0003367479200,,,,2,,,NATURE'S WAY,,,,,,,,BLOOD SUGAR W- GYMNEMA,,,,,,90.00,,,,CAP,,,,,Jun  5 2016 1,,,,,,2.01,,,,,
9,,0003367400415,,,,1,,,NATURE'S WAY,,,,,,,,ECHINACEA GOLDENSEAL,,,,,,100.00,,,,VCP,,,,,Jun  5 2016 1,,,,,,2.02,,,,,
10,,0003367400350,,,,1,,,NATURE'S WAY,,,,,,,,FENU THYME,,,,,,100.00,,,,CAP,,,,,Jun  5 2016 1,,,,,,2.02,,,,,
11,,0003367400072,,,,1,,,NATURE'S WAY,,,,,,,,HAS ORIGINAL FORMULA,,,,,,100.00,,,,CAP,,,,,Jun  5 2016 1,,,,,,2.02,,,,,
12,,0003367400110,,,,1,,,NATURE'S WAY,,,,,,,,KIDNEY BLADDER,,,,,,100.00,,,,VCP,,,,,Jun  5 2016 1,,,,,,2.02,,,,,
13,,0003367479320,,,,1,,,NATURE'S WAY,,,,,,,,URINARY WITH CRANBERRY,,,,,,100.00,,,,CAP,,,,,Jun  5 2016 1,,,,,,2.02,,,,,
14,,0003367464600,,,,1,,,NATURE'S WAY,,,,,,,,STNDRDZD EXT ARTICHOKE,,,,,,60.00,,,,CAP,,,,,Jun  5 2016 1,,,,,,2.02,,,,,
15,,0003367415387,,,,1,,,NATURE'S WAY,,,,,,,,ASHWAGANDHA STANDARDIZED,,,,,,60.00,,,,VCP,,,,,,,,,,,2.03,,,,,
16,,0003367460510,,,,1,,,NATURE'S WAY,,,,,,,,STNDRDZD EXT BILBERRY,,,,,,90.00,,,,CAP,,,,,Jun  5 2016 1,,,,,,2.02,,,,,
17,,0003367464400,,,,1,,,NATURE'S WAY,,,,,,,,STNDRDZD EXT BOSWELLIA,,,,,,60.00,,,,TAB,,,,,Jun  5 2016 1,,,,,,2.02,,,,,
18,,0003367415492,,,,1,,,NATURE'S WAY,,,,,,,,STNDRDZD EXT CINNAMON,,,,,,60.00,,,,VCP,,,,,Jun  5 2016 1,,,,,,2.03,,,,,
19,,0003367415082,,,,1,,,NATURE'S WAY,,,,,,,,STNDRDZD EXT CINNAMON,,,,,,120.00,,,,VCP,,,,,Jun  5 2016 1,,,,,,2.38,,,,,
20,,0003367415134,,,,1,,,NATURE'S WAY,,,,,,,,STNDRDZD EXT CRANBERRY CAPS,,,,,,60.00,,,,VCP,,,,,Jun  5 2016 1,,,,,,2.02,,,,,
21,,0003367415135,,,,1,,,NATURE'S WAY,,,,,,,,STNDRDZD EXT CRANBERRY  VCAPS,,,,,,120.00,,,,VCP,,,,,Jun  5 2016 1,,,,,,2.44,,,,,
,,,,,,---------------,,,,,,,,,,,,,,,,,,,,,,,,,,,,,,,,,,,,,
Totals:,,,,,,22,,,,,,,,,,,,,,,,,,,,,,,,,,,,,,,,,,,,,
"Shelf: 22,   Length: 4' 0.00"",    Height: 0' 5.50"",   Depth: 1' 1.00"",   Product: 3' 11.84""",,,,,,,,,,,,,,,,,,,,,,,,,,,,,,,,,,,,,,,,,,,
1,,0009070000004,,,,1,,,HERB PHARM,,,,,,,,ARNICA EXTRACT,,,,,,1.00,,,,FOZ,,,,,Jun  5 2016 1,,,,,,1.29,,,,,
2,,0009070000005,,,,1,,,HERB PHARM,,,,,,,,ASHWAGANDHA EXTRACT,,,,,,1.00,,,,FOZ,,,,,Jun  5 2016 1,,,,,,1.32,,,,,
3,,0009080000090,,,,1,,,HERB PHARM,,,,,,,,ASTRAGALUS EXTRACT,,,,,,1.00,,,,FOZ,,,,,Jun  5 2016 1,,,,,,1.32,,,,,
4,,0009070000036,,,,1,,,HERB PHARM,,,,,,,,CHAMOMILE EXTRACT,,,,,,1.00,,,,FOZ,,,,,Jun  5 2016 1,,,,,,1.32,,,,,
5,,0009070000338,,,,1,,,HERB PHARM,,,,,,,,CILANTRO WHOLE LEAF EXTRACT,,,,,,1.00,,,,FOZ,,,,,Jun  5 2016 1,,,,,,1.32,,,,,
6,,0009090000062,,,,1,,,HERB PHARM,,,,,,,,ECHINACEA GLYCERITE,,,,,,1.00,,,,FOZ,,,,,Jun  5 2016 1,,,,,,1.32,,,,,
7,,0009090000048,,,,1,,,HERB PHARM,,,,,,,,GOLDEN ECHINACEA EXTRACT,,,,,,1.00,,,,FOZ,,,,,Jun  5 2016 1,,,,,,1.32,,,,,
8,,0009090000060,,,,1,,,HERB PHARM,,,,,,,,GOLDEN ECHINACEA GLYCERITE,,,,,,1.00,,,,FOZ,,,,,Jun  5 2016 1,,,,,,1.32,,,,,
9,,0009080000033,,,,1,,,HERB PHARM,,,,,,,,SUPER ECHINACEA EXTRACT,,,,,,1.00,,,,FOZ,,,,,Jun  5 2016 1,,,,,,1.32,,,,,
10,,0009090000014,,,,1,,,HERB PHARM,,,,,,,,RAPID IMMUNE BOOST IMMUNE SUPPORT,,,,,,1.00,,,,FOZ,,,,,Jun  5 2016 1,,,,,,1.32,,,,,
11,,0009070000060,,,,1,,,HERB PHARM,,,,,,,,GINGER EXTRACT,,,,,,1.00,,,,FOZ,,,,,,,,,,,1.32,,,,,
12,,0009070000061,,,,1,,,HERB PHARM,,,,,,,,GINKGO EXTRACT,,,,,,1.00,,,,FOZ,,,,,Jun  5 2016 1,,,,,,1.32,,,,,
13,,0009070000007,,,,1,,,HERB PHARM,,,,,,,,HOLY BASIL EXTRACT,,,,,,1.00,,,,FOZ,,,,,,,,,,,1.32,,,,,
14,,0009070000080,,,,1,,,HERB PHARM,,,,,,,,KAVA,,,,,,1.00,,,,FOZ,,,,,Jun  5 2016 1,,,,,,1.32,,,,,
15,,0009070000083,,,,1,,,HERB PHARM,,,,,,,,LAVENDER EXTRACT,,,,,,1.00,,,,FOZ,,,,,Jun  5 2016 1,,,,,,1.32,,,,,
16,,0009070000084,,,,1,,,HERB PHARM,,,,,,,,LEMON BALM EXTRACT,,,,,,1.00,,,,FOZ,,,,,Jun  5 2016 1,,,,,,1.32,,,,,
17,,0009070000094,,,,1,,,HERB PHARM,,,,,,,,MILK THISTLE EXTRACT,,,,,,1.00,,,,FOZ,,,,,Jun  5 2016 1,,,,,,1.32,,,,,
Positio,,,,,UPC,,Facings,,,,,,Brand,,,,,,Long Description,,,,,,Size,,,,,UOM,,,,,Date,,,,,Width,,,
-----------   --------------------------------- ------------------------------------------------------------------------------------------------------------------ ------------ -------------------- ---------------,,,,,,,,,,,,,,,,,,,,,,,,,,,,,,,,,,,,,,,,,,,
18,,0009080000004,,,,1,,,HERB PHARM,,,,,,,,PASSIONFLOWER EXTRACT,,,,,,1.00,,,,FOZ,,,,,Jun  5 2016 1,,,,,,1.32,,,,,
19,,0009080000071,,,,1,,,HERB PHARM,,,,,,,,PEPPERMINT SPIRITS,,,,,,1.00,,,,FOZ,,,,,Jun  5 2016 1,,,,,,1.32,,,,,
20,,0009080000011,,,,1,,,HERB PHARM,,,,,,,,PROPOLIS EXTRACT,,,,,,1.00,,,,FOZ,,,,,Jun  5 2016 1,,,,,,1.30,,,,,
21,,0009070000355,,,,1,,,HERB PHARM,,,,,,,,RHODIOLA EXTRACT,,,,,,1.00,,,,FOZ,,,,,Jun  5 2016 1,,,,,,1.32,,,,,
22,,0009080000018,,,,1,,,HERB PHARM,,,,,,,,SAGE EXTRACT,,,,,,1.00,,,,FOZ,,,,,Jun  5 2016 1,,,,,,1.32,,,,,
23,,0009080000036,,,,1,,,HERB PHARM,,,,,,,,TURMERIC EXTRACT,,,,,,1.00,,,,FOZ,,,,,Jun  5 2016 1,,,,,,1.32,,,,,
24,,0009080000039,,,,1,,,HERB PHARM,,,,,,,,VALERIAN EXTRACT,,,,,,1.00,,,,FOZ,,,,,Jun  5 2016 1,,,,,,1.32,,,,,
25,,0009090000069,,,,1,,,HERB PHARM,,,,,,,,VALERIAN GLYCERITE,,,,,,1.00,,,,FOZ,,,,,Jun  5 2016 1,,,,,,1.32,,,,,
26,,0009070003210,,,,1,,,HERB PHARM,,,,,,,,BED TIME HERBS ON THE GO,,,,,,1.00,,,,FOZ,,,,,,,,,,,1.32,,,,,
27,,0009070003105,,,,1,,,HERB PHARM,,,,,,,,BETTER BITTERS CLASSIC,,,,,,1.00,,,,FOZ,,,,,,,,,,,1.30,,,,,
28,,0009070003107,,,,1,,,HERB PHARM,,,,,,,,BETTER BITTERS ORANGE,,,,,,1.00,,,,FOZ,,,,,,,,,,,1.30,,,,,
29,,0009070000402,,,,1,,,HERB PHARM,,,,,,,,BREATH REFRESHER PEPPERMINT,,,,,,0.47,,,,FOZ,,,,,Jun  5 2016 1,,,,,,1.25,,,,,
30,,0009090000041,,,,1,,,HERB PHARM,,,,,,,,RELAXING SLEEP TONIC,,,,,,1.00,,,,FOZ,,,,,Jun  5 2016 1,,,,,,1.32,,,,,
31,,0009090000030,,,,1,,,HERB PHARM,,,,,,,,STONE BREAKER COMPOUND,,,,,,1.00,,,,FOZ,,,,,Jun  5 2016 1,,,,,,1.32,,,,,
32,,0009070003212,,,,1,,,HERB PHARM,,,,,,,,DAILY STRESS BALANCE HERBS ON THE GO,,,,,,1.00,,,,FOZ,,,,,,,,,,,1.32,,,,,
,,,,,,---------------,,,,,,,,,,,,,,,,,,,,,,,,,,,,,,,,,,,,,
Totals:,,,,,,32,,,,,,,,,,,,,,,,,,,,,,,,,,,,,,,,,,,,,
"Shelf: 23,   Length: 4' 0.00"",    Height: 0' 5.50"",   Depth: 1' 1.00"",   Product: 3' 11.94""",,,,,,,,,,,,,,,,,,,,,,,,,,,,,,,,,,,,,,,,,,,
1,,0065649016977,,,,1,,,WISHGARDEN,,,,,,,,GENIUS JUICE PUMP TOP,,,,,,0.66,,,,FOZ,,,,,,,,,,,1.10,,,,,
2,,0065649016972,,,,1,,,WISHGARDEN,,,,,,,,GENIUS JUICE PUMP TOP 2 FOZ,,,,,,2.00,,,,FOZ,,,,,,,,,,,1.52,,,,,
3,,0065649013877,,,,1,,,WISHGARDEN,,,,,,,,LIQUID BLISS PUMP TOP,,,,,,0.66,,,,FOZ,,,,,,,,,,,1.10,,,,,
4,,0065649013872,,,,1,,,WISHGARDEN,,,,,,,,LIQUID BLISS PUMP TOP,,,,,,2.00,,,,FOZ,,,,,Feb 21 2016 1,,,,,,1.50,,,,,
5,,0065649060677,,,,1,,,WISHGARDEN,,,,,,,,MO BETTA BELLY PUMP TOP,,,,,,0.66,,,,FOZ,,,,,,,,,,,1.10,,,,,
6,,0065649060672,,,,1,,,WISHGARDEN,,,,,,,,MO BETTA BELLY PUMP TOP 2 FOZ,,,,,,2.00,,,,FOZ,,,,,,,,,,,1.52,,,,,
7,,0065649010371,,,,1,,,WISHGARDEN,,,,,,,,DEEP LUNG,,,,,,1.00,,,,FOZ,,,,,Feb 21 2016 1,,,,,,1.32,,,,,
8,,0065649030072,,,,1,,,WISHGARDEN,,,,,,,,BADASS BITTERS SPRAY TOP,,,,,,2.00,,,,FOZ,,,,,Feb 21 2016 1,,,,,,1.50,,,,,
9,,0065649001171,,,,1,,,WISHGARDEN,,,,,,,,KICK ASS ALLERGY,,,,,,1.00,,,,FOZ,,,,,Feb 21 2016 1,,,,,,1.32,,,,,
10,,0065649004072,,,,1,,,WISHGARDEN,,,,,,,,SANTA ANA SNIFFLES PUMP TOP,,,,,,2.00,,,,FOZ,,,,,Feb 21 2016 1,,,,,,1.54,,,,,
11,,0065649081371,,,,1,,,WISHGARDEN,,,,,,,,KICK ASS SINUS,,,,,,1.00,,,,FOZ,,,,,Feb 21 2016 1,,,,,,1.32,,,,,
12,,0065649018571,,,,1,,,WISHGARDEN,,,,,,,,KICK ASS IMMUNE,,,,,,1.00,,,,FOZ,,,,,Feb 21 2016 1,,,,,,1.32,,,,,
13,,0065649019072,,,,1,,,WISHGARDEN,,,,,,,,KICK ASS IMMUNE,,,,,,2.00,,,,FOZ,,,,,Jun  5 2016 1,,,,,,1.50,,,,,
14,,0065649001471,,,,1,,,WISHGARDEN,,,,,,,,EMOTIONAL ALLY,,,,,,1.00,,,,FOZ,,,,,Feb 21 2016 1,,,,,,1.32,,,,,
15,,0065649002372,,,,1,,,WISHGARDEN,,,,,,,,EMOTIONAL ALLY,,,,,,2.00,,,,FOZ,,,,,,,,,,,1.52,,,,,
16,,0065649035821,,,,1,,,WISHGARDEN,,,,,,,,DEEP STRESS,,,,,,1.00,,,,FOZ,,,,,Feb 21 2016 1,,,,,,1.32,,,,,
17,,0065649036072,,,,1,,,WISHGARDEN,,,,,,,,DEEP STRESS PUMP TOP,,,,,,2.00,,,,FOZ,,,,,Feb 21 2016 1,,,,,,1.50,,,,,
18,,0065649094371,,,,1,,,WISHGARDEN,,,,,,,,SERIOUS RELAXER,,,,,,1.00,,,,FOZ,,,,,Feb 21 2016 1,,,,,,1.32,,,,,
19,,0065649094472,,,,1,,,WISHGARDEN,,,,,,,,SERIOUS RELAXER,,,,,,2.00,,,,FOZ,,,,,Feb 21 2016 1,,,,,,1.50,,,,,
Positio,,,,,UPC,,Facings,,,,,,Brand,,,,,,Long Description,,,,,,Size,,,,,UOM,,,,,Date,,,,,Width,,,
-----------   --------------------------------- ------------------------------------------------------------------------------------------------------------------ ------------ -------------------- ---------------,,,,,,,,,,,,,,,,,,,,,,,,,,,,,,,,,,,,,,,,,,,
20,0065649055571,1,WISHGARDEN,SLEEPY NIGHTS-ADULTS,1.00,FOZ,
21,0065649055672,1,WISHGARDEN,SLEEPY NIGHTS,2.00,FOZ,
22,0072778390144,1,NEW CHAPTER,FERMENTED TURMERIC,48.00,TAB,
23,0072778390146,1,NEW CHAPTER,FERMENTED MACA,48.00,TAB,
24,0072778390151,1,NEW CHAPTER,GOLDEN BLACK SEED,30.00,VCP,
25,0072778390102,2,NEW CHAPTER,LEMON BALM FORCE,30.00,VCP,
26,0072778390149,1,NEW CHAPTER,FERMENTED BLACK SEED BOOSTER PWDR,1.90,OZ,
Totals:,,
"Shelf: 24,   Length: 4' 0.00"",    Height: 1' 0.00"",   Depth: 1' 1.00"",   Product: 3' 11.82""",,,,,,,,,,,,,,,,,,,,,,,,,,,,,,,,,,,,,,,,,,,
1,,0075106334080,,,,1,,,GAIA HERBS,,,,,,,,ECHINACEA SUPREME-ORGANIC,,,,,,1.00,,,,FOZ,,,,,Jun  5 2016 1,,,,,,1.29,,,,,
2,,0075106334090,,,,1,,,GAIA HERBS,,,,,,,,ECHINACEA GOLDENSEAL SUPREME,,,,,,1.00,,,,FOZ,,,,,Jun  5 2016 1,,,,,,1.29,,,,,
3,,0075106330650,,,,1,,,GAIA HERBS,,,,,,,,KAVA KAVA ROOT,,,,,,1.00,,,,FOZ,,,,,Jun  5 2016 1,,,,,,1.29,,,,,
4,,0075106332250,,,,1,,,GAIA HERBS,,,,,,,,MILK THISTLE SEED-ORGANIC,,,,,,1.00,,,,FOZ,,,,,Jun  5 2016 1,,,,,,1.29,,,,,
5,,0075106340150,,,,1,,,GAIA HERBS,,,,,,,,ASTRAGALUS SUPREME LIQUID PHYTO CAPS,,,,,,60.00,,,,CNT,,,,,Jun  5 2016 1,,,,,,2.20,,,,,
6,,0075106340060,,,,1,,,GAIA HERBS,,,,,,,,BLACK ELDERBERRY LIQUID PHYTO CAPS,,,,,,60.00,,,,CNT,,,,,Jun  5 2016 1,,,,,,2.19,,,,,
7,,0075106340000,,,,1,,,GAIA HERBS,,,,,,,,HAWTHORN SUPREME LIQUID PHYTO CAPS,,,,,,60.00,,,,VCP,,,,,Jun  5 2016 1,,,,,,2.19,,,,,
8,,0075106340230,,,,1,,,GAIA HERBS,,,,,,,,HOLY BASIL LIQUID PHYTO CAPS,,,,,,60.00,,,,CAP,,,,,Jun  5 2016 1,,,,,,2.19,,,,,
9,,0075106314603,,,,1,,,GAIA HERBS,,,,,,,,HOLY BASIL LEAF,,,,,,120.00,,,,VCP,,,,,Jun  5 2016 1,,,,,,2.42,,,,,
10,,0075106339890,,,,2,,,GAIA HERBS,,,,,,,,KAVA KAVA LIQUID PHYTO CAPS,,,,,,60.00,,,,CAP,,,,,Jun  5 2016 1,,,,,,2.19,,,,,
11,,0075106339920,,,,1,,,GAIA HERBS,,,,,,,,MILK THISTLE SEED LIQUID PHYTO CAPS,,,,,,60.00,,,,VCP,,,,,Jun  5 2016 1,,,,,,2.19,,,,,
12,,0075106339950,,,,2,,,GAIA HERBS,,,,,,,,OIL OF OREGANO LIQUID PHYTO CAPS,,,,,,60.00,,,,VCP,,,,,Jun  5 2016 1,,,,,,2.20,,,,,
13,,0075106339940,,,,1,,,GAIA HERBS,,,,,,,,OLIVE LEAF LIQUID PHYTO CAPS,,,,,,60.00,,,,VCP,,,,,Jun  5 2016 1,,,,,,2.20,,,,,
14,,0075106314581,,,,2,,,GAIA HERBS,,,,,,,,OLIVE LEAF,,,,,,120.00,,,,VCP,,,,,Jun  5 2016 1,,,,,,2.42,,,,,
15,,0075106340170,,,,1,,,GAIA HERBS,,,,,,,,RHODIOLA ROSEA LIQUID PHYTO CAPS,,,,,,60.00,,,,VCP,,,,,Jun  5 2016 1,,,,,,2.19,,,,,
16,,0075106339613,,,,1,,,GAIA HERBS,,,,,,,,SOUND SLEEP LIQUID PHYTO CAPS,,,,,,30.00,,,,VCP,,,,,Jun  5 2016 1,,,,,,1.79,,,,,
17,,0075106340310,,,,1,,,GAIA HERBS,,,,,,,,TURMERIC SUPREME LIQUID PHYTO CAPS,,,,,,60.00,,,,VCP,,,,,Jun  5 2016 1,,,,,,2.18,,,,,
18,,0075106314596,,,,1,,,GAIA HERBS,,,,,,,,TURMERIC SUPREME,,,,,,120.00,,,,VCP,,,,,Jun  5 2016 1,,,,,,2.42,,,,,
19,,0075106314664,,,,1,,,GAIA HERBS,,,,,,,,TURMERIC SUPREME IMMUNE A.S.A.P.,,,,,,20.00,,,,CAP,,,,,Jun  5 2016 1,,,,,,2.00,,,,,
20,,0075106339632,,,,1,,,GAIA HERBS,,,,,,,,VALERIAN ROOT LIQUID PHYTO CAPS,,,,,,60.00,,,,VCP,,,,,Jun  5 2016 1,,,,,,2.19,,,,,
,,,,,,---------------,,,,,,,,,,,,,,,,,,,,,,,,,,,,,,,,,,,,,
Totals:,,,,,,23,,,,,,,,,,,,,,,,,,,,,,,,,,,,,,,,,,,,,