Project Type: STS 10/01/2018 Buyer: Denise Brooks x1663 Analyst: Tim Esch x1596,,,,,,,,,,,,,,,,,,,,,,,,,,,"12/8/2018
Vitamin Department
33144 Homeopathics-Topicals-08' L-Released Option B",,,,,,,,,,,,,,,,,,,,,,,,,,,,,,,,,,,,,,,,,,,,,,,,,,,,,,,,,,,,,,,,,,,,,
"0030696 003069627
BOIRON BOIRON ARNICA- ARNICA-30",,,,,,,,,,,,,,,,,,,,,,,,,,,,,,,,,,,,,,,,,,,,,,,,,,,,,,,,,,,,,,,,,,,,,,,,,,,,,,,,,,,,,,,,,,,,,,,,
"0035497332661
HYLANDS ARNICA 30X PAIN RELIEF
50.00 TAB
Shelf 8:  Height 1' 0.00"", Length 4' 0.00"", Depth 1' 1.00""",,,,,,,,,,,,,,,,,,,,,,,,,,,,,,,,,"003
003 003003 003 003003 003 003003 003 003003 003 HYL HY  HY HY  HY  HY HY  HY  HY HY  HY  HY HY  HY  BIO CA  CA CA  FE  KA  KA  KA  MA NA  NA  NA SIL BIO 100 FLUPH SU  PH  MU PH  SU  PH MU PH  SU  6X  500 TAB",,,,,,,,,,,,,,,,,,"BUY 2
GET 1 FREE",,,,,,,,,,,,,,,,,,,,,,,,,,,,,,,,,,,,,,,,,,,,,"BUY 2
GET 1 FREE"
0030696,003069628,,,,,,,,,,,,,,,,,,,,,,,,,,,,,,,,,,,,,,,,,,,,,,,,,,,,,,,,,,,,,,,,,,,,,,,,,,,,,,,,,,,,,,,,,,,,,,,
BOIRO,N BOIRON,,,,,,,,,,,,,,,,,,,,,,,,,,,,,,,,,,,,,,,,,,,,,,,,,,,,,,,,,,,,,,,,,,,,,,,,,,,,,,,,,,,,,,,,,,,,,,,
NUX,NUX,,,,,,,,,,,,,,,,,,,,,,,,,,,,,,,,,,,,,,,,,,,,,,,,,,,,,,,,,,,,,,,,,,,,,,,,,,,,,,,,,,,,,,,,,,,,,,,
VOMIC,A VOMICA,,,,,,,,,,,,,,,,,,,,,,,,,,,,,,,,,,,,,,,,,,,,,,,,,,,,,,,,,,,,,,,,,,,,,,,,,,,,,,,,,,,,,,,,,,,,,,,
BUY 2,BUY 2,,,,,,,,,,,,,,,,,,,,,,,,,,,,,,,,,,,,,,,,,,,,,,,,,,,,,,,,,,,,,,,,,,,,,,,,,,,,,,,,,,,,,,,,,,,,,,,
GET 1,GET 1,,,,,,,,,,,,,,,,,,,,,,,,,,,,,,,,,,,,,,,,,,,,,,,,,,,,,,,,,,,,,,,,,,,,,,,,,,,,,,,,,,,,,,,,,,,,,,,
003549700371 00371,,,,,,,,,,,,,,0035497,,,,,,,,,0035497300354973,,,,,,,,,,,,,,0085763 0085763 0085763 0085763,,,,,,,,,,,,,,,,,,,,,,,,,,,,,,,,,,,,,,,,,,,,,,,,,,,,,,,,,,,
HYLANDNATR  NATR  00354973 HYLAND00350035003500350035003500350035HYLAND  HYLAND  003549733 GENEXAGENEXAGENEXAGENEXA,,,,,,,,,,,,,,,,,,,,,,,,,,,,,,,,,,,,,,,,,,,,,,,,,,,,,,,,,,,,,,,,,,,,,,,,,,,,,,,,,,,,,,,,,,,,,,,,
RESTFURESTL LEG   HYLANDS   LEG    HYL  HYL HYL  HYL HYL  HYL HYL  HYL  MOTION   POSON   HYLANDS  HOMEOPHOMEOPHOMEOPHOMEOP,,,,,,,,,,,,,,,,,,,,,,,,,,,,,,,,,,,,,,,,,,,,,,,,,,,,,,,,,,,,,,,,,,,,,,,,,,,,,,,,,,,,,,,,,,,,,,,,
"003069629
BOIRON HISTAMINU 30 C 3.00 CNT",,"03069629
BOIRON ISTAMIN 0 C 3.00 CNT",,,,,,,,,,,,,,,,,,,,,,,,,,,,,,,,,,,,,,,,,,,,,,,,,,,,,,,,,,,,,,,,,,,,,,,,,,,,,,,,,,,,,,,,,,,,,,
LEGS   LEGS  CRAM     LEG     CRAMP ART BRO GAS HEA HAY HIVESINUSLE SICKNES IVY/OAK  MIGRAINE  ALLERG   COLD   STRESS SLEEPO,,,,,,,,,,,,,,,,,,,,,,,,,,,,,,,,,,,,,,,,,,,,,,,,,,,,,,,,,,,,,,,,,,,,,,,,,,,,,,,,,,,,,,,,,,,,,,,,
50.00    60.00     W/    CRAMPS   50.00   PAINCOU100. 100. 100. 100. 100. 100.    50.00,,,,,,,,,,,,,,,,,,,,,,,,,,,,,,,,,50.00,,,,"ADULT   CRUSH   RELIEF  REMEDY
U",,,,,,,,,,,,,,,,,,,,,,,,,,,,,,,,,,,,,,,,,,,,,,,,,,,,,,,,,,,
"Shelf 7:  Height 0' 5.50"", Length 4' 0.00"", Depth 1' 1.00""",,,,,,,,,,,,,,,,,,,,,,,,,,,,,,,,,,,,,,,,,,,,,,,,,,,,,,,,,,,,,,,,,,,,,,,,,,,,,,,,,,,,,,,,,,,,,,,,
0030696200306969,,,,,,,,,,,,,,,003549731 0035497,,,,,,,,,,,,,,,,,,,,003639231,,,,,,,,,,,,,,,,,,,,,,,,,,,,,,,,,,,,,,,,,,,,,,,,,,,,,,,,,,,,,
"BOIRON  BOIRON 0035 HYLANDS  HYLAND0035 007509880003007509880003007509880003007509880002
SEDALIA QUIETUDHYLA  NERVE    CALMS  HYL   HISTORICAL   HISTORICAL   HISTORICAL   HISTORICAL   0075098000132",,,,,,,,,,,,,,,,,,,,,,,,,,,,,,,,,,,,,,,,,,,,,,,,JET ZONE,,,,,,,,,,,,,,,,,,,,,,,,,,,,,,,,,,,,,,,,,,,,,,,,
60.00,,,,,,,,,,,,"60.00    NER
TONI",,,,TONIC,,,,"FORTE  CAL    REMEDIES
SLEEP",,,,,,,,REMEDIES,,,,,REMEDIES,,,REMEDIES,,,,,,MIERS LAB,,,,,,"HOMEPAT  Shelf 14:  Height 2' 0.00"", Length 4' 0.00"", Depth 1' 1.00""",,,,,,,,,,,,,,,,,,,,,,,,,,,,,,,,,,,,,,,,,,,,,,,,
"Shelf 6:  Height 0' 5.50"", Length 4' 0.00"", Depth 1' 1.00""
003069693 0078764710188",,,,,,,,,,,,,,,,,,,,,,,,,,,,,,0066,,,,,,,,,,,,,,,,,,,,"003069693
00306969  BOIRON    00306969   0030696260760",,,,,,,,,,,,,,,"003069690
BOIRON CHILDREN",,,,,,,,003069699983,,,,,,,"003069628782
BOIRON",,,,,"0030696903228003069 003069 003069
BOIRON       BOIRO  BOIRO  BOIRO CHESTAL      CHEST CHEST CHILDR",,,,,,,,,,,
0030696,,,,,,,,,MEDINATURA  0037140071100371400,,,,,,,,,,,,,,,,,,,,,,,,,,006 PRO006  BOIRON,,,,,,,,,,,,,,,,,,,,BOIRON,,,,BOIRON,,,,,COLDCALM003069699985,,,,,,,,,,,,,BOIRON,,,,,HONEY-ADULT   6.70,,,,,,,,,,,COLD  CHEST,,,
"RHINALLE
BOIRON",,,,,,,,,,,,CLEARLIFE,,,,,BIO,,,,BIO,,0030807812590,,,,,,,,,,,0078,,,,,,,,,,"2.00 PK
PR          PR   SINUSAL",,,,,,,,,,,,,THROAT,,COLDCALM,,,,,,2.00 PK,,,,,BOIRON,,,,,,OSCILLOCOCC,,,,,,,,,6.70 FOZ,,,,,,FOZ,,,&       COLD,,
RHINALL 60.00,,,,,,,3.00 CNT,,,,,ALLERGY NASAL,,,,ALLERS OUTDOOR,,,,,"ALLERS TREE
POLLEN",,"BOERICKE & TAFEL
ALLERGIEMITTEL ALLERAIDE 40.00",,,,,,,"0035497330121
HYLANDS SEASONAL",,,,,,,,"0066
MED PRO
ALLESEA",,,,,,,,,,"ALL
ALLMOLALL MO MIX PET",,,60.00,,,,,CALM-SO,,,,60.00 TAB,,,,,,,"OSCILLOCOCC   30.00 DOS
OSCILLOCOC",,,,,,,,,,,,,,,,,,,,,,COUGH    & SYRUP,,,,,,,
SPRAY 0.68,,,,,,,,,,,,,,,,ALLERGY,,,,,,,,,,,,,,,,,,,,,,,,,,,,,,,,,,"Shelf 13:  Height 0' 6.50"", Length 4' 0.00"", Depth 1' 1.00""",,,,,,,,,,,,,,,,,,,,,,,,,,,,,,,,,,,,,,,,,,,,,,
"Shelf 5:  Height 0' 5.50"", Length 4' 0.00"", Depth 1' 1.00""",,,,,,,,,,,,,,,,,,,,,,,,,,,,,,"003069
003069620355BOIRO  00306",,,,,,,,,,,,,,,,,,,,,,,,,,,,,,,,,,,,,,,,,,,,,,,,,,,,,,,,,,,,,,,003069,,,
007781,,,,,,,,,,,,,,,,,,,,,,,,,,,,,,,,,,,,,,,,,,,,,,,,,,00306,,,,,,,,,,,,,,,,,,,,,,,,,,,,,,,,BOIRON      ARNICA,,,,,,,,,"003069
00306 BOIRO",,,,,
00354 00354 00354,,,,,,,,,,,,,,,,,,,,,HOMEO,,,,0030696905446,,,,,,0030696905409,,,,,,,003069690,,,,,,0035795,,,,,,003069627 0030 0030              ARNICARE                BOIRO           ARNIC BOIRO,,,,,,,,,,,,,,,,,,,,,,,,,,,,,,,,,,,,,,,,,,,,,,
0035497 0035497 0035497 HYLA  HYLA  HYLA  007781   USA,,,,,,,,,,,,,,,,,,,,,,,,,,,,,,,,,00354973    KING,,,,,,,,,,,,,,,,0083074003069621 003069692 0030696200306962003069690030696900306969  BOIRON   BOIRBOIR,,,,,,,,,,,,,,,,,,,,,,,,,,,,,,,,GEL 2.60,,,,,"ARNIC
SIZE",,,,,,,CREA  ARNIC,,,
HYLAND HYLAND HYLAND COUGCOLD NIGHTHOMEO KIDS,,,,,,,,,,,,,,,,,,,,,,,,BOIRON,,,,,,BOIRON CAMILIA,,,,,,,,BOIRON   HYLANDS,,,,,,,,,BIO,,FORCE   BOIRON,,,,,BOIRON   BOIRON  BOIRON  BOIRON  BOIRON  BOIRON  ARNICA-30 ARNIARNI ARNIC        OZ,,,,,,,,,,,,,,,,,,,,,,,,,,,,,,,"GEL-V ARNIC           CREA
4.10                            2.50",,,,,,,,,,,
4 KIDS   ALLERG  4 KIDS   SYRU     N,,,,,,,,,,,,,,,,,COLD   USA    RELIEF  CAMILIA-TEETHING,,,,,,,,,,,,,,,30.00 DOS,,,,,COLICOMF CLEAR-A,,,,,,,,,,SKIN,,OF      OPTIQUE   OPTIQUE    ACIDIL   GASALIA ARNICARARNICARARNICAR    BUY 2,,,,,,,,,,,,,,,,,,,,,,,,,,,,ROLLOINT  GEL,,,,,,,"PACK  CREA
OZ                              OZ",,,,,,,,,,,,PACK
SNIFFLE RELIEF  COMPLEWITH  COUG    N,,,,,,,,,,,,,,,,,,,,KIDS,,0.85,,RELIEF 10.00 DOS,,,,,,,,,,,30.00,,,,,,,50.00,,,,,TAG,,NATUR,,10.00,,,30.00,,,60.00,,60.00,,,ARTHRIT,,,,LEG,,TABLETS    GET 1,,,,,,,,,1.50  1.00   1.50,,,,,,,,2.00,,,,,,,1.33,,,2.00,
N        4 KIDS,,,,,,,,,,,COLD   HONE    4,,,,,,COUG,,,,,,,,,,,,DOS,,,,,,,,,,,,,TAB,,,,REMOVE,,,,DOS,,,,DOS,,,,,,,,,FREE                          OZ,,,,,,,,,,,,,,,,,,,,,,PK      OZ                  PK,,,,,,,,,,,
"Shelf 4:  Height 0' 6.50"", Length 4' 0.00"", Depth 1' 1.00""                                                                     Shelf 12:  Height 0' 7.50"", Length 4' 0.00"", Depth 1' 1.00""",,,,,,,,,,,,,,,,,,,,,,,,,,,,,,,,,,,,,,,,,,,,,,,,,,,,,,,,,,,,,,,,,,,,,,,,,,,,,,,,,,,,,,,,,,,,,,,,
0030 0030696907,,,,,,,,,,,,,,,,,"0063824270
PURE TOUCH",,,,,"00306900306962043
00306BOIRO    BOIRON
BOIR CALENCALENDULA",,,,,,,"00609863
MY 0030696205   PAIN",,,,,,,,,,"008
00613 00613 SILV",,,,,,,,,,,"00787647101
MEDINATURA",,,,,,,,,,,,,,,,00787 00787,,,,,,,,"00371 003549733085
NATR    HYLANDS",,,,,,,,,,,,,,,,,,,,,,
BOIR,,,,,,,,,,,,,,008307,,,,,TUSH,,,GEL,,,,CREAM,,,BOIRON,,,,AWAY,,,,,,NATU  NATU  BIO 0068408006 003549733202 00787 00787 00787,,,,,,,,,,,,,,,,,,,,,T-RELIEF,,,,"00787                                   THE
MEDINMEDIN0037",,,,,,,,,,,,,MUSCLE,,,,,,,,,,,,,,,,,,,
AVE,,,,,,,,,,,,"BOIRON
FORCE",,,,,,,,"CALE
2.60",,,,,,2.50 OZ,,,CALENDUL  AFTER  003080782539 PATH/ PATH/ SILVSOVERENAT    HYLANDS,,,,,,,,,,,,,,,,,,,,,,,,,,MEDINMEDINMEDIN,,,,,,PAIN,,"MEDIN
ARTH  T-REL NATRARNIC   THERAPY",,,,,,,,,,,,,,,,,,,,,,,,,,,,,,,,,
"0030696971698            AVENOC
1.00",,,,,,,,,,,,,,,"WIPES-MED GEL
OF                                      OZ",,,,,,,,,,,,,OINTMENT    BURN,,,,,,,,BOERICKE &,,,,,,WING GELSILVER PATOINTMENT-LE T-REL T-REL T-REL   OINTMENT   T-REL,,,,,,,,,,,,,,,,,,,,,,,,,,,,THE   RUB,,,,,,,GEL WITH    0030807825090   0030807825097,,,,,,,,,,,,,,,,0030807825290,,,
BOIRON,,,,,,,,,OZ  SUPPOSITO,,,,,,,,24.00 PK,,,,,1.50,,,,,1.00 OZ,,,,,,CREAM,,,TAFEL,,,,,WING,,,,1   SILVER WIN,,,,,,CRAMPS,,,,PAIN   PAIN   PAIN,,,,,4.00 OZ,,,,PAIN   PAIN  ARTH,,,,,,,,,,4.00,,,,,BOERICKE &,,,,,,,BOERICKE &,,,,,,,BOERICKE &,,,
YEASTAWAY,,,,,,,,,,,10 CT,,,,NATUR                        OZ,,,,,,,,,,,,,,SSSSTINGSTOSILVE SILVE,,,,,,,,,,,,,,,,,,,FIRST   CO,,,2.50 OZ,,,,ORAL TABLEOINTM,,,,,,,GEL   RELIE CREA  RUB    OZ,,,,,,,,,,,,,,,ARNICA,,,,TAFEL,,,,,TAFEL,,,,,,,TAFEL,,,
"Shelf 3:  Height 0' 6.50"", Length 4' 0.00"", Depth 1' 1.00""",,,,,,,,,,,,,,,,,,,,,,,,,,,,,,DROP 100.00  2.00,,,,,,,,,,,,,,,,,,,,,,,,,,,,,,,,"2.00   100.00  2.00   ARNI
CREA",,,,,,,,,,,,,,,3.00 OZ,,,,ARNIFLORA-ARARNIFLORA-ARNIC,,,,,,,,,,,,,TRIFLORA,,
008307 008307 008307 008307 008307 008307,,,,,,,,,,,,,,,,,,,,,,,,,,,,,,,,,,"0007
000300076 JASO",,,,,,,,,,0007000700354,,,,,,,"Shelf 11:  Height 0' 7.50"", Length 4' 0.00"", Depth 1' 1.00""
0070569006098",,,,,,,,,,,,,,,,,,,,,,,,,,,,,,,,,,,,,,,,,,,,,
003080785039 0030807850990,,,,,,,,,,,,,,,,,,,,,,,,,,00640 DERHOBEVITA 000,,,,,,,,,,,,,,,,,,,NAT NAT,,,,,00855717,,,,,,,,,,,,,,,,,,NATUR,,,,,,,,,,,,,,,,,,,,,,,,,,,,
00030985 BOERICKE &    BOERICKE &   FORCE FORCE FORCE FORCE FORCE FORCE 000309 KUUM VITALABS    E    JAS 0007852,,,,,,,,,,,,,,,,,,,,,,,,,,,,,,,,,,,,,,,,,,,,,,,,"SMILE
GAT",,,"00363
001871             OLLOIS",,,,,,,,,,,,,,,,,,,MY    006098630343,,,,,,,,,,,,,,,,,,,,,,,,,,
DERMA-E,,,,,,,,TAFEL,,,,,TAFEL,,,,OF        OF        OF,,,,,,,,OF        OF        OF,,,,,,,,,E   OIL-VI OIL  VITAJASON  GAT,,,,,,,,,,,,,,,PRID,LIDDE,,,,,,,,,,,,008154390030,,,,,,,,,CARE    PAIN,,,,,,,TOPRICIN,,,,,,,,,,,,,,,,,,
NATUR,,,,,,,,,,,,,,,,,,,,,,,,,,NATUR,,,,DERMAMADE,,,,,,,,,,E                  VITAVITADRAW,,,,,,,,,,,ALAFFI  BPS   HOMEOP,,,,,,,,,,,,,,,,008307 NERVE,,,,,,,,,,,,,,,,,,,,,,,,,,,,,
PSORZE  FLORASONE  PSORIAFLORANATUR NATUR,,,,,,,,,,,,,,,,,,,,,,,NATUR,,,,,NATUR  SCAR  SCAR  OIL,,,,,,,,,,E     5000,,,,VITAMIN           E,,,,,,,,0063408,,,,,00640 CREAM           MEDICIN FRANKINCEN FORCE CREAM AWAY  CREAM-PAIN    0060986302002    00609863,,,,,,,,,,,,,,,,,,,,,,,,,,,,,,,,,,,,,,,,,
BADGER,,,,,,,,,,,,,,,,,,,,,,,,,,,,,,,,,,,,,,,,,,,,,,,,,,,,,,,KUUM SECRE BACK HYPERIC   & MYRRH,,,,,,,,,,,,,,OF        4.00,,,,,,,FIBRO,,RELIEF &,,,,TOPRICIN,,,,,,TOPRICI,,,,,,,,
"Shelf 2:  Height 0' 5.50"", Length 4' 0.00"", Depth 1' 1.00""",,,,,,,,,,,,,,,,,,,,,,,,,,,,,,00689  MADE    2.00    PAIN  PERFOR NEUROPATH NATUR    FOZ    CREA,,,,,,,,,,,,,,,,,,,,,,,,,,,,,,,,,,,,,,,,,,,,,,,,HEALING,,,,TOPRICIN 2.00,,,,,,TOPRICI    0060986360020,,,,,,,,
BALM,,,,,,,,,,,,,,,,,,,,,,,,,,,,,,,,,,,,,,,,,,,,,,,,,,,,,ALL   HERB                  +,,,,,,,,,RUBBING,,,,,,,,,,,3.00,,,,,0.75 OZ,,,,,,,,TOPRICIN,,,,,,,,,,
006547,,,,,,,,,,,,,,,,,,00645,,,,,,,,00645,,,,,,,,,,00733739,,,,,,,,,,,,,,"Shelf 10:  Height 0' 6.50"", Length 4' 0.00"", Depth 1' 1.00""",,,,,,,,,,,,,,,,,,,,,,,,,,,,,,,,,,,,,,,,,,,,,,
AVALO,,,,,,,,,,,,,,,,,"LIFEF                           LIFEF
00645            0064595129132",,,,,,,,,,,,,,00053,,,,,,,NOW,,,,,,,,,,,,,,,,,,,,,,,,,,,,,,,,,,,,,,,,,,,,,,,,,,,,,,,,,,
006547493,,,,,,,,,ORGAN,,,,,,,,"PURE
LIFEF",,,,,,,LIFEFLO,,,,CRAM,,,LIFETI,,,,,000532 GLUCOS,,,,,,,,,,,,,,00039000392783220,,,,,,,,,,,,,,,,,,,,,,,,,,,,,,,,,,,,,,,,,,,,,,
AVALON,,,,,,,,,"008357870
ECZEM                    0087553",,,,,,,,,,,,MAGN,,,PURE,,,,BARK,,,BLOC                0009746  LIFETIM   MSM 0060949,,,,,,,,,,,,,,,0076366 0076366,,,,,006085,,,,,,,,,,,,,,,,,,,,,,,,,,,,TIGERBALM   0003927832200,,,,,,,,,,,,,,,,,
"006547
ORGANICS",,,,,,,,,,,,,NATRALIA,,,,,,LOTIO  OIL,,,,LEG  0005SPRA                NATURE BOSWEARNICA    SORE MAGNESIUM                                   MRM,,,,,,,,,,,,,,,,,,,,,,,,,,SORE,0071ALLTER008126,,,,,,,,,,,,,,,,,,,,,,,,,,00039278  00039278  0003TIGER,,,,,,,,,,,,,PAIN,,,,,,,
AVALO RELIEF  ECZEMA   NATURA  8.00    8.00,,,,,,,,,,,,,,,,,,,,,,,,,,SPRA LIFE  8.00,,,,,,,,,PLUS    CREAM,,,,,,,,,,,,,,,OLB,,,,,,,,,,,,,,,,,,,,,,,,,,,MUSC,,,,,,,,,,,,,,TIGERBALM,,,,,
ECZEMA   ORGANGENTL         &,,,,,,,,,,,,,,,,VITALITY FOZ    FOZ,,,,,,,,FLAKES,,,,8.00  BLO  FOZ,,,,,,MSM,,ULTRA,,,,LOTION      NO          NO,,,,,,,,,,ANA RECOV SOOT  00640 00640  TIGERBALTIGERBALTIGE RUB,,,,,,,,,,,,,,,,,,,,,,,,,,,,,,,,,,,,,,RELIEVING,,,,,WARM,,,
RELIEF,,,,,,,ECZEM CLEAN PSORIASIS CREAM-,,,,,,,,,,,,,,,44.00 OZ,,,,,,FOZ  ROL,,,,,TOPICA,,,,,RELIEF,,,,,8.00,,,MORE,,,MORE   00646670001878,,,,,,,,0063408  0071548650211   OIL,,,,,,,,,,RUB    TOUC  KUUM,,,,,,,,,,,ANALGES   ULTRA    LINI   2.00,,,,,,,,,,PATCH 1.00,,,,,PATCH 1.00,,,
BODY,,,,,,,THERA  12.00,,,,,,,CREAM,,,CALM,,,,,,,,3.00,,,,,,,,CREAM      RX,,,,,,,4.00,,FOZ,,,,PAIN,,,PAIN,SPROU,,,DR     00634 BADGER,,,,,,,OLBAS,,,,0.95   WITH   NARA,,,,,,,,,,,KUUM   0.63 OZ    SPORTS  FAM   OZ             EA                     EA,,,,,,,,,,,,,,,,,,,,,
CREAM    INTENS  FOZ,,,,,,,,,,,,,,2.00 OZ,,,4.00,,,,,,,,FOZ,,,,,,,,4.00,,,JOINT       OZ CREME,,,,,,,,RELIEVI  RELIEVI  ARNICA BRONN  BADG   BALM,,,,,,,,,,,,,,,ANALGESIC,,,,,FOZ,,,"MENTH GEL-E MADE MADE
SPRAI JOINT",,,,,,,,,,,RUB,,,,,SIZE,,,,,,,,,,,,,
"Shelf 1:  Height 0' 8.50"", Length 4' 0.00"", Depth 1' 1.00""                                                                     Shelf 9:  Height 0' 6.50"", Length 4' 0.00"", Depth 1' 1.00""",,,,,,,,,,,,,,,,,,,,,,,,,,,,,,,,,,,,,,,,,,,,,,,,,,,,,,,,,,,,,,,,,,,,,,,,,,,,,,,,,,,,,,,,,,,,,,,,
Location(s): CA                                                                                                   Notes: For use when the end of the aisle is to the right of the Boiron tube towers,,,,,,,,,,,,,,,,,,,,,,,,,,,,,,,,,,,,,,,,,,,,,,,,,,,,,,,,,,,,,,"Confidential-For Sprouts Use Only
Page 1 / 13",,,,,,,,,,,,,,,,,,,,,,,,,,,,,,,,,,
,,,,,,,,,,,,,,,,,,,,,,,,,,,,,,,,,,,,,,,,,,,,,,,,,,,,,,,,,,,,,,,,,,,,,,,,,,,,,,,,,,,,,,,,,,,,,,,,
,,,,,,,,,,,,,,,,,,,,,,,,,,,,,,,,,,,,,,,,,,,,,,,,,,,,,,,,,,,,,,,,,,,,,,,,,,,,,,,,,,,,,,,,,,,,,,,,
,,,,,,,,,,,,,,,,,,,,,,,,,,,,,,,,,,,,,,,,,,,,,,,,,,,,,,,,,,,,,,,,,,,,,,,,,,,,,,,,,,,,,,,,,,,,,,,,
,,,,,,,,,,,,,,,,,,,,,,,,,,,,,,,,,,,,,,,,,,,,,,,,,,,,,,,,,,,,,,,,,,,,,,,,,,,,,First,,,,,,,,Product,,,,,,,,,,,
Positio,,,,UPC,,,,,,Facings,,,,,,,Brand,,,,,,,,,,,,,,,,,Long Description,,,,,,,,,,,,,,,,,,,,,,,,,Size,,,,,,,,,,,UOM,,,,,,,Date,,,,,,,,Width,,,,,,,,,,,
-----------   --------------------------------- ------------------------------------------------------------------------------------------------------------------ ------------ -------------------- ---------------,,,,,,,,,,,,,,,,,,,,,,,,,,,,,,,,,,,,,,,,,,,,,,,,,,,,,,,,,,,,,,,,,,,,,,,,,,,,,,,,,,,,,,,,,,,,,,,,
"Shelf: 1,   Length: 4' 0.00"",    Height: 0' 8.50"",   Depth: 1' 1.00"",   Product: 3' 11.93""",,,,,,,,,,,,,,,,,,,,,,,,,,,,,,,,,,,,,,,,,,,,,,,,,,,,,,,,,,,,,,,,,,,,,,,,,,,,,,,,,,,,,,,,,,,,,,,,
1,,,0065474936301,,,,,1,,,,,,,,AVALON ORGANICS,,,,,,,,,,,,,,,,,ECZEMA RELIEF BODY CREAM,,,,,,,,,,,,,,,,,,,,,,,,,10.00,,,,,,,,,,OZ,,,,,,,,,,,,,,,,3.62,,,,,,,,,,,,
2,,,0065474936300,,,,,1,,,,,,,,AVALON ORGANICS,,,,,,,,,,,,,,,,,ECZEMA THERAPY INTENSIVE CREAM,,,,,,,,,,,,,,,,,,,,,,,,,3.00,,,,,,,,,,FOZ,,,,,,,,,,,,,,,,2.42,,,,,,,,,,,,
3,,,0065474936302,,,,,1,,,,,,,,AVALON ORGANICS,,,,,,,,,,,,,,,,,ECZEMA RELIEF GENTLE CLEANSER,,,,,,,,,,,,,,,,,,,,,,,,,12.00,,,,,,,,,,FOZ,,,,,,,,,,,,,,,,2.38,,,,,,,,,,,,
4,,,0083578700037,,,,,2,,,,,,,,NATRALIA,,,,,,,,,,,,,,,,,ECZEMA & PSORIASIS CREAM,,,,,,,,,,,,,,,,,,,,,,,,,2.00,,,,,,,,,,OZ,,,,,,,,Jun 12 2016 1,,,,,,,,1.80,,,,,,,,,,,,
5,,,0087553400222,,,,,1,,,,,,,,NATURAL VITALITY,,,,,,,,,,,,,,,,,CREAM-NATURAL CALM,,,,,,,,,,,,,,,,,,,,,,,,,4.00,,,,,,,,,,OZ,,,,,,,,,,,,,,,,2.85,,,,,,,,,,,,
6,,,0064595182728,,,,,1,,,,,,,,LIFEFLO,,,,,,,,,,,,,,,,,LOTION-MAGNESIUM,,,,,,,,,,,,,,,,,,,,,,,,,8.00,,,,,,,,,,FOZ,,,,,,,,Jun 12 2016 1,,,,,,,,2.10,,,,,,,,,,,,
7,,,0064595140530,,,,,1,,,,,,,,LIFEFLO,,,,,,,,,,,,,,,,,PURE MAGNESIUM OIL,,,,,,,,,,,,,,,,,,,,,,,,,8.00,,,,,,,,,,FOZ,,,,,,,,Jun 12 2016 1,,,,,,,,1.90,,,,,,,,,,,,
8,,,0064595129132,,,,,1,,,,,,,,LIFEFLO,,,,,,,,,,,,,,,,,PURE MAGNESIUM FLAKES,,,,,,,,,,,,,,,,,,,,,,,,,44.00,,,,,,,,,,OZ,,,,,,,,,,,,,,,,5.00,,,,,,,,,,,,
9,,,0064595127543,,,,,1,,,,,,,,LIFEFLO,,,,,,,,,,,,,,,,,CRAMP BARK LEG SPRAY,,,,,,,,,,,,,,,,,,,,,,,,,8.00,,,,,,,,,,FOZ,,,,,,,,,,,,,,,,1.88,,,,,,,,,,,,
10,,,0005323225298,,,,,1,,,,,,,,LIFETIME,,,,,,,,,,,,,,,,,BLOCPAIN ROLL-ON,,,,,,,,,,,,,,,,,,,,,,,,,3.00,,,,,,,,,,FOZ,,,,,,,,Jun 12 2016 1,,,,,,,,1.50,,,,,,,,,,,,
11,,,0005323229208,,,,,1,,,,,,,,LIFETIME,,,,,,,,,,,,,,,,,BLOCPAIN SPRAY,,,,,,,,,,,,,,,,,,,,,,,,,8.00,,,,,,,,,,FOZ,,,,,,,,Jun 12 2016 1,,,,,,,,2.10,,,,,,,,,,,,
12,,,0060949222003,,,,,1,,,,,,,,MRM,,,,,,,,,,,,,,,,,MSM TOPICAL CREAM,,,,,,,,,,,,,,,,,,,,,,,,,4.00,,,,,,,,,,OZ,,,,,,,,Jun 12 2016 1,,,,,,,,2.68,,,,,,,,,,,,
13,,,0009746704925,,,,,1,,,,,,,,NATURE'S PLUS,,,,,,,,,,,,,,,,,ULTRA RX JOINT CREME,,,,,,,,,,,,,,,,,,,,,,,,,4.00,,,,,,,,,,OZ,,,,,,,,Jun 12 2016 1,,,,,,,,2.95,,,,,,,,,,,,
14,,,0005323296166,,,,,1,,,,,,,,LIFETIME,,,,,,,,,,,,,,,,,BOSWELLIA CREAM-PAIN RELIEF,,,,,,,,,,,,,,,,,,,,,,,,,4.00,,,,,,,,,,OZ,,,,,,,,Jun 12 2016 1,,,,,,,,2.45,,,,,,,,,,,,
15,,,0073373903283,,,,,1,,,,,,,,NOW,,,,,,,,,,,,,,,,,GLUCOSAMINE MSM ARNICA LOTION,,,,,,,,,,,,,,,,,,,,,,,,,8.00,,,,,,,,,,FOZ,,,,,,,,Jun 12 2016 1,,,,,,,,3.00,,,,,,,,,,,,
16,,,0076366914304,,,,,1,,,,,,,,SORE NO MORE,,,,,,,,,,,,,,,,,PAIN RELIEVING GEL-COOL THERAPY-JAR,,,,,,,,,,,,,,,,,,,,,,,,,4.00,,,,,,,,,,OZ,,,,,,,,Jun 12 2016 1,,,,,,,,2.85,,,,,,,,,,,,
17,,,0076366914204,,,,,1,,,,,,,,SORE NO MORE,,,,,,,,,,,,,,,,,PAIN RELIEVING GEL-WARM THERAPY-JAR,,,,,,,,,,,,,,,,,,,,,,,,,4.00,,,,,,,,,,OZ,,,,,,,,Jun 12 2016 1,,,,,,,,2.85,,,,,,,,,,,,
,,,,,,,,---------------,,,,,,,,,,,,,,,,,,,,,,,,,,,,,,,,,,,,,,,,,,,,,,,,,,,,,,,,,,,,,,,,,,,,,,,,,,,,,,,,,,,,,,,,
Totals:,,,,,,,,18,,,,,,,,,,,,,,,,,,,,,,,,,,,,,,,,,,,,,,,,,,,,,,,,,,,,,,,,,,,,,,,,,,,,,,,,,,,,,,,,,,,,,,,,
"Shelf: 2,   Length: 4' 0.00"",    Height: 0' 5.50"",   Depth: 1' 1.00"",   Product: 3' 11.84""",,,,,,,,,,,,,,,,,,,,,,,,,,,,,,,,,,,,,,,,,,,,,,,,,,,,,,,,,,,,,,,,,,,,,,,,,,,,,,,,,,,,,,,,,,,,,,,,
1,,,0003098508700,,,,,1,,,,,,,,DERMA-E,,,,,,,,,,,,,,,,,PSORZEMA CREME,,,,,,,,,,,,,,,,,,,,,,,,,4.00,,,,,,,,,,OZ,,,,,,,,Jun 12 2016 1,,,,,,,,3.10,,,,,,,,,,,,
2,,,0030807850390,,,,,1,,,,,,,,BOERICKE & TAFEL,,,,,,,,,,,,,,,,,FLORASONE ECZEMA CREAM,,,,,,,,,,,,,,,,,,,,,,,,,1.00,,,,,,,,,,OZ,,,,,,,,Jun 12 2016 1,,,,,,,,4.95,,,,,,,,,,,,
3,,,0030807850990,,,,,1,,,,,,,,BOERICKE & TAFEL,,,,,,,,,,,,,,,,,PSORIAFLORA,,,,,,,,,,,,,,,,,,,,,,,,,1.00,,,,,,,,,,OZ,,,,,,,,Jun 12 2016 1,,,,,,,,5.00,,,,,,,,,,,,
4,,,0083074301001,,,,,1,,,,,,,,FORCES OF NATURE,,,,,,,,,,,,,,,,,ECZEMA CONTROL-ORGANIC,,,,,,,,,,,,,,,,,,,,,,,,,11.00,,,,,,,,,,ML,,,,,,,,Jun 12 2016 1,,,,,,,,2.55,,,,,,,,,,,,
5,,,0083074301011,,,,,1,,,,,,,,FORCES OF NATURE,,,,,,,,,,,,,,,,,PSORIASIS CONTROL-ORG,,,,,,,,,,,,,,,,,,,,,,,,,11.00,,,,,,,,,,ML,,,,,,,,Jun 12 2016 1,,,,,,,,2.55,,,,,,,,,,,,
6,,,0083074301121,,,,,1,,,,,,,,FORCES OF NATURE,,,,,,,,,,,,,,,,,WART CONTROL XTRA STRENGTH RLLRBLL,,,,,,,,,,,,,,,,,,,,,,,,,0.14,,,,,,,,,,OZ,,,,,,,,,,,,,,,,2.60,,,,,,,,,,,,
7,,,0083074301030,,,,,1,,,,,,,,FORCES OF NATURE,,,,,,,,,,,,,,,,,SAFE & EFFECTIVE RINGWORM TRTMNT-ORG,,,,,,,,,,,,,,,,,,,,,,,,,11.00,,,,,,,,,,ML,,,,,,,,Jun 12 2016 1,,,,,,,,2.55,,,,,,,,,,,,
8,,,0083074300905,,,,,1,,,,,,,,FORCES OF NATURE,,,,,,,,,,,,,,,,,NAIL FUNGUS CONTROL-ORG,,,,,,,,,,,,,,,,,,,,,,,,,11.00,,,,,,,,,,ML,,,,,,,,May  1 2016 1,,,,,,,,2.55,,,,,,,,,,,,
9,,,0083074300907,,,,,1,,,,,,,,FORCES OF NATURE,,,,,,,,,,,,,,,,,SCAR CONTROL-ORG,,,,,,,,,,,,,,,,,,,,,,,,,11.00,,,,,,,,,,ML,,,,,,,,Jun 12 2016 1,,,,,,,,2.55,,,,,,,,,,,,
10,,,0003098508100,,,,,1,,,,,,,,DERMA-E,,,,,,,,,,,,,,,,,SCAR GEL,,,,,,,,,,,,,,,,,,,,,,,,,2.00,,,,,,,,,,OZ,,,,,,,,Jun 12 2016 1,,,,,,,,2.50,,,,,,,,,,,,
11,,,0064084225400,,,,,1,,,,,,,,KUUMBA MADE,,,,,,,,,,,,,,,,,SCAR REPAIR SALVE,,,,,,,,,,,,,,,,,,,,,,,,,1.00,,,,,,,,,,OZ,,,,,,,,Jun 12 2016 1,,,,,,,,2.15,,,,,,,,,,,,
12,,,0003098500520,,,,,1,,,,,,,,DERMA-E,,,,,,,,,,,,,,,,,VITAMIN E OIL 14000 IU,,,,,,,,,,,,,,,,,,,,,,,,,2.00,,,,,,,,,,FOZ,,,,,,,,Jun 12 2016 1,,,,,,,,1.50,,,,,,,,,,,,
13,,,0007679101001,,,,,1,,,,,,,,HOBE LABS,,,,,,,,,,,,,,,,,OIL-VITAMIN E,,,,,,,,,,,,,,,,,,,,,,,,,2.00,,,,,,,,,,FOZ,,,,,,,,Jun 12 2016 1,,,,,,,,2.00,,,,,,,,,,,,
14,,,0007852205001,,,,,1,,,,,,,,JASON,,,,,,,,,,,,,,,,,VITAMIN E OIL 5000 IU,,,,,,,,,,,,,,,,,,,,,,,,,4.00,,,,,,,,,,FOZ,,,,,,,,Jun 12 2016 1,,,,,,,,1.65,,,,,,,,,,,,
Positio,,,,,,UPC,,,,Facings,,,,,,,,,,,Brand,,,,,,,,,,,,,,,Long Description,,,,,,,,,,,,,,,,,,,,,,,,Size,,,,,,,,,,,UOM,,,,,,,Date,,,,,,,Width,,,,,,,,,,,
-----------   --------------------------------- ------------------------------------------------------------------------------------------------------------------ ------------ -------------------- ---------------,,,,,,,,,,,,,,,,,,,,,,,,,,,,,,,,,,,,,,,,,,,,,,,,,,,,,,,,,,,,,,,,,,,,,,,,,,,,,,,,,,,,,,,,,,,,,,,,
15,,,0007852204031,,,,,1,,,,,,,,JASON,,,,,,,,,,,,,,,,,VITAMIN E OIL 45000 IU,,,,,,,,,,,,,,,,,,,,,,,,,2.00,,,,,,,,,,FOZ,,,,,,,,Jun 12 2016 1,,,,,,,,1.40,,,,,,,,,,,,
16,,,0007852204012,,,,,1,,,,,,,,JASON,,,,,,,,,,,,,,,,,VITAMIN E CREME-25000 IU,,,,,,,,,,,,,,,,,,,,,,,,,4.00,,,,,,,,,,OZ,,,,,,,,Jun 12 2016 1,,,,,,,,2.90,,,,,,,,,,,,
17,,,0007834777438,,,,,1,,,,,,,,NATURE'S GATE,,,,,,,,,,,,,,,,,VITAMIN E OIL 32000 IU ROLL,,,,,,,,,,,,,,,,,,,,,,,,,1.10,,,,,,,,,,FOZ,,,,,,,,Jun 12 2016 1,,,,,,,,1.50,,,,,,,,,,,,
18,,,0007834777440,,,,,1,,,,,,,,NATURE'S GATE,,,,,,,,,,,,,,,,,VITAMIN E OIL-40000 IU,,,,,,,,,,,,,,,,,,,,,,,,,2.00,,,,,,,,,,FOZ,,,,,,,,Jun 12 2016 1,,,,,,,,1.55,,,,,,,,,,,,
19,,,0035497342024,,,,,1,,,,,,,,SMILES PRID,,,,,,,,,,,,,,,,,DRAWING SALVE,,,,,,,,,,,,,,,,,,,,,,,,,18.00,,,,,,,,,,GM,,,,,,,,Jun 12 2016 1,,,,,,,,2.10,,,,,,,,,,,,
,,,,,,,,---------------,,,,,,,,,,,,,,,,,,,,,,,,,,,,,,,,,,,,,,,,,,,,,,,,,,,,,,,,,,,,,,,,,,,,,,,,,,,,,,,,,,,,,,,,
Totals:,,,,,,,,19,,,,,,,,,,,,,,,,,,,,,,,,,,,,,,,,,,,,,,,,,,,,,,,,,,,,,,,,,,,,,,,,,,,,,,,,,,,,,,,,,,,,,,,,
"Shelf: 3,   Length: 4' 0.00"",    Height: 0' 6.50"",   Depth: 1' 1.00"",   Product: 3' 11.90""",,,,,,,,,,,,,,,,,,,,,,,,,,,,,,,,,,,,,,,,,,,,,,,,,,,,,,,,,,,,,,,,,,,,,,,,,,,,,,,,,,,,,,,,,,,,,,,,
1,,,0030696971698,,,,,1,,,,,,,,BOIRON,,,,,,,,,,,,,,,,,YEASTAWAY,,,,,,,,,,,,,,,,,,,,,,,,,7.00,,,,,,,,,,CNT,,,,,,,,Aug  7 2016 1,,,,,,,,5.25,,,,,,,,,,,,
2,,,0030696204050,,,,,1,,,,,,,,BOIRON,,,,,,,,,,,,,,,,,AVENOC-OINTMENT,,,,,,,,,,,,,,,,,,,,,,,,,1.00,,,,,,,,,,OZ,,,,,,,,Jun 12 2016 1,,,,,,,,1.69,,,,,,,,,,,,
3,,,0030696907567,,,,,1,,,,,,,,BOIRON,,,,,,,,,,,,,,,,,AVENOC SUPPOSITORIES 10 CT,,,,,,,,,,,,,,,,,,,,,,,,,10.00,,,,,,,,,,CNT,,,,,,,,Nov 20 2016 1,,,,,,,,3.92,,,,,,,,,,,,
4,,,0083074301117,,,,,1,,,,,,,,FORCES OF NATURE,,,,,,,,,,,,,,,,,HEMORRHOID CONTROL EXTRA STRENGTH,,,,,,,,,,,,,,,,,,,,,,,,,0.17,,,,,,,,,,OZ,,,,,,,,,,,,,,,,2.60,,,,,,,,,,,,
5,,,0063824270700,,,,,1,,,,,,,,PURE TOUCH,,,,,,,,,,,,,,,,,TUSH WIPES-MEDICATED,,,,,,,,,,,,,,,,,,,,,,,,,24.00,,,,,,,,,,PK,,,,,,,,Jun 12 2016 1,,,,,,,,4.00,,,,,,,,,,,,
6,,,0030696110554,,,,,1,,,,,,,,BOIRON,,,,,,,,,,,,,,,,,CALENDULA GEL,,,,,,,,,,,,,,,,,,,,,,,,,1.50,,,,,,,,,,OZ,,,,,,,,Jun 12 2016 1,,,,,,,,1.95,,,,,,,,,,,,
7,,,0030696204659,,,,,1,,,,,,,,BOIRON,,,,,,,,,,,,,,,,,CALENDULA GEL,,,,,,,,,,,,,,,,,,,,,,,,,2.60,,,,,,,,,,OZ,,,,,,,,Jun 12 2016 1,,,,,,,,2.25,,,,,,,,,,,,
8,,,0030696204356,,,,,2,,,,,,,,BOIRON,,,,,,,,,,,,,,,,,CALENDULA CREAM,,,,,,,,,,,,,,,,,,,,,,,,,2.50,,,,,,,,,,OZ,,,,,,,,Jun 12 2016 1,,,,,,,,2.25,,,,,,,,,,,,
9,,,0030696205250,,,,,2,,,,,,,,BOIRON,,,,,,,,,,,,,,,,,CALENDULA OINTMENT,,,,,,,,,,,,,,,,,,,,,,,,,1.00,,,,,,,,,,OZ,,,,,,,,Jun 12 2016 1,,,,,,,,1.95,,,,,,,,,,,,
10,,,0060986389552,,,,,1,,,,,,,,MY PAIN AWAY,,,,,,,,,,,,,,,,,AFTER BURN CREAM,,,,,,,,,,,,,,,,,,,,,,,,,6.00,,,,,,,,,,OZ,,,,,,,,,,,,,,,,3.04,,,,,,,,,,,,
11,,,0030807825390,,,,,1,,,,,,,,BOERICKE & TAFEL,,,,,,,,,,,,,,,,,SSSSTINGSTOP INSECT BITE GEL,,,,,,,,,,,,,,,,,,,,,,,,,1.00,,,,,,,,,,OZ,,,,,,,,Jun 12 2016 1,,,,,,,,4.95,,,,,,,,,,,,
12,,,0061340591467,,,,,1,,,,,,,,NATURAL PATH/SILVER WINGS,,,,,,,,,,,,,,,,,SILVER HERBAL OINTMENT,,,,,,,,,,,,,,,,,,,,,,,,,1.50,,,,,,,,,,OZ,,,,,,,,Jun 12 2016 1,,,,,,,,2.20,,,,,,,,,,,,
13,,,0061340525120,,,,,1,,,,,,,,NATURAL PATH/SILVER WINGS,,,,,,,,,,,,,,,,,SILVER ALOE VERA GEL,,,,,,,,,,,,,,,,,,,,,,,,,1.50,,,,,,,,,,OZ,,,,,,,,Jun 12 2016 1,,,,,,,,2.20,,,,,,,,,,,,
14,,,0083106000241,,,,,1,,,,,,,,SILVER BIOTICS,,,,,,,,,,,,,,,,,SILVER GEL 1 AND 1 HALF OZ TUBE,,,,,,,,,,,,,,,,,,,,,,,,,1.50,,,,,,,,,,FOZ,,,,,,,,Jun 12 2016 1,,,,,,,,1.35,,,,,,,,,,,,
15,,,0068408850001,,,,,2,,,,,,,,SOVEREIGN SILVER,,,,,,,,,,,,,,,,,SILVER FIRST AID GEL,,,,,,,,,,,,,,,,,,,,,,,,,1.00,,,,,,,,,,OZ,,,,,,,,Jun 12 2016 1,,,,,,,,1.40,,,,,,,,,,,,
16,,,0061340544055,,,,,1,,,,,,,,NATURAL PATH/SILVER WINGS,,,,,,,,,,,,,,,,,COLLOIDAL SILVER TOPICAL SPRAY,,,,,,,,,,,,,,,,,,,,,,,,,1.00,,,,,,,,,,FOZ,,,,,,,,Jun 12 2016 1,,,,,,,,1.30,,,,,,,,,,,,
,,,,,,,,---------------,,,,,,,,,,,,,,,,,,,,,,,,,,,,,,,,,,,,,,,,,,,,,,,,,,,,,,,,,,,,,,,,,,,,,,,,,,,,,,,,,,,,,,,,
Totals:,,,,,,,,19,,,,,,,,,,,,,,,,,,,,,,,,,,,,,,,,,,,,,,,,,,,,,,,,,,,,,,,,,,,,,,,,,,,,,,,,,,,,,,,,,,,,,,,,
"Shelf: 4,   Length: 4' 0.00"",    Height: 0' 6.50"",   Depth: 1' 1.00"",   Product: 3' 11.95""",,,,,,,,,,,,,,,,,,,,,,,,,,,,,,,,,,,,,,,,,,,,,,,,,,,,,,,,,,,,,,,,,,,,,,,,,,,,,,,,,,,,,,,,,,,,,,,,
1,,,0035497331601,,,,,1,,,,,,,,HYLANDS,,,,,,,,,,,,,,,,,4 KIDS SNIFFLES N SNEEZES,,,,,,,,,,,,,,,,,,,,,,,,,125.00,,,,,,,,,,TAB,,,,,,,,Jun 12 2016 1,,,,,,,,2.82,,,,,,,,,,,,
2,,,0035497331631,,,,,1,,,,,,,,HYLANDS,,,,,,,,,,,,,,,,,ALLERGY RELIEF 4 KIDS,,,,,,,,,,,,,,,,,,,,,,,,,125.00,,,,,,,,,,TAB,,,,,,,,Jun 12 2016 1,,,,,,,,2.80,,,,,,,,,,,,
3,,,0035497332411,,,,,1,,,,,,,,HYLANDS,,,,,,,,,,,,,,,,,4 KIDS COMPLETE COLD N FLU,,,,,,,,,,,,,,,,,,,,,,,,,125.00,,,,,,,,,,TAB,,,,,,,,Jun 12 2016 1,,,,,,,,2.80,,,,,,,,,,,,
4,,,0035497375241,,,,,1,,,,,,,,HYLANDS,,,,,,,,,,,,,,,,,COUGH SYRUP WITH HONEY 4 KIDS,,,,,,,,,,,,,,,,,,,,,,,,,4.00,,,,,,,,,,FOZ,,,,,,,,Jun 12 2016 1,,,,,,,,2.00,,,,,,,,,,,,
5,,,0035497330751,,,,,1,,,,,,,,HYLANDS,,,,,,,,,,,,,,,,,COLD N COUGH 4 KIDS,,,,,,,,,,,,,,,,,,,,,,,,,4.00,,,,,,,,,,FOZ,,,,,,,,Jun 12 2016 1,,,,,,,,2.00,,,,,,,,,,,,
6,,,0035497330981,,,,,1,,,,,,,,HYLANDS,,,,,,,,,,,,,,,,,NIGHTTIME COLD N COUGH 4 KIDS,,,,,,,,,,,,,,,,,,,,,,,,,4.00,,,,,,,,,,FOZ,,,,,,,,Jun 12 2016 1,,,,,,,,2.00,,,,,,,,,,,,
7,,,0077815902078,,,,,1,,,,,,,,HOMEOLAB USA,,,,,,,,,,,,,,,,,KIDS RELIEF-PAIN & FEVER,,,,,,,,,,,,,,,,,,,,,,,,,0.85,,,,,,,,,,FOZ,,,,,,,,Jun 12 2016 1,,,,,,,,2.40,,,,,,,,,,,,
8,,,0077815909060,,,,,1,,,,,,,,HOMEOLAB USA,,,,,,,,,,,,,,,,,KIDS RELIEF-TEETHING,,,,,,,,,,,,,,,,,,,,,,,,,0.85,,,,,,,,,,FOZ,,,,,,,,Jun 12 2016 1,,,,,,,,2.40,,,,,,,,,,,,
9,,,0030696905446,,,,,2,,,,,,,,BOIRON,,,,,,,,,,,,,,,,,CAMILIA-TEETHING RELIEF,,,,,,,,,,,,,,,,,,,,,,,,,10.00,,,,,,,,,,DOS,,,,,,,,Jun 12 2016 1,,,,,,,,3.60,,,,,,,,,,,,
Positio,,,,,,UPC,,,,Facings,,,,,,,,,,,Brand,,,,,,,,,,,,,,,Long Description,,,,,,,,,,,,,,,,,,,,,,,,Size,,,,,,,,,,,UOM,,,,,,,Date,,,,,,,Width,,,,,,,,,,,
-----------   --------------------------------- ------------------------------------------------------------------------------------------------------------------ ------------ -------------------- ---------------,,,,,,,,,,,,,,,,,,,,,,,,,,,,,,,,,,,,,,,,,,,,,,,,,,,,,,,,,,,,,,,,,,,,,,,,,,,,,,,,,,,,,,,,,,,,,,,,
10,,,0030696905409,,,,,2,,,,,,,,BOIRON,,,,,,,,,,,,,,,,,CAMILIA,,,,,,,,,,,,,,,,,,,,,,,,,30.00,,,,,,,,,,DOS,,,,,,,,Jun 12 2016 1,,,,,,,,3.60,,,,,,,,,,,,
11,,,0030696907409,,,,,1,,,,,,,,BOIRON,,,,,,,,,,,,,,,,,COLICOMFORT,,,,,,,,,,,,,,,,,,,,,,,,,30.00,,,,,,,,,,DOS,,,,,,,,,,,,,,,,3.60,,,,,,,,,,,,
12,,,0035497322021,,,,,1,,,,,,,,HYLANDS,,,,,,,,,,,,,,,,,CLEAR-AC,,,,,,,,,,,,,,,,,,,,,,,,,50.00,,,,,,,,,,TAB,,,,,,,,Jun 12 2016 1,,,,,,,,3.25,,,,,,,,,,,,
13,,,0035795586995,,,,,1,,,,,,,,KING BIO,,,,,,,,,,,,,,,,,SKIN TAG REMOVER,,,,,,,,,,,,,,,,,,,,,,,,,0.50,,,,,,,,,,FOZ,,,,,,,,Jun 12 2016 1,,,,,,,,2.80,,,,,,,,,,,,
14,,,0083074301132,,,,,1,,,,,,,,FORCES OF NATURE,,,,,,,,,,,,,,,,,SKIN TAG CONTROL ROLLERBALL,,,,,,,,,,,,,,,,,,,,,,,,,0.14,,,,,,,,,,OZ,,,,,,,,,,,,,,,,2.60,,,,,,,,,,,,
,,,,,,,,---------------,,,,,,,,,,,,,,,,,,,,,,,,,,,,,,,,,,,,,,,,,,,,,,,,,,,,,,,,,,,,,,,,,,,,,,,,,,,,,,,,,,,,,,,,
Totals:,,,,,,,,16,,,,,,,,,,,,,,,,,,,,,,,,,,,,,,,,,,,,,,,,,,,,,,,,,,,,,,,,,,,,,,,,,,,,,,,,,,,,,,,,,,,,,,,,
"Shelf: 5,   Length: 4' 0.00"",    Height: 0' 5.50"",   Depth: 1' 1.00"",   Product: 3' 11.91""",,,,,,,,,,,,,,,,,,,,,,,,,,,,,,,,,,,,,,,,,,,,,,,,,,,,,,,,,,,,,,,,,,,,,,,,,,,,,,,,,,,,,,,,,,,,,,,,
1,,,0030696931504,,,,,1,,,,,,,,BOIRON,,,,,,,,,,,,,,,,,RHINALLERGY,,,,,,,,,,,,,,,,,,,,,,,,,60.00,,,,,,,,,,TAB,,,,,,,,,,,,,,,,3.00,,,,,,,,,,,,
2,,,0030696931743,,,,,1,,,,,,,,BOIRON,,,,,,,,,,,,,,,,,RHINALLERGY-KIDS-PELLETS,,,,,,,,,,,,,,,,,,,,,,,,,3.00,,,,,,,,,,CNT,,,,,,,,,,,,,,,,3.68,,,,,,,,,,,,
3,,,0078764710188,,,,,2,,,,,,,,MEDINATURA,,,,,,,,,,,,,,,,,CLEARLIFE ALLERGY NASAL SPRAY,,,,,,,,,,,,,,,,,,,,,,,,,0.68,,,,,,,,,,FOZ,,,,,,,,Jun 12 2016 1,,,,,,,,2.56,,,,,,,,,,,,
4,,,0037140071160,,,,,2,,,,,,,,BIO ALLERS,,,,,,,,,,,,,,,,,OUTDOOR ALLERGY TABS,,,,,,,,,,,,,,,,,,,,,,,,,60.00,,,,,,,,,,TAB,,,,,,,,Jun 12 2016 1,,,,,,,,2.17,,,,,,,,,,,,
5,,,0037140070701,,,,,2,,,,,,,,BIO ALLERS,,,,,,,,,,,,,,,,,TREE POLLEN,,,,,,,,,,,,,,,,,,,,,,,,,1.00,,,,,,,,,,FOZ,,,,,,,,Jun 12 2016 1,,,,,,,,1.66,,,,,,,,,,,,
6,,,0030807812590,,,,,2,,,,,,,,BOERICKE & TAFEL,,,,,,,,,,,,,,,,,ALLERGIEMITTEL ALLERAIDE,,,,,,,,,,,,,,,,,,,,,,,,,40.00,,,,,,,,,,TAB,,,,,,,,Jun 12 2016 1,,,,,,,,3.85,,,,,,,,,,,,
7,,,0035497330121,,,,,2,,,,,,,,HYLANDS,,,,,,,,,,,,,,,,,SEASONAL ALLERGY TABLETS,,,,,,,,,,,,,,,,,,,,,,,,,60.00,,,,,,,,,,TAB,,,,,,,,Jun 12 2016 1,,,,,,,,3.75,,,,,,,,,,,,
8,,,0078764710001,,,,,1,,,,,,,,MEDINATURA,,,,,,,,,,,,,,,,,ALLERGY,,,,,,,,,,,,,,,,,,,,,,,,,100.00,,,,,,,,,,TAB,,,,,,,,Jun 12 2016 1,,,,,,,,1.70,,,,,,,,,,,,
9,,,0066494520202,,,,,1,,,,,,,,PROGENA,,,,,,,,,,,,,,,,,SEASONAL ALLERGY TABS,,,,,,,,,,,,,,,,,,,,,,,,,90.00,,,,,,,,,,CHW,,,,,,,,Jun  5 2016 1,,,,,,,,1.51,,,,,,,,,,,,
10,,,0066494520016,,,,,1,,,,,,,,PROGENA,,,,,,,,,,,,,,,,,ALLERGENA ZONE 9,,,,,,,,,,,,,,,,,,,,,,,,,1.00,,,,,,,,,,OZ,,,,,,,,Feb 21 2016 1,,,,,,,,1.31,,,,,,,,,,,,
11,,,0066494520184,,,,,2,,,,,,,,PROGENA,,,,,,,,,,,,,,,,,ALLERGENA ZONE 9,,,,,,,,,,,,,,,,,,,,,,,,,2.00,,,,,,,,,,OZ,,,,,,,,Feb 21 2016 1,,,,,,,,1.53,,,,,,,,,,,,
12,,,0066494520200,,,,,1,,,,,,,,PROGENA,,,,,,,,,,,,,,,,,ALLERGENA ZONE 9 KIDS,,,,,,,,,,,,,,,,,,,,,,,,,1.00,,,,,,,,,,FOZ,,,,,,,,Feb 21 2016 1,,,,,,,,1.31,,,,,,,,,,,,
13,,,0066494520005,,,,,1,,,,,,,,PROGENA,,,,,,,,,,,,,,,,,ALLERGENA MOLD MIX,,,,,,,,,,,,,,,,,,,,,,,,,1.00,,,,,,,,,,FOZ,,,,,,,,Feb 21 2016 1,,,,,,,,1.31,,,,,,,,,,,,
14,,,0066494520006,,,,,1,,,,,,,,PROGENA,,,,,,,,,,,,,,,,,ALLERGENA MOLD MIX,,,,,,,,,,,,,,,,,,,,,,,,,2.00,,,,,,,,,,FOZ,,,,,,,,Feb 21 2016 1,,,,,,,,1.53,,,,,,,,,,,,
15,,,0066494520192,,,,,1,,,,,,,,PROGENA,,,,,,,,,,,,,,,,,ALLERGENA PET DANDER,,,,,,,,,,,,,,,,,,,,,,,,,1.00,,,,,,,,,,FOZ,,,,,,,,Feb 21 2016 1,,,,,,,,1.31,,,,,,,,,,,,
,,,,,,,,---------------,,,,,,,,,,,,,,,,,,,,,,,,,,,,,,,,,,,,,,,,,,,,,,,,,,,,,,,,,,,,,,,,,,,,,,,,,,,,,,,,,,,,,,,,
Totals:,,,,,,,,21,,,,,,,,,,,,,,,,,,,,,,,,,,,,,,,,,,,,,,,,,,,,,,,,,,,,,,,,,,,,,,,,,,,,,,,,,,,,,,,,,,,,,,,,
"Shelf: 6,   Length: 4' 0.00"",    Height: 0' 5.50"",   Depth: 1' 1.00"",   Product: 3' 11.94""",,,,,,,,,,,,,,,,,,,,,,,,,,,,,,,,,,,,,,,,,,,,,,,,,,,,,,,,,,,,,,,,,,,,,,,,,,,,,,,,,,,,,,,,,,,,,,,,
1,,,0085571700334,,,,,1,,,,,,,,OLLOIS HOMEOPATHIC MEDICINES,,,,,,,,,,,,,,,,,GELSEMIUM SEMPERVIRENS 30C PELLETS,,,,,,,,,,,,,,,,,,,,,,,,,80.00,,,,,,,,,,CNT,,,,,,,,,,,,,,,,0.87,,,,,,,,,,,,
2,,,0085571700314,,,,,1,,,,,,,,OLLOIS HOMEOPATHIC MEDICINES,,,,,,,,,,,,,,,,,COFFEA CRUDA 30C PELLETS,,,,,,,,,,,,,,,,,,,,,,,,,80.00,,,,,,,,,,CNT,,,,,,,,,,,,,,,,0.87,,,,,,,,,,,,
3,,,0085571700308,,,,,1,,,,,,,,OLLOIS HOMEOPATHIC MEDICINES,,,,,,,,,,,,,,,,,IGNATIA AMARA 30C PELLETS,,,,,,,,,,,,,,,,,,,,,,,,,80.00,,,,,,,,,,CNT,,,,,,,,,,,,,,,,0.87,,,,,,,,,,,,
4,,,0085571700348,,,,,1,,,,,,,,OLLOIS HOMEOPATHIC MEDICINES,,,,,,,,,,,,,,,,,ARGENTUM NITRICUM 30C PELLETS,,,,,,,,,,,,,,,,,,,,,,,,,80.00,,,,,,,,,,CNT,,,,,,,,,,,,,,,,0.87,,,,,,,,,,,,
5,,,0030696261460,,,,,1,,,,,,,,BOIRON,,,,,,,,,,,,,,,,,SEDALIA,,,,,,,,,,,,,,,,,,,,,,,,,60.00,,,,,,,,,,TAB,,,,,,,,Jun 12 2016 1,,,,,,,,3.00,,,,,,,,,,,,
6,,,0030696931404,,,,,1,,,,,,,,BOIRON,,,,,,,,,,,,,,,,,QUIETUDE,,,,,,,,,,,,,,,,,,,,,,,,,60.00,,,,,,,,,,TAB,,,,,,,,Jun 12 2016 1,,,,,,,,3.00,,,,,,,,,,,,
7,,,0035497330142,,,,,1,,,,,,,,HYLANDS,,,,,,,,,,,,,,,,,NERVE TONIC,,,,,,,,,,,,,,,,,,,,,,,,,100.00,,,,,,,,,,TAB,,,,,,,,Jun 12 2016 1,,,,,,,,1.61,,,,,,,,,,,,
8,,,0035497311291,,,,,2,,,,,,,,HYLANDS,,,,,,,,,,,,,,,,,NERVE TONIC,,,,,,,,,,,,,,,,,,,,,,,,,500.00,,,,,,,,,,TAB,,,,,,,,Jun 12 2016 1,,,,,,,,1.75,,,,,,,,,,,,
9,,,0035497332571,,,,,1,,,,,,,,HYLANDS,,,,,,,,,,,,,,,,,CALMS FORTE SLEEP AID,,,,,,,,,,,,,,,,,,,,,,,,,50.00,,,,,,,,,,TAB,,,,,,,,Jun 12 2016 1,,,,,,,,2.77,,,,,,,,,,,,
10,,,0035497332572,,,,,1,,,,,,,,HYLANDS,,,,,,,,,,,,,,,,,CALMS FORTE SLEEP AID,,,,,,,,,,,,,,,,,,,,,,,,,100.00,,,,,,,,,,TAB,,,,,,,,Jun 12 2016 1,,,,,,,,1.58,,,,,,,,,,,,
Positio,,,,,,UPC,,,,Facings,,,,,,,,,,,Brand,,,,,,,,,,,,,,,Long Description,,,,,,,,,,,,,,,,,,,,,,,,Size,,,,,,,,,,,UOM,,,,,,,Date,,,,,,,Width,,,,,,,,,,,
-----------   --------------------------------- ------------------------------------------------------------------------------------------------------------------ ------------ -------------------- ---------------,,,,,,,,,,,,,,,,,,,,,,,,,,,,,,,,,,,,,,,,,,,,,,,,,,,,,,,,,,,,,,,,,,,,,,,,,,,,,,,,,,,,,,,,,,,,,,,,
11,0075098800038,1,HISTORICAL REMEDIES,CALM DROPS HOMEOPATHIC EMOTION,30.00,LZ
12,0075098800034,1,HISTORICAL REMEDIES,MOON DROPS HOMEOPATHIC SLEEP THERAPY,30.00,LZ
13,0075098800031,1,HISTORICAL REMEDIES,PICK UP DROPS LEMON ENERGY,30.00,LZ
14,0075098800029,1,HISTORICAL REMEDIES,STRESS MINTS HOMEOPATHIC STRESS THER,30.00,LZ
15,0075098000132,1,MIERS LAB,NO JET LAG HOMEOPATHIC,32.00,TAB
16,0036392310030,1,JET ZONE,HOMEPATHIC JET LAG MANAGEMENT,30.00,TAB
Totals:,,
"Shelf: 7,   Length: 4' 0.00"",    Height: 0' 5.50"",   Depth: 1' 1.00"",   Product: 4' 0.00""",,,,,,,,,,,,,,,,,,,,,,,,,,,,,,,,,,,,,,,,,,,,,,,,,,,,,,,,,,,,,,,,,,,,,,,,,,,,,,,,,,,,,,,,,,,,,,,,
1,,,0035497331621,,,,,1,,,,,,,,HYLANDS,,,,,,,,,,,,,,,,,RESTFUL LEGS,,,,,,,,,,,,,,,,,,,,,,,,,50.00,,,,,,,,,,TAB,,,,,,,,Jun 12 2016 1,,,,,,,,2.77,,,,,,,,,,,,
2,,,0037140015498,,,,,1,,,,,,,,NATRABIO,,,,,,,,,,,,,,,,,RESTLESS LEGS,,,,,,,,,,,,,,,,,,,,,,,,,60.00,,,,,,,,,,TAB,,,,,,,,Jun 12 2016 1,,,,,,,,2.18,,,,,,,,,,,,
3,,,0037140101260,,,,,1,,,,,,,,NATRABIO,,,,,,,,,,,,,,,,,LEG CRAMPS W/ QUININE SULFATE,,,,,,,,,,,,,,,,,,,,,,,,,60.00,,,,,,,,,,TAB,,,,,,,,Jun 12 2016 1,,,,,,,,2.18,,,,,,,,,,,,
4,,,0035497329562,,,,,2,,,,,,,,HYLANDS,,,,,,,,,,,,,,,,,LEG CRAMPS,,,,,,,,,,,,,,,,,,,,,,,,,100.00,,,,,,,,,,TAB,,,,,,,,Jun 12 2016 1,,,,,,,,1.58,,,,,,,,,,,,
5,,,0035497330931,,,,,1,,,,,,,,HYLANDS,,,,,,,,,,,,,,,,,LEG CRAMPS-PM,,,,,,,,,,,,,,,,,,,,,,,,,50.00,,,,,,,,,,TAB,,,,,,,,Jun 12 2016 1,,,,,,,,2.77,,,,,,,,,,,,
6,,,0035497329552,,,,,1,,,,,,,,HYLANDS,,,,,,,,,,,,,,,,,ARTHRITIS PAIN FORMULA,,,,,,,,,,,,,,,,,,,,,,,,,100.00,,,,,,,,,,TAB,,,,,,,,Jun 12 2016 1,,,,,,,,1.58,,,,,,,,,,,,
7,,,0035497332221,,,,,1,,,,,,,,HYLANDS,,,,,,,,,,,,,,,,,BRONCHIAL COUGH,,,,,,,,,,,,,,,,,,,,,,,,,100.00,,,,,,,,,,TAB,,,,,,,,Jun 12 2016 1,,,,,,,,1.58,,,,,,,,,,,,
8,,,0035497332251,,,,,1,,,,,,,,HYLANDS,,,,,,,,,,,,,,,,,GAS,,,,,,,,,,,,,,,,,,,,,,,,,100.00,,,,,,,,,,TAB,,,,,,,,Jun 12 2016 1,,,,,,,,1.58,,,,,,,,,,,,
9,,,0035497332281,,,,,1,,,,,,,,HYLANDS,,,,,,,,,,,,,,,,,HEADACHE-HOMEOPATHIC,,,,,,,,,,,,,,,,,,,,,,,,,100.00,,,,,,,,,,TAB,,,,,,,,Jun 12 2016 1,,,,,,,,1.58,,,,,,,,,,,,
10,,,0035497391382,,,,,1,,,,,,,,HYLANDS,,,,,,,,,,,,,,,,,HAYFEVER,,,,,,,,,,,,,,,,,,,,,,,,,100.00,,,,,,,,,,TAB,,,,,,,,Jun 12 2016 1,,,,,,,,1.58,,,,,,,,,,,,
11,,,0035497391462,,,,,1,,,,,,,,HYLANDS,,,,,,,,,,,,,,,,,HIVES,,,,,,,,,,,,,,,,,,,,,,,,,100.00,,,,,,,,,,TAB,,,,,,,,Jun 12 2016 1,,,,,,,,1.58,,,,,,,,,,,,
12,,,0035497331881,,,,,1,,,,,,,,HYLANDS,,,,,,,,,,,,,,,,,SINUS,,,,,,,,,,,,,,,,,,,,,,,,,100.00,,,,,,,,,,TAB,,,,,,,,Jun 12 2016 1,,,,,,,,1.58,,,,,,,,,,,,
13,,,0035497332061,,,,,1,,,,,,,,HYLANDS,,,,,,,,,,,,,,,,,SLEEP,,,,,,,,,,,,,,,,,,,,,,,,,100.00,,,,,,,,,,TAB,,,,,,,,Jun 12 2016 1,,,,,,,,1.58,,,,,,,,,,,,
14,,,0035497391471,,,,,1,,,,,,,,HYLANDS,,,,,,,,,,,,,,,,,MOTION SICKNESS,,,,,,,,,,,,,,,,,,,,,,,,,50.00,,,,,,,,,,TAB,,,,,,,,Jun 12 2016 1,,,,,,,,3.10,,,,,,,,,,,,
15,,,0035497311301,,,,,1,,,,,,,,HYLANDS,,,,,,,,,,,,,,,,,POSON IVY/OAK,,,,,,,,,,,,,,,,,,,,,,,,,50.00,,,,,,,,,,TAB,,,,,,,,,,,,,,,,3.06,,,,,,,,,,,,
16,,,0035497330131,,,,,1,,,,,,,,HYLANDS,,,,,,,,,,,,,,,,,MIGRAINE TABLETS,,,,,,,,,,,,,,,,,,,,,,,,,60.00,,,,,,,,,,TAB,,,,,,,,Jun 12 2016 1,,,,,,,,3.75,,,,,,,,,,,,
17,,,0085763000605,,,,,1,,,,,,,,GENEXA,,,,,,,,,,,,,,,,,HOMEOPATHIC ALLERGY-D ADULT REMEDY,,,,,,,,,,,,,,,,,,,,,,,,,60.00,,,,,,,,,,CHW,,,,,,,,,,,,,,,,2.94,,,,,,,,,,,,
18,,,0085763000606,,,,,1,,,,,,,,GENEXA,,,,,,,,,,,,,,,,,HOMEOPATHIC COLD CRUSH REMEDY,,,,,,,,,,,,,,,,,,,,,,,,,60.00,,,,,,,,,,CHW,,,,,,,,,,,,,,,,2.94,,,,,,,,,,,,
19,,,0085763000600,,,,,1,,,,,,,,GENEXA,,,,,,,,,,,,,,,,,HOMEOPATHIC STRESS RELIEF,,,,,,,,,,,,,,,,,,,,,,,,,60.00,,,,,,,,,,CHW,,,,,,,,,,,,,,,,2.94,,,,,,,,,,,,
20,,,0085763000609,,,,,1,,,,,,,,GENEXA,,,,,,,,,,,,,,,,,HOMEOPATHIC SLEEPOLOGY REMEDY,,,,,,,,,,,,,,,,,,,,,,,,,60.00,,,,,,,,,,CHW,,,,,,,,,,,,,,,,2.94,,,,,,,,,,,,
,,,,,,,,---------------,,,,,,,,,,,,,,,,,,,,,,,,,,,,,,,,,,,,,,,,,,,,,,,,,,,,,,,,,,,,,,,,,,,,,,,,,,,,,,,,,,,,,,,,
Totals:,,,,,,,,21,,,,,,,,,,,,,,,,,,,,,,,,,,,,,,,,,,,,,,,,,,,,,,,,,,,,,,,,,,,,,,,,,,,,,,,,,,,,,,,,,,,,,,,,
"Shelf: 8,   Length: 4' 0.00"",    Height: 1' 0.00"",   Depth: 1' 1.00"",   Product: 3' 6.07""",,,,,,,,,,,,,,,,,,,,,,,,,,,,,,,,,,,,,,,,,,,,,,,,,,,,,,,,,,,,,,,,,,,,,,,,,,,,,,,,,,,,,,,,,,,,,,,,
1,,,0035497329004,,,,,1,,,,,,,,HYLANDS,,,,,,,,,,,,,,,,,ACONITUN NAPELLUS 30X,,,,,,,,,,,,,,,,,,,,,,,,,250.00,,,,,,,,,,TAB,,,,,,,,Feb 21 2016 1,,,,,,,,0.93,,,,,,,,,,,,
2,,,0035497329014,,,,,1,,,,,,,,HYLANDS,,,,,,,,,,,,,,,,,ALLIUM CEPA 30X,,,,,,,,,,,,,,,,,,,,,,,,,250.00,,,,,,,,,,TAB,,,,,,,,Feb 21 2016 1,,,,,,,,0.93,,,,,,,,,,,,
3,,,0035497329034,,,,,1,,,,,,,,HYLANDS,,,,,,,,,,,,,,,,,APIS MELLIFICA 30X,,,,,,,,,,,,,,,,,,,,,,,,,250.00,,,,,,,,,,TAB,,,,,,,,Feb 21 2016 1,,,,,,,,0.93,,,,,,,,,,,,
4,,,0035497329044,,,,,1,,,,,,,,HYLANDS,,,,,,,,,,,,,,,,,ARNICA MONTANA 30X,,,,,,,,,,,,,,,,,,,,,,,,,250.00,,,,,,,,,,TAB,,,,,,,,Feb 21 2016 1,,,,,,,,0.93,,,,,,,,,,,,
Positio,,,,,,UPC,,,,Facings,,,,,,,,,,,Brand,,,,,,,,,,,,,,,Long Description,,,,,,,,,,,,,,,,,,,,,,,,Size,,,,,,,,,,,UOM,,,,,,,Date,,,,,,,Width,,,,,,,,,,,
-----------   --------------------------------- ------------------------------------------------------------------------------------------------------------------ ------------ -------------------- ---------------,,,,,,,,,,,,,,,,,,,,,,,,,,,,,,,,,,,,,,,,,,,,,,,,,,,,,,,,,,,,,,,,,,,,,,,,,,,,,,,,,,,,,,,,,,,,,,,,
5,,,0035497329054,,,,,1,,,,,,,,HYLANDS,,,,,,,,,,,,,,,,,ARSENICUM ALBUM 30X,,,,,,,,,,,,,,,,,,,,,,,,,250.00,,,,,,,,,,TAB,,,,,,,,Feb 21 2016 1,,,,,,,,0.93,,,,,,,,,,,,
6,,,0035497329064,,,,,1,,,,,,,,HYLANDS,,,,,,,,,,,,,,,,,BELLADONNA 30X,,,,,,,,,,,,,,,,,,,,,,,,,250.00,,,,,,,,,,TAB,,,,,,,,Feb 21 2016 1,,,,,,,,0.93,,,,,,,,,,,,
7,,,0035497329104,,,,,1,,,,,,,,HYLANDS,,,,,,,,,,,,,,,,,CARBO VEGETABILIS 30X,,,,,,,,,,,,,,,,,,,,,,,,,250.00,,,,,,,,,,TAB,,,,,,,,Feb 21 2016 1,,,,,,,,0.93,,,,,,,,,,,,
8,,,0035497329114,,,,,1,,,,,,,,HYLANDS,,,,,,,,,,,,,,,,,CHAMOMILLA 30X,,,,,,,,,,,,,,,,,,,,,,,,,250.00,,,,,,,,,,TAB,,,,,,,,Feb 21 2016 1,,,,,,,,0.93,,,,,,,,,,,,
9,,,0035497331043,,,,,1,,,,,,,,HYLANDS,,,,,,,,,,,,,,,,,FERRUM PHOSPHORICUM 30X,,,,,,,,,,,,,,,,,,,,,,,,,250.00,,,,,,,,,,TAB,,,,,,,,Feb 21 2016 1,,,,,,,,0.93,,,,,,,,,,,,
10,,,0035497329134,,,,,1,,,,,,,,HYLANDS,,,,,,,,,,,,,,,,,GELSEMIUM SEMPERVN 30X,,,,,,,,,,,,,,,,,,,,,,,,,250.00,,,,,,,,,,TAB,,,,,,,,Feb 21 2016 1,,,,,,,,0.93,,,,,,,,,,,,
11,,,0035497329154,,,,,1,,,,,,,,HYLANDS,,,,,,,,,,,,,,,,,HYPERICUM PERFOLTM 30X,,,,,,,,,,,,,,,,,,,,,,,,,250.00,,,,,,,,,,TAB,,,,,,,,Feb 21 2016 1,,,,,,,,0.93,,,,,,,,,,,,
12,,,0035497329164,,,,,1,,,,,,,,HYLANDS,,,,,,,,,,,,,,,,,IGNATIA AMARA 30X,,,,,,,,,,,,,,,,,,,,,,,,,250.00,,,,,,,,,,TAB,,,,,,,,Feb 21 2016 1,,,,,,,,0.93,,,,,,,,,,,,
13,,,0035497331083,,,,,1,,,,,,,,HYLANDS,,,,,,,,,,,,,,,,,MAGNESIA PHOS 30X,,,,,,,,,,,,,,,,,,,,,,,,,250.00,,,,,,,,,,TAB,,,,,,,,Feb 21 2016 1,,,,,,,,0.93,,,,,,,,,,,,
14,,,0035497329214,,,,,1,,,,,,,,HYLANDS,,,,,,,,,,,,,,,,,NUX VOMICA 30X,,,,,,,,,,,,,,,,,,,,,,,,,250.00,,,,,,,,,,TAB,,,,,,,,Feb 21 2016 1,,,,,,,,0.93,,,,,,,,,,,,
15,,,0035497329324,,,,,1,,,,,,,,HYLANDS,,,,,,,,,,,,,,,,,PHOSPHORUS 30X,,,,,,,,,,,,,,,,,,,,,,,,,250.00,,,,,,,,,,TAB,,,,,,,,Feb 21 2016 1,,,,,,,,0.93,,,,,,,,,,,,
16,,,0035497329234,,,,,1,,,,,,,,HYLANDS,,,,,,,,,,,,,,,,,PULSATILLA NIG 30X,,,,,,,,,,,,,,,,,,,,,,,,,250.00,,,,,,,,,,TAB,,,,,,,,Feb 21 2016 1,,,,,,,,0.93,,,,,,,,,,,,
17,,,0035497329244,,,,,1,,,,,,,,HYLANDS,,,,,,,,,,,,,,,,,RHUS TOXICODENDRON 30X,,,,,,,,,,,,,,,,,,,,,,,,,250.00,,,,,,,,,,TAB,,,,,,,,Feb 21 2016 1,,,,,,,,0.93,,,,,,,,,,,,
18,,,0035497329254,,,,,1,,,,,,,,HYLANDS,,,,,,,,,,,,,,,,,RUTA GRAVEOLENS 30X,,,,,,,,,,,,,,,,,,,,,,,,,250.00,,,,,,,,,,TAB,,,,,,,,Feb 21 2016 1,,,,,,,,0.93,,,,,,,,,,,,
19,,,0035497329264,,,,,1,,,,,,,,HYLANDS,,,,,,,,,,,,,,,,,SPONGIA TOSTA,,,,,,,,,,,,,,,,,,,,,,,,,250.00,,,,,,,,,,TAB,,,,,,,,Feb 21 2016 1,,,,,,,,0.93,,,,,,,,,,,,
20,,,0035497329274,,,,,1,,,,,,,,HYLANDS,,,,,,,,,,,,,,,,,SULPHUR 30X,,,,,,,,,,,,,,,,,,,,,,,,,250.00,,,,,,,,,,TAB,,,,,,,,Feb 21 2016 1,,,,,,,,0.93,,,,,,,,,,,,
21,,,0035497332661,,,,,2,,,,,,,,HYLANDS,,,,,,,,,,,,,,,,,ARNICA 30X PAIN RELIEF,,,,,,,,,,,,,,,,,,,,,,,,,50.00,,,,,,,,,,TAB,,,,,,,,,,,,,,,,2.79,,,,,,,,,,,,
22,,,0035497320331,,,,,1,,,,,,,,HYLANDS,,,,,,,,,,,,,,,,,CALC FLUOR 6X,,,,,,,,,,,,,,,,,,,,,,,,,500.00,,,,,,,,,,TAB,,,,,,,,Feb 21 2016 1,,,,,,,,1.11,,,,,,,,,,,,
23,,,0035497320431,,,,,1,,,,,,,,HYLANDS,,,,,,,,,,,,,,,,,CALC PHOS 6X,,,,,,,,,,,,,,,,,,,,,,,,,500.00,,,,,,,,,,TAB,,,,,,,,Feb 21 2016 1,,,,,,,,1.11,,,,,,,,,,,,
24,,,0035497320491,,,,,1,,,,,,,,HYLANDS,,,,,,,,,,,,,,,,,CALC SULPH 6X,,,,,,,,,,,,,,,,,,,,,,,,,500.00,,,,,,,,,,TAB,,,,,,,,Feb 21 2016 1,,,,,,,,1.11,,,,,,,,,,,,
25,,,0035497334311,,,,,1,,,,,,,,HYLANDS,,,,,,,,,,,,,,,,,FERRUM PHOS 6X,,,,,,,,,,,,,,,,,,,,,,,,,500.00,,,,,,,,,,TAB,,,,,,,,Feb 21 2016 1,,,,,,,,1.11,,,,,,,,,,,,
26,,,0035497352241,,,,,1,,,,,,,,HYLANDS,,,,,,,,,,,,,,,,,KALI MUR 6X,,,,,,,,,,,,,,,,,,,,,,,,,500.00,,,,,,,,,,TAB,,,,,,,,Feb 21 2016 1,,,,,,,,1.11,,,,,,,,,,,,
27,,,0035497352281,,,,,1,,,,,,,,HYLANDS,,,,,,,,,,,,,,,,,KALI PHOS 6X,,,,,,,,,,,,,,,,,,,,,,,,,500.00,,,,,,,,,,TAB,,,,,,,,Feb 21 2016 1,,,,,,,,1.11,,,,,,,,,,,,
28,,,0035497352301,,,,,1,,,,,,,,HYLANDS,,,,,,,,,,,,,,,,,KALI SULPH 6X,,,,,,,,,,,,,,,,,,,,,,,,,500.00,,,,,,,,,,TAB,,,,,,,,Feb 21 2016 1,,,,,,,,1.11,,,,,,,,,,,,
29,,,0035497360201,,,,,1,,,,,,,,HYLANDS,,,,,,,,,,,,,,,,,MAG PHOS 6X,,,,,,,,,,,,,,,,,,,,,,,,,500.00,,,,,,,,,,TAB,,,,,,,,Feb 21 2016 1,,,,,,,,1.11,,,,,,,,,,,,
30,,,0035497364331,,,,,1,,,,,,,,HYLANDS,,,,,,,,,,,,,,,,,NATRUM MUR 6X,,,,,,,,,,,,,,,,,,,,,,,,,500.00,,,,,,,,,,TAB,,,,,,,,Feb 21 2016 1,,,,,,,,1.11,,,,,,,,,,,,
31,,,0035497364361,,,,,1,,,,,,,,HYLANDS,,,,,,,,,,,,,,,,,NATRUM PHOS 6X,,,,,,,,,,,,,,,,,,,,,,,,,500.00,,,,,,,,,,TAB,,,,,,,,Feb 21 2016 1,,,,,,,,1.11,,,,,,,,,,,,
32,,,0035497364401,,,,,1,,,,,,,,HYLANDS,,,,,,,,,,,,,,,,,NATRUM SULPH 6X,,,,,,,,,,,,,,,,,,,,,,,,,500.00,,,,,,,,,,TAB,,,,,,,,Feb 21 2016 1,,,,,,,,1.11,,,,,,,,,,,,
33,,,0035497380811,,,,,1,,,,,,,,HYLANDS,,,,,,,,,,,,,,,,,SILICEA 6X,,,,,,,,,,,,,,,,,,,,,,,,,500.00,,,,,,,,,,TAB,,,,,,,,Feb 21 2016 1,,,,,,,,1.11,,,,,,,,,,,,
34,,,0035497310681,,,,,1,,,,,,,,HYLANDS,,,,,,,,,,,,,,,,,BIOPLASMA,,,,,,,,,,,,,,,,,,,,,,,,,500.00,,,,,,,,,,TAB,,,,,,,,Feb 21 2016 1,,,,,,,,1.11,,,,,,,,,,,,
35,,,0035497310682,,,,,1,,,,,,,,HYLANDS,,,,,,,,,,,,,,,,,BIOPLASMA,,,,,,,,,,,,,,,,,,,,,,,,,******,,,,,,,,,,TAB,,,,,,,,Feb 21 2016 1,,,,,,,,1.36,,,,,,,,,,,,
,,,,,,,,---------------,,,,,,,,,,,,,,,,,,,,,,,,,,,,,,,,,,,,,,,,,,,,,,,,,,,,,,,,,,,,,,,,,,,,,,,,,,,,,,,,,,,,,,,,
Totals:,,,,,,,,36,,,,,,,,,,,,,,,,,,,,,,,,,,,,,,,,,,,,,,,,,,,,,,,,,,,,,,,,,,,,,,,,,,,,,,,,,,,,,,,,,,,,,,,,
"Shelf: 9,   Length: 4' 0.00"",    Height: 0' 6.50"",   Depth: 1' 1.00"",   Product: 3' 11.88""",,,,,,,,,,,,,,,,,,,,,,,,,,,,,,,,,,,,,,,,,,,,,,,,,,,,,,,,,,,,,,,,,,,,,,,,,,,,,,,,,,,,,,,,,,,,,,,,
1,,,0064667062113,,,,,2,,,,,,,,SPROUTS,,,,,,,,,,,,,,,,,ARNICA OIL,,,,,,,,,,,,,,,,,,,,,,,,,1.00,,,,,,,,,,FOZ,,,,,,,,Jun 12 2016 1,,,,,,,,1.30,,,,,,,,,,,,
2,,,0001878750092,,,,,1,,,,,,,,DR BRONNERS,,,,,,,,,,,,,,,,,ARNICA-MENTHOL MAGIC BALM,,,,,,,,,,,,,,,,,,,,,,,,,2.00,,,,,,,,,,OZ,,,,,,,,,,,,,,,,2.75,,,,,,,,,,,,
3,,,0063408423501,,,,,1,,,,,,,,BADGER BALM,,,,,,,,,,,,,,,,,SORE JOINT RUB,,,,,,,,,,,,,,,,,,,,,,,,,0.75,,,,,,,,,,OZ,,,,,,,,Jun 12 2016 1,,,,,,,,2.10,,,,,,,,,,,,
Positio,,,,,,UPC,,,,Facings,,,,,,,,,,,Brand,,,,,,,,,,,,,,,Long Description,,,,,,,,,,,,,,,,,,,,,,,,Size,,,,,,,,,,,UOM,,,,,,,Date,,,,,,,Width,,,,,,,,,,,
-----------   --------------------------------- ------------------------------------------------------------------------------------------------------------------ ------------ -------------------- ---------------,,,,,,,,,,,,,,,,,,,,,,,,,,,,,,,,,,,,,,,,,,,,,,,,,,,,,,,,,,,,,,,,,,,,,,,,,,,,,,,,,,,,,,,,,,,,,,,,
4,,,0063408413576,,,,,1,,,,,,,,BADGER BALM,,,,,,,,,,,,,,,,,SORE MUSCLE RUB ORIGINAL,,,,,,,,,,,,,,,,,,,,,,,,,2.00,,,,,,,,,,OZ,,,,,,,,Jun 12 2016 1,,,,,,,,2.75,,,,,,,,,,,,
5,,,0071548650211,,,,,1,,,,,,,,OLBAS,,,,,,,,,,,,,,,,,ANALGESIC SALVE,,,,,,,,,,,,,,,,,,,,,,,,,1.00,,,,,,,,,,OZ,,,,,,,,Jun 12 2016 1,,,,,,,,5.65,,,,,,,,,,,,
6,,,0071548650022,,,,,1,,,,,,,,OLBAS,,,,,,,,,,,,,,,,,ANALGESIC OIL,,,,,,,,,,,,,,,,,,,,,,,,,0.95,,,,,,,,,,FOZ,,,,,,,,Jun 12 2016 1,,,,,,,,1.50,,,,,,,,,,,,
7,,,0060850304023,,,,,1,,,,,,,,ALLTERRAIN,,,,,,,,,,,,,,,,,RECOVERY RUB WITH MENTHOL,,,,,,,,,,,,,,,,,,,,,,,,,3.00,,,,,,,,,,FOZ,,,,,,,,Jun 12 2016 1,,,,,,,,2.50,,,,,,,,,,,,
8,,,0081265901143,,,,,1,,,,,,,,SOOTHING TOUCH,,,,,,,,,,,,,,,,,NARAYAN GEL-EXTRA STRENGTH,,,,,,,,,,,,,,,,,,,,,,,,,2.00,,,,,,,,,,FOZ,,,,,,,,Jun 12 2016 1,,,,,,,,2.20,,,,,,,,,,,,
9,,,0064084225500,,,,,1,,,,,,,,KUUMBA MADE,,,,,,,,,,,,,,,,,SPRAIN & STRAIN RECOVERY,,,,,,,,,,,,,,,,,,,,,,,,,1.00,,,,,,,,,,OZ,,,,,,,,Jun 12 2016 1,,,,,,,,2.15,,,,,,,,,,,,
10,,,0064084225100,,,,,1,,,,,,,,KUUMBA MADE,,,,,,,,,,,,,,,,,JOINT SUPPORT SALVE,,,,,,,,,,,,,,,,,,,,,,,,,1.00,,,,,,,,,,OZ,,,,,,,,Jun 12 2016 1,,,,,,,,2.15,,,,,,,,,,,,
11,,,0003927822010,,,,,1,,,,,,,,TIGERBALM,,,,,,,,,,,,,,,,,ANALGESIC,,,,,,,,,,,,,,,,,,,,,,,,,0.63,,,,,,,,,,OZ,,,,,,,,Jun 12 2016 1,,,,,,,,3.35,,,,,,,,,,,,
12,,,0003927831510,,,,,1,,,,,,,,TIGERBALM,,,,,,,,,,,,,,,,,ULTRA SPORTS RUB,,,,,,,,,,,,,,,,,,,,,,,,,0.63,,,,,,,,,,OZ,,,,,,,,Jun 12 2016 1,,,,,,,,3.35,,,,,,,,,,,,
13,,,0003927831322,,,,,1,,,,,,,,TIGERBALM,,,,,,,,,,,,,,,,,LINIMENT FAMILY SIZE,,,,,,,,,,,,,,,,,,,,,,,,,2.00,,,,,,,,,,OZ,,,,,,,,Jun 12 2016 1,,,,,,,,1.50,,,,,,,,,,,,
14,,,0003927844020,,,,,1,,,,,,,,TIGERBALM,,,,,,,,,,,,,,,,,MUSCLE RUB,,,,,,,,,,,,,,,,,,,,,,,,,2.00,,,,,,,,,,OZ,,,,,,,,Jun 12 2016 1,,,,,,,,1.90,,,,,,,,,,,,
15,,,0003927832201,,,,,1,,,,,,,,TIGERBALM,,,,,,,,,,,,,,,,,PAIN RELIEVING PATCH,,,,,,,,,,,,,,,,,,,,,,,,,1.00,,,,,,,,,,EA,,,,,,,,Jun 12 2016 1,,,,,,,,4.85,,,,,,,,,,,,
16,,,0003927832200,,,,,1,,,,,,,,TIGERBALM,,,,,,,,,,,,,,,,,WARM PATCH,,,,,,,,,,,,,,,,,,,,,,,,,1.00,,,,,,,,,,EA,,,,,,,,Jun 12 2016 1,,,,,,,,5.05,,,,,,,,,,,,
,,,,,,,,---------------,,,,,,,,,,,,,,,,,,,,,,,,,,,,,,,,,,,,,,,,,,,,,,,,,,,,,,,,,,,,,,,,,,,,,,,,,,,,,,,,,,,,,,,,
Totals:,,,,,,,,17,,,,,,,,,,,,,,,,,,,,,,,,,,,,,,,,,,,,,,,,,,,,,,,,,,,,,,,,,,,,,,,,,,,,,,,,,,,,,,,,,,,,,,,,
"Shelf: 10,   Length: 4' 0.00"",    Height: 0' 6.50"",   Depth: 1' 1.00"",   Product: 3' 11.88""",,,,,,,,,,,,,,,,,,,,,,,,,,,,,,,,,,,,,,,,,,,,,,,,,,,,,,,,,,,,,,,,,,,,,,,,,,,,,,,,,,,,,,,,,,,,,,,,
1,,,0063408413300,,,,,1,,,,,,,,BADGER BALM,,,,,,,,,,,,,,,,,TATTOO BALM,,,,,,,,,,,,,,,,,,,,,,,,,2.00,,,,,,,,,,OZ,,,,,,,,,,,,,,,,2.90,,,,,,,,,,,,
2,,,0068907640449,,,,,1,,,,,,,,ALL GOOD PRODUCTS,,,,,,,,,,,,,,,,,HANDCRAFTED HEALING BOMB GOOP,,,,,,,,,,,,,,,,,,,,,,,,,2.00,,,,,,,,,,OZ,,,,,,,,,,,,,,,,2.20,,,,,,,,,,,,
3,,,0064084220472,,,,,1,,,,,,,,KUUMBA MADE,,,,,,,,,,,,,,,,,HERBAL HEALING SALVE,,,,,,,,,,,,,,,,,,,,,,,,,1.00,,,,,,,,,,OZ,,,,,,,,Jun 12 2016 1,,,,,,,,2.15,,,,,,,,,,,,
4,,,0018713200290,,,,,1,,,,,,,,ALAFFIA,,,,,,,,,,,,,,,,,CREAM-SKIN-AFFRICAS SECRET,,,,,,,,,,,,,,,,,,,,,,,,,2.00,,,,,,,,,,OZ,,,,,,,,Jun 12 2016 1,,,,,,,,2.50,,,,,,,,,,,,
5,,,0036311313196,,,,,1,,,,,,,,LIDDELL,,,,,,,,,,,,,,,,,BPS BACK PAIN + SCIATICA,,,,,,,,,,,,,,,,,,,,,,,,,1.00,,,,,,,,,,OZ,,,,,,,,Jun 12 2016 1,,,,,,,,2.05,,,,,,,,,,,,
6,,,0085571700317,,,,,1,,,,,,,,OLLOIS HOMEOPATHIC MEDICINES,,,,,,,,,,,,,,,,,HYPERICUM PERFORATUM 30C PELLETS,,,,,,,,,,,,,,,,,,,,,,,,,80.00,,,,,,,,,,CNT,,,,,,,,,,,,,,,,3.00,,,,,,,,,,,,
7,,,0081543900301,,,,,1,,,,,,,,FRANKINCENSE & MYRRH,,,,,,,,,,,,,,,,,NEUROPATHY RUBBING OIL,,,,,,,,,,,,,,,,,,,,,,,,,2.00,,,,,,,,,,FOZ,,,,,,,,Jun 12 2016 1,,,,,,,,4.55,,,,,,,,,,,,
8,,,0083074301041,,,,,1,,,,,,,,FORCES OF NATURE,,,,,,,,,,,,,,,,,NERVE PAIN MANAGEMENT-ORG,,,,,,,,,,,,,,,,,,,,,,,,,11.00,,,,,,,,,,ML,,,,,,,,Jun 12 2016 1,,,,,,,,2.55,,,,,,,,,,,,
9,,,0070569272033,,,,,1,,,,,,,,NATURAL CARE,,,,,,,,,,,,,,,,,NERVEFIX CREAM,,,,,,,,,,,,,,,,,,,,,,,,,4.00,,,,,,,,,,FOZ,,,,,,,,Jun 12 2016 1,,,,,,,,2.60,,,,,,,,,,,,
10,,,0060986378652,,,,,1,,,,,,,,MY PAIN AWAY,,,,,,,,,,,,,,,,,FIBRO CREAM,,,,,,,,,,,,,,,,,,,,,,,,,3.00,,,,,,,,,,OZ,,,,,,,,,,,,,,,,2.30,,,,,,,,,,,,
11,,,0060986303434,,,,,1,,,,,,,,TOPRICIN,,,,,,,,,,,,,,,,,CREAM-PAIN RELIEF & HEALING,,,,,,,,,,,,,,,,,,,,,,,,,0.75,,,,,,,,,,OZ,,,,,,,,Jun 12 2016 1,,,,,,,,1.50,,,,,,,,,,,,
12,,,0060986302002,,,,,1,,,,,,,,TOPRICIN,,,,,,,,,,,,,,,,,TOPRICIN,,,,,,,,,,,,,,,,,,,,,,,,,2.00,,,,,,,,,,OZ,,,,,,,,Jun 12 2016 1,,,,,,,,6.15,,,,,,,,,,,,
13,,,0060986304704,,,,,1,,,,,,,,TOPRICIN,,,,,,,,,,,,,,,,,TOPRICIN,,,,,,,,,,,,,,,,,,,,,,,,,4.00,,,,,,,,,,OZ,,,,,,,,Jun 12 2016 1,,,,,,,,3.00,,,,,,,,,,,,
14,,,0060986360020,,,,,1,,,,,,,,TOPRICIN,,,,,,,,,,,,,,,,,TOPRICIN FOOT THERAPY CREAM,,,,,,,,,,,,,,,,,,,,,,,,,2.00,,,,,,,,,,OZ,,,,,,,,Jun 12 2016 1,,,,,,,,6.30,,,,,,,,,,,,
,,,,,,,,---------------,,,,,,,,,,,,,,,,,,,,,,,,,,,,,,,,,,,,,,,,,,,,,,,,,,,,,,,,,,,,,,,,,,,,,,,,,,,,,,,,,,,,,,,,
Totals:,,,,,,,,14,,,,,,,,,,,,,,,,,,,,,,,,,,,,,,,,,,,,,,,,,,,,,,,,,,,,,,,,,,,,,,,,,,,,,,,,,,,,,,,,,,,,,,,,
"Shelf: 11,   Length: 4' 0.00"",    Height: 0' 7.50"",   Depth: 1' 1.00"",   Product: 3' 11.86""",,,,,,,,,,,,,,,,,,,,,,,,,,,,,,,,,,,,,,,,,,,,,,,,,,,,,,,,,,,,,,,,,,,,,,,,,,,,,,,,,,,,,,,,,,,,,,,,
1,,,0035497332021,,,,,2,,,,,,,,HYLANDS,,,,,,,,,,,,,,,,,OINTMENT-LEG CRAMPS,,,,,,,,,,,,,,,,,,,,,,,,,2.50,,,,,,,,,,OZ,,,,,,,,Jun 12 2016 1,,,,,,,,2.36,,,,,,,,,,,,
2,,,0078764710142,,,,,1,,,,,,,,MEDINATURA,,,,,,,,,,,,,,,,,T-RELIEF PAIN ORAL DROPS,,,,,,,,,,,,,,,,,,,,,,,,,1.69,,,,,,,,,,FOZ,,,,,,,,Jun 12 2016 1,,,,,,,,2.13,,,,,,,,,,,,
3,,,0078764710103,,,,,1,,,,,,,,MEDINATURA,,,,,,,,,,,,,,,,,T-RELIEF PAIN TABLETS,,,,,,,,,,,,,,,,,,,,,,,,,100.00,,,,,,,,,,TAB,,,,,,,,Jun 12 2016 1,,,,,,,,2.13,,,,,,,,,,,,
Positio,,,,,,UPC,,,,Facings,,,,,,,,,,,Brand,,,,,,,,,,,,,,,Long Description,,,,,,,,,,,,,,,,,,,,,,,,Size,,,,,,,,,,,UOM,,,,,,,Date,,,,,,,Width,,,,,,,,,,,
-----------   --------------------------------- ------------------------------------------------------------------------------------------------------------------ ------------ -------------------- ---------------,,,,,,,,,,,,,,,,,,,,,,,,,,,,,,,,,,,,,,,,,,,,,,,,,,,,,,,,,,,,,,,,,,,,,,,,,,,,,,,,,,,,,,,,,,,,,,,,
4,,,0078764710177,,,,,1,,,,,,,,MEDINATURA,,,,,,,,,,,,,,,,,T-RELIEF PAIN OINTMENT,,,,,,,,,,,,,,,,,,,,,,,,,2.00,,,,,,,,,,OZ,,,,,,,,Jun 12 2016 1,,,,,,,,2.13,,,,,,,,,,,,
5,,,0078764710176,,,,,2,,,,,,,,MEDINATURA,,,,,,,,,,,,,,,,,T-RELIEF PAIN OINTMENT,,,,,,,,,,,,,,,,,,,,,,,,,4.00,,,,,,,,,,OZ,,,,,,,,Jun 12 2016 1,,,,,,,,2.17,,,,,,,,,,,,
6,,,0078764720094,,,,,1,,,,,,,,MEDINATURA,,,,,,,,,,,,,,,,,T-RELIEF PAIN GEL,,,,,,,,,,,,,,,,,,,,,,,,,2.00,,,,,,,,,,OZ,,,,,,,,Jun 12 2016 1,,,,,,,,2.13,,,,,,,,,,,,
7,,,0078764710106,,,,,1,,,,,,,,MEDINATURA,,,,,,,,,,,,,,,,,ARTHRITIS PAIN RELIEF-MOBILITY,,,,,,,,,,,,,,,,,,,,,,,,,100.00,,,,,,,,,,TAB,,,,,,,,Jun 12 2016 1,,,,,,,,2.17,,,,,,,,,,,,
8,,,0078764710180,,,,,1,,,,,,,,MEDINATURA,,,,,,,,,,,,,,,,,T-RELIEF ARTHRITIS CREAM,,,,,,,,,,,,,,,,,,,,,,,,,2.00,,,,,,,,,,OZ,,,,,,,,Jun 12 2016 1,,,,,,,,2.17,,,,,,,,,,,,
9,,,0037140021102,,,,,1,,,,,,,,NATRABIO,,,,,,,,,,,,,,,,,THE RUB ARNICA CREAM,,,,,,,,,,,,,,,,,,,,,,,,,2.00,,,,,,,,,,OZ,,,,,,,,Jun 12 2016 1,,,,,,,,1.80,,,,,,,,,,,,
10,,,0037140021304,,,,,1,,,,,,,,NATRABIO,,,,,,,,,,,,,,,,,THE ARNICA RUB,,,,,,,,,,,,,,,,,,,,,,,,,4.00,,,,,,,,,,OZ,,,,,,,,Jun 12 2016 1,,,,,,,,2.00,,,,,,,,,,,,
11,,,0035497330851,,,,,2,,,,,,,,HYLANDS,,,,,,,,,,,,,,,,,MUSCLE THERAPY GEL WITH ARNICA,,,,,,,,,,,,,,,,,,,,,,,,,3.00,,,,,,,,,,OZ,,,,,,,,Jun 12 2016 1,,,,,,,,2.25,,,,,,,,,,,,
12,,,0030807825090,,,,,1,,,,,,,,BOERICKE & TAFEL,,,,,,,,,,,,,,,,,ARNIFLORA-ARNICA GEL,,,,,,,,,,,,,,,,,,,,,,,,,1.00,,,,,,,,,,OZ,,,,,,,,Jun 12 2016 1,,,,,,,,5.00,,,,,,,,,,,,
13,,,0030807825097,,,,,1,,,,,,,,BOERICKE & TAFEL,,,,,,,,,,,,,,,,,ARNIFLORA-ARNICA GEL,,,,,,,,,,,,,,,,,,,,,,,,,2.75,,,,,,,,,,OZ,,,,,,,,Jun 12 2016 1,,,,,,,,6.45,,,,,,,,,,,,
14,,,0030807825290,,,,,1,,,,,,,,BOERICKE & TAFEL,,,,,,,,,,,,,,,,,TRIFLORA GEL,,,,,,,,,,,,,,,,,,,,,,,,,1.00,,,,,,,,,,OZ,,,,,,,,Jun 12 2016 1,,,,,,,,5.00,,,,,,,,,,,,
,,,,,,,,---------------,,,,,,,,,,,,,,,,,,,,,,,,,,,,,,,,,,,,,,,,,,,,,,,,,,,,,,,,,,,,,,,,,,,,,,,,,,,,,,,,,,,,,,,,
Totals:,,,,,,,,17,,,,,,,,,,,,,,,,,,,,,,,,,,,,,,,,,,,,,,,,,,,,,,,,,,,,,,,,,,,,,,,,,,,,,,,,,,,,,,,,,,,,,,,,
"Shelf: 12,   Length: 4' 0.00"",    Height: 0' 7.50"",   Depth: 1' 1.00"",   Product: 4' 0.00""",,,,,,,,,,,,,,,,,,,,,,,,,,,,,,,,,,,,,,,,,,,,,,,,,,,,,,,,,,,,,,,,,,,,,,,,,,,,,,,,,,,,,,,,,,,,,,,,
1,,,0030696219371,,,,,1,,,,,,,,BOIRON,,,,,,,,,,,,,,,,,OPTIQUE,,,,,,,,,,,,,,,,,,,,,,,,,10.00,,,,,,,,,,DOS,,,,,,,,Jun 12 2016 1,,,,,,,,3.60,,,,,,,,,,,,
2,,,0030696927772,,,,,1,,,,,,,,BOIRON,,,,,,,,,,,,,,,,,OPTIQUE,,,,,,,,,,,,,,,,,,,,,,,,,30.00,,,,,,,,,,DOS,,,,,,,,Jun 12 2016 1,,,,,,,,3.60,,,,,,,,,,,,
3,,,0030696260860,,,,,1,,,,,,,,BOIRON,,,,,,,,,,,,,,,,,ACIDIL,,,,,,,,,,,,,,,,,,,,,,,,,60.00,,,,,,,,,,TAB,,,,,,,,Jun 12 2016 1,,,,,,,,3.00,,,,,,,,,,,,
4,,,0030696260960,,,,,1,,,,,,,,BOIRON,,,,,,,,,,,,,,,,,GASALIA,,,,,,,,,,,,,,,,,,,,,,,,,60.00,,,,,,,,,,TAB,,,,,,,,Jun 12 2016 1,,,,,,,,3.00,,,,,,,,,,,,
5,,,0030696904404,,,,,1,,,,,,,,BOIRON,,,,,,,,,,,,,,,,,ARNICARE ARTHRITIS,,,,,,,,,,,,,,,,,,,,,,,,,60.00,,,,,,,,,,TAB,,,,,,,,Jun 12 2016 1,,,,,,,,3.00,,,,,,,,,,,,
6,,,0030696907390,,,,,1,,,,,,,,BOIRON,,,,,,,,,,,,,,,,,ARNICARE LEG CRAMPS,,,,,,,,,,,,,,,,,,,,,,,,,3.00,,,,,,,,,,CNT,,,,,,,,,,,,,,,,3.00,,,,,,,,,,,,
7,,,0030696905904,,,,,1,,,,,,,,BOIRON,,,,,,,,,,,,,,,,,ARNICARE TABLETS,,,,,,,,,,,,,,,,,,,,,,,,,60.00,,,,,,,,,,TAB,,,,,,,,Jun 12 2016 1,,,,,,,,3.00,,,,,,,,,,,,
8,,,0030696279724,,,,,1,,,,,,,,BOIRON,,,,,,,,,,,,,,,,,ARNICA-30C BUY 2 GET 1 FREE,,,,,,,,,,,,,,,,,,,,,,,,,2.00,,,,,,,,,,PK,,,,,,,,Feb 21 2016 1,,,,,,,,3.65,,,,,,,,,,,,
9,,,0030696900084,,,,,1,,,,,,,,BOIRON,,,,,,,,,,,,,,,,,ARNICARE ROLL-ON,,,,,,,,,,,,,,,,,,,,,,,,,1.50,,,,,,,,,,OZ,,,,,,,,,,,,,,,,1.69,,,,,,,,,,,,
10,,,0030696022950,,,,,1,,,,,,,,BOIRON,,,,,,,,,,,,,,,,,ARNICARE OINTMENT,,,,,,,,,,,,,,,,,,,,,,,,,1.00,,,,,,,,,,OZ,,,,,,,,Jun 12 2016 1,,,,,,,,1.70,,,,,,,,,,,,
11,,,0030696051154,,,,,1,,,,,,,,BOIRON,,,,,,,,,,,,,,,,,ARNICARE GEL,,,,,,,,,,,,,,,,,,,,,,,,,1.50,,,,,,,,,,OZ,,,,,,,,Jun 12 2016 1,,,,,,,,1.95,,,,,,,,,,,,
12,,,0030696203559,,,,,2,,,,,,,,BOIRON,,,,,,,,,,,,,,,,,ARNICARE GEL,,,,,,,,,,,,,,,,,,,,,,,,,2.60,,,,,,,,,,OZ,,,,,,,,Jun 12 2016 1,,,,,,,,2.25,,,,,,,,,,,,
13,,,0030696900057,,,,,1,,,,,,,,BOIRON,,,,,,,,,,,,,,,,,ARNICARE GEL-VALUE SIZE,,,,,,,,,,,,,,,,,,,,,,,,,4.10,,,,,,,,,,OZ,,,,,,,,Jun 12 2016 1,,,,,,,,2.45,,,,,,,,,,,,
14,,,0030696274724,,,,,1,,,,,,,,BOIRON,,,,,,,,,,,,,,,,,ARNICA GEL-VALUE PACK,,,,,,,,,,,,,,,,,,,,,,,,,2.00,,,,,,,,,,PK,,,,,,,,Jun 12 2016 1,,,,,,,,2.20,,,,,,,,,,,,
15,,,0030696203255,,,,,1,,,,,,,,BOIRON,,,,,,,,,,,,,,,,,ARNICARE CREAM,,,,,,,,,,,,,,,,,,,,,,,,,1.33,,,,,,,,,,OZ,,,,,,,,Jun 12 2016 1,,,,,,,,1.95,,,,,,,,,,,,
16,,,0030696203356,,,,,1,,,,,,,,BOIRON,,,,,,,,,,,,,,,,,ARNICARE CREAM,,,,,,,,,,,,,,,,,,,,,,,,,2.50,,,,,,,,,,OZ,,,,,,,,Jun 12 2016 1,,,,,,,,2.25,,,,,,,,,,,,
17,,,0030696904778,,,,,1,,,,,,,,BOIRON,,,,,,,,,,,,,,,,,ARNICARE CREAM-VALUE PACK,,,,,,,,,,,,,,,,,,,,,,,,,2.00,,,,,,,,,,PK,,,,,,,,Jun 12 2016 1,,,,,,,,2.20,,,,,,,,,,,,
,,,,,,,,---------------,,,,,,,,,,,,,,,,,,,,,,,,,,,,,,,,,,,,,,,,,,,,,,,,,,,,,,,,,,,,,,,,,,,,,,,,,,,,,,,,,,,,,,,,
Totals:,,,,,,,,18,,,,,,,,,,,,,,,,,,,,,,,,,,,,,,,,,,,,,,,,,,,,,,,,,,,,,,,,,,,,,,,,,,,,,,,,,,,,,,,,,,,,,,,,
"Shelf: 13,   Length: 4' 0.00"",    Height: 0' 6.50"",   Depth: 1' 1.00"",   Product: 3' 11.88""",,,,,,,,,,,,,,,,,,,,,,,,,,,,,,,,,,,,,,,,,,,,,,,,,,,,,,,,,,,,,,,,,,,,,,,,,,,,,,,,,,,,,,,,,,,,,,,,
1,,,0030696934104,,,,,1,,,,,,,,BOIRON,,,,,,,,,,,,,,,,,SINUSALIA,,,,,,,,,,,,,,,,,,,,,,,,,60.00,,,,,,,,,,TAB,,,,,,,,Jun 12 2016 1,,,,,,,,3.03,,,,,,,,,,,,
2,,,0030696934642,,,,,1,,,,,,,,BOIRON,,,,,,,,,,,,,,,,,SINUSALIA,,,,,,,,,,,,,,,,,,,,,,,,,2.00,,,,,,,,,,PK,,,,,,,,Feb 21 2016 1,,,,,,,,3.70,,,,,,,,,,,,
Positio,,,,,,UPC,,,,Facings,,,,,,,,,,,Brand,,,,,,,,,,,,,,,Long Description,,,,,,,,,,,,,,,,,,,,,,,,Size,,,,,,,,,,,UOM,,,,,,,Date,,,,,,,Width,,,,,,,,,,,
-----------   --------------------------------- ------------------------------------------------------------------------------------------------------------------ ------------ -------------------- ---------------,,,,,,,,,,,,,,,,,,,,,,,,,,,,,,,,,,,,,,,,,,,,,,,,,,,,,,,,,,,,,,,,,,,,,,,,,,,,,,,,,,,,,,,,,,,,,,,,
3,,,0030696932504,,,,,1,,,,,,,,BOIRON,,,,,,,,,,,,,,,,,THROAT CALM-SORE THROAT RELIEF,,,,,,,,,,,,,,,,,,,,,,,,,60.00,,,,,,,,,,TAB,,,,,,,,,,,,,,,,3.03,,,,,,,,,,,,
4,,,0030696260760,,,,,2,,,,,,,,BOIRON,,,,,,,,,,,,,,,,,COLDCALM,,,,,,,,,,,,,,,,,,,,,,,,,60.00,,,,,,,,,,TAB,,,,,,,,Jun 12 2016 1,,,,,,,,3.03,,,,,,,,,,,,
5,,,0030696904942,,,,,1,,,,,,,,BOIRON,,,,,,,,,,,,,,,,,CHILDRENS COLDCALM,,,,,,,,,,,,,,,,,,,,,,,,,2.00,,,,,,,,,,PK,,,,,,,,Feb 21 2016 1,,,,,,,,3.67,,,,,,,,,,,,
6,,,0030696999851,,,,,1,,,,,,,,BOIRON,,,,,,,,,,,,,,,,,OSCILLOCOCCINUM,,,,,,,,,,,,,,,,,,,,,,,,,6.00,,,,,,,,,,DOS,,,,,,,,Jun 12 2016 1,,,,,,,,4.80,,,,,,,,,,,,
7,,,0030696999834,,,,,1,,,,,,,,BOIRON,,,,,,,,,,,,,,,,,OSCILLOCOCCINUM,,,,,,,,,,,,,,,,,,,,,,,,,12.00,,,,,,,,,,DOS,,,,,,,,Jun 12 2016 1,,,,,,,,4.80,,,,,,,,,,,,
8,,,0030696287824,,,,,1,,,,,,,,BOIRON,,,,,,,,,,,,,,,,,OSCILLOCOCCINUM,,,,,,,,,,,,,,,,,,,,,,,,,30.00,,,,,,,,,,DOS,,,,,,,,Jun 12 2016 1,,,,,,,,4.80,,,,,,,,,,,,
9,,,0030696903228,,,,,2,,,,,,,,BOIRON,,,,,,,,,,,,,,,,,CHESTAL HONEY-ADULT,,,,,,,,,,,,,,,,,,,,,,,,,6.70,,,,,,,,,,FOZ,,,,,,,,Jun 12 2016 1,,,,,,,,2.38,,,,,,,,,,,,
10,,,0030696903328,,,,,1,,,,,,,,BOIRON,,,,,,,,,,,,,,,,,CHESTAL-HONEY-CHILDREN,,,,,,,,,,,,,,,,,,,,,,,,,6.70,,,,,,,,,,FOZ,,,,,,,,Jun 12 2016 1,,,,,,,,2.43,,,,,,,,,,,,
11,,,0030696906728,,,,,1,,,,,,,,BOIRON,,,,,,,,,,,,,,,,,CHESTAL COLD & COUGH SYRUP,,,,,,,,,,,,,,,,,,,,,,,,,6.70,,,,,,,,,,FOZ,,,,,,,,Jun 12 2016 1,,,,,,,,2.38,,,,,,,,,,,,
12,,,0030696906828,,,,,1,,,,,,,,BOIRON,,,,,,,,,,,,,,,,,CHILDRENS CHESTAL COLD & COUGH,,,,,,,,,,,,,,,,,,,,,,,,,6.70,,,,,,,,,,FOZ,,,,,,,,Jun 12 2016 1,,,,,,,,2.32,,,,,,,,,,,,
,,,,,,,,---------------,,,,,,,,,,,,,,,,,,,,,,,,,,,,,,,,,,,,,,,,,,,,,,,,,,,,,,,,,,,,,,,,,,,,,,,,,,,,,,,,,,,,,,,,
Totals:,,,,,,,,14,,,,,,,,,,,,,,,,,,,,,,,,,,,,,,,,,,,,,,,,,,,,,,,,,,,,,,,,,,,,,,,,,,,,,,,,,,,,,,,,,,,,,,,,
"Shelf: 15,   Length: 0' 11.25"",    Height: 1' 6.00"",   Depth: 1' 0.50"",   Product: 0' 0.00""",,,,,,,,,,,,,,,,,,,,,,,,,,,,,,,,,,,,,,,,,,,,,,,,,,,,,,,,,,,,,,,,,,,,,,,,,,,,,,,,,,,,,,,,,,,,,,,,
1,,,0030696001113,,,,,1,,,,,,,,BOIRON,,,,,,,,,,,,,,,,,ACONITUM NAPELLUS-30C,,,,,,,,,,,,,,,,,,,,,,,,,80.00,,,,,,,,,,PLT,,,,,,,,Feb 21 2016 1,,,,,,,,0.63,,,,,,,,,,,,
2,,,0030696001808,,,,,1,,,,,,,,BOIRON,,,,,,,,,,,,,,,,,AESCULUS HIPPOCASTANM-6C,,,,,,,,,,,,,,,,,,,,,,,,,80.00,,,,,,,,,,PLT,,,,,,,,Feb 21 2016 1,,,,,,,,0.63,,,,,,,,,,,,
3,,,0030696001813,,,,,1,,,,,,,,BOIRON,,,,,,,,,,,,,,,,,AESCULUS HIPPOCASTANM-30C,,,,,,,,,,,,,,,,,,,,,,,,,80.00,,,,,,,,,,PLT,,,,,,,,Feb 21 2016 1,,,,,,,,0.63,,,,,,,,,,,,
4,,,0030696003208,,,,,1,,,,,,,,BOIRON,,,,,,,,,,,,,,,,,ALLIUM CEPA-6C,,,,,,,,,,,,,,,,,,,,,,,,,80.00,,,,,,,,,,PLT,,,,,,,,Feb 21 2016 1,,,,,,,,0.63,,,,,,,,,,,,
5,,,0030696003213,,,,,1,,,,,,,,BOIRON,,,,,,,,,,,,,,,,,ALLIUM CEPA-30C,,,,,,,,,,,,,,,,,,,,,,,,,80.00,,,,,,,,,,PLT,,,,,,,,Feb 21 2016 1,,,,,,,,0.63,,,,,,,,,,,,
6,,,0030696006013,,,,,1,,,,,,,,BOIRON,,,,,,,,,,,,,,,,,ANTIMONIUM TARTARICUM-30C,,,,,,,,,,,,,,,,,,,,,,,,,80.00,,,,,,,,,,PLT,,,,,,,,Feb 21 2016 1,,,,,,,,0.63,,,,,,,,,,,,
7,,,0030696006208,,,,,1,,,,,,,,BOIRON,,,,,,,,,,,,,,,,,APIS MELLIFICA-6C,,,,,,,,,,,,,,,,,,,,,,,,,80.00,,,,,,,,,,PLT,,,,,,,,Feb 21 2016 1,,,,,,,,0.63,,,,,,,,,,,,
8,,,0030696006213,,,,,1,,,,,,,,BOIRON,,,,,,,,,,,,,,,,,APIS MELLIFICA-30C,,,,,,,,,,,,,,,,,,,,,,,,,80.00,,,,,,,,,,PLT,,,,,,,,Feb 21 2016 1,,,,,,,,0.63,,,,,,,,,,,,
9,,,0030696007213,,,,,1,,,,,,,,BOIRON,,,,,,,,,,,,,,,,,ARGENTUM NITRICUM-30C,,,,,,,,,,,,,,,,,,,,,,,,,80.00,,,,,,,,,,PLT,,,,,,,,Feb 21 2016 1,,,,,,,,0.63,,,,,,,,,,,,
10,,,0030696007508,,,,,2,,,,,,,,BOIRON,,,,,,,,,,,,,,,,,ARNICA MONTANA-6C,,,,,,,,,,,,,,,,,,,,,,,,,80.00,,,,,,,,,,PLT,,,,,,,,Feb 21 2016 1,,,,,,,,0.63,,,,,,,,,,,,
11,,,0030696007513,,,,,2,,,,,,,,BOIRON,,,,,,,,,,,,,,,,,ARNICA MONTANA-30C,,,,,,,,,,,,,,,,,,,,,,,,,80.00,,,,,,,,,,PLT,,,,,,,,Feb 21 2016 1,,,,,,,,0.63,,,,,,,,,,,,
12,,,0030696007608,,,,,1,,,,,,,,BOIRON,,,,,,,,,,,,,,,,,ARSENICUM ALBUM-6C,,,,,,,,,,,,,,,,,,,,,,,,,80.00,,,,,,,,,,PLT,,,,,,,,Feb 21 2016 1,,,,,,,,0.63,,,,,,,,,,,,
13,,,0030696007613,,,,,1,,,,,,,,BOIRON,,,,,,,,,,,,,,,,,ARSENICUM ALBUM-30C,,,,,,,,,,,,,,,,,,,,,,,,,80.00,,,,,,,,,,PLT,,,,,,,,Feb 21 2016 1,,,,,,,,0.63,,,,,,,,,,,,
14,,,0030696010808,,,,,1,,,,,,,,BOIRON,,,,,,,,,,,,,,,,,BELLADONNA-6C,,,,,,,,,,,,,,,,,,,,,,,,,80.00,,,,,,,,,,PLT,,,,,,,,Feb 21 2016 1,,,,,,,,0.63,,,,,,,,,,,,
15,,,0030696010813,,,,,1,,,,,,,,BOIRON,,,,,,,,,,,,,,,,,BELLADONNA-30C,,,,,,,,,,,,,,,,,,,,,,,,,80.00,,,,,,,,,,PLT,,,,,,,,Feb 21 2016 1,,,,,,,,0.63,,,,,,,,,,,,
16,,,0030696012908,,,,,1,,,,,,,,BOIRON,,,,,,,,,,,,,,,,,BORAX-6C,,,,,,,,,,,,,,,,,,,,,,,,,80.00,,,,,,,,,,PLT,,,,,,,,Feb 21 2016 1,,,,,,,,0.63,,,,,,,,,,,,
17,,,0030696012913,,,,,1,,,,,,,,BOIRON,,,,,,,,,,,,,,,,,BORAX-30C,,,,,,,,,,,,,,,,,,,,,,,,,80.00,,,,,,,,,,PLT,,,,,,,,Feb 21 2016 1,,,,,,,,0.63,,,,,,,,,,,,
18,,,0030696013808,,,,,1,,,,,,,,BOIRON,,,,,,,,,,,,,,,,,BRYONIA ALBA-6C,,,,,,,,,,,,,,,,,,,,,,,,,80.00,,,,,,,,,,PLT,,,,,,,,Feb 21 2016 1,,,,,,,,0.63,,,,,,,,,,,,
19,,,0030696013813,,,,,1,,,,,,,,BOIRON,,,,,,,,,,,,,,,,,BRYONIA ALBA-30C,,,,,,,,,,,,,,,,,,,,,,,,,80.00,,,,,,,,,,PLT,,,,,,,,Feb 21 2016 1,,,,,,,,0.63,,,,,,,,,,,,
20,,,0030696014813,,,,,1,,,,,,,,BOIRON,,,,,,,,,,,,,,,,,CALCAREA CARBONICA-30C,,,,,,,,,,,,,,,,,,,,,,,,,80.00,,,,,,,,,,PLT,,,,,,,,Feb 21 2016 1,,,,,,,,0.63,,,,,,,,,,,,
21,,,0030696015213,,,,,1,,,,,,,,BOIRON,,,,,,,,,,,,,,,,,CALCAREA PHOSPHORICA-30C,,,,,,,,,,,,,,,,,,,,,,,,,80.00,,,,,,,,,,PLT,,,,,,,,Feb 21 2016 1,,,,,,,,0.63,,,,,,,,,,,,
22,,,0030696015408,,,,,1,,,,,,,,BOIRON,,,,,,,,,,,,,,,,,CALCAREA SULPHURICA-6C,,,,,,,,,,,,,,,,,,,,,,,,,80.00,,,,,,,,,,PLT,,,,,,,,Feb 21 2016 1,,,,,,,,0.63,,,,,,,,,,,,
23,,,0030696015413,,,,,1,,,,,,,,BOIRON,,,,,,,,,,,,,,,,,CALCAREA SULPHURICA-30C,,,,,,,,,,,,,,,,,,,,,,,,,80.00,,,,,,,,,,PLT,,,,,,,,Feb 21 2016 1,,,,,,,,0.63,,,,,,,,,,,,
24,,,0030696016313,,,,,1,,,,,,,,BOIRON,,,,,,,,,,,,,,,,,CANTHARIS-30C,,,,,,,,,,,,,,,,,,,,,,,,,80.00,,,,,,,,,,PLT,,,,,,,,Feb 21 2016 1,,,,,,,,0.63,,,,,,,,,,,,
Positio,,,,,,UPC,,,,Facings,,,,,,,,,,,Brand,,,,,,,,,,,,,,,Long Description,,,,,,,,,,,,,,,,,,,,,,,,Size,,,,,,,,,,,UOM,,,,,,,Date,,,,,,,Width,,,,,,,,,,,
-----------   --------------------------------- ------------------------------------------------------------------------------------------------------------------ ------------ -------------------- ---------------,,,,,,,,,,,,,,,,,,,,,,,,,,,,,,,,,,,,,,,,,,,,,,,,,,,,,,,,,,,,,,,,,,,,,,,,,,,,,,,,,,,,,,,,,,,,,,,,
25,,,0030696016608,,,,,1,,,,,,,,BOIRON,,,,,,,,,,,,,,,,,CARBO VEGETABILIS-6C,,,,,,,,,,,,,,,,,,,,,,,,,80.00,,,,,,,,,,PLT,,,,,,,,Feb 21 2016 1,,,,,,,,0.63,,,,,,,,,,,,
26,,,0030696016613,,,,,1,,,,,,,,BOIRON,,,,,,,,,,,,,,,,,CARBO VEGETABILIS-30C,,,,,,,,,,,,,,,,,,,,,,,,,80.00,,,,,,,,,,PLT,,,,,,,,Feb 21 2016 1,,,,,,,,0.63,,,,,,,,,,,,
27,,,0030696017913,,,,,1,,,,,,,,BOIRON,,,,,,,,,,,,,,,,,CAULOPHYLLUM THALICTROIDES-30C,,,,,,,,,,,,,,,,,,,,,,,,,80.00,,,,,,,,,,PLT,,,,,,,,Feb 21 2016 1,,,,,,,,0.63,,,,,,,,,,,,
28,,,0030696018008,,,,,1,,,,,,,,BOIRON,,,,,,,,,,,,,,,,,CAUSTICUM-6C,,,,,,,,,,,,,,,,,,,,,,,,,80.00,,,,,,,,,,PLT,,,,,,,,Feb 21 2016 1,,,,,,,,0.63,,,,,,,,,,,,
29,,,0030696018013,,,,,1,,,,,,,,BOIRON,,,,,,,,,,,,,,,,,CAUSTICUM-30C,,,,,,,,,,,,,,,,,,,,,,,,,80.00,,,,,,,,,,PLT,,,,,,,,Feb 21 2016 1,,,,,,,,0.63,,,,,,,,,,,,
30,,,0030696019308,,,,,1,,,,,,,,BOIRON,,,,,,,,,,,,,,,,,CHAMOMILLA-6C,,,,,,,,,,,,,,,,,,,,,,,,,80.00,,,,,,,,,,PLT,,,,,,,,Feb 21 2016 1,,,,,,,,0.63,,,,,,,,,,,,
31,,,0030696019313,,,,,1,,,,,,,,BOIRON,,,,,,,,,,,,,,,,,CHAMOMILLA-30C,,,,,,,,,,,,,,,,,,,,,,,,,80.00,,,,,,,,,,PLT,,,,,,,,Feb 21 2016 1,,,,,,,,0.63,,,,,,,,,,,,
32,,,0030696020913,,,,,1,,,,,,,,BOIRON,,,,,,,,,,,,,,,,,CINA-30C,,,,,,,,,,,,,,,,,,,,,,,,,80.00,,,,,,,,,,PLT,,,,,,,,Feb 21 2016 1,,,,,,,,0.63,,,,,,,,,,,,
33,,,0030696021013,,,,,1,,,,,,,,BOIRON,,,,,,,,,,,,,,,,,CINCHONA OFFICINALIS-30C,,,,,,,,,,,,,,,,,,,,,,,,,80.00,,,,,,,,,,PLT,,,,,,,,Feb 21 2016 1,,,,,,,,0.63,,,,,,,,,,,,
34,,,0030696022113,,,,,1,,,,,,,,BOIRON,,,,,,,,,,,,,,,,,COCCULUS INDICUS-30C,,,,,,,,,,,,,,,,,,,,,,,,,80.00,,,,,,,,,,PLT,,,,,,,,Feb 21 2016 1,,,,,,,,0.63,,,,,,,,,,,,
35,,,0030696022408,,,,,1,,,,,,,,BOIRON,,,,,,,,,,,,,,,,,COFFEA CRUDA-6C,,,,,,,,,,,,,,,,,,,,,,,,,80.00,,,,,,,,,,PLT,,,,,,,,Feb 21 2016 1,,,,,,,,0.63,,,,,,,,,,,,
36,,,0030696022413,,,,,1,,,,,,,,BOIRON,,,,,,,,,,,,,,,,,COFFEA CRUDA-30C,,,,,,,,,,,,,,,,,,,,,,,,,80.00,,,,,,,,,,PLT,,,,,,,,Feb 21 2016 1,,,,,,,,0.63,,,,,,,,,,,,
37,,,0030696025508,,,,,1,,,,,,,,BOIRON,,,,,,,,,,,,,,,,,CUPRUM METALLICUM-6C,,,,,,,,,,,,,,,,,,,,,,,,,80.00,,,,,,,,,,PLT,,,,,,,,Feb 21 2016 1,,,,,,,,0.63,,,,,,,,,,,,
38,,,0030696025513,,,,,1,,,,,,,,BOIRON,,,,,,,,,,,,,,,,,CUPRUM METALLICUM-30C,,,,,,,,,,,,,,,,,,,,,,,,,80.00,,,,,,,,,,PLT,,,,,,,,Feb 21 2016 1,,,,,,,,0.63,,,,,,,,,,,,
39,,,0030696027408,,,,,1,,,,,,,,BOIRON,,,,,,,,,,,,,,,,,DROSERA ROTUNDIFOLIA-6C,,,,,,,,,,,,,,,,,,,,,,,,,80.00,,,,,,,,,,PLT,,,,,,,,Feb 21 2016 1,,,,,,,,0.63,,,,,,,,,,,,
40,,,0030696027413,,,,,1,,,,,,,,BOIRON,,,,,,,,,,,,,,,,,DROSERA ROTUNDIFOLIA-30C,,,,,,,,,,,,,,,,,,,,,,,,,80.00,,,,,,,,,,PLT,,,,,,,,Feb 21 2016 1,,,,,,,,0.63,,,,,,,,,,,,
,,,,,,,,---------------,,,,,,,,,,,,,,,,,,,,,,,,,,,,,,,,,,,,,,,,,,,,,,,,,,,,,,,,,,,,,,,,,,,,,,,,,,,,,,,,,,,,,,,,
Totals:,,,,,,,,42,,,,,,,,,,,,,,,,,,,,,,,,,,,,,,,,,,,,,,,,,,,,,,,,,,,,,,,,,,,,,,,,,,,,,,,,,,,,,,,,,,,,,,,,
"Shelf: 16,   Length: 0' 11.25"",    Height: 1' 6.00"",   Depth: 1' 0.50"",   Product: 0' 0.00""",,,,,,,,,,,,,,,,,,,,,,,,,,,,,,,,,,,,,,,,,,,,,,,,,,,,,,,,,,,,,,,,,,,,,,,,,,,,,,,,,,,,,,,,,,,,,,,,
1,,,0030696029813,,,,,1,,,,,,,,BOIRON,,,,,,,,,,,,,,,,,EUPHRASIA OFFICINALI-30C,,,,,,,,,,,,,,,,,,,,,,,,,80.00,,,,,,,,,,PLT,,,,,,,,Feb 21 2016 1,,,,,,,,0.63,,,,,,,,,,,,
2,,,0030696033313,,,,,1,,,,,,,,BOIRON,,,,,,,,,,,,,,,,,GELSEMIUM SEMPERVIRE-30C,,,,,,,,,,,,,,,,,,,,,,,,,80.00,,,,,,,,,,PLT,,,,,,,,Feb 21 2016 1,,,,,,,,0.63,,,,,,,,,,,,
3,,,0030696035308,,,,,1,,,,,,,,BOIRON,,,,,,,,,,,,,,,,,HAMAMELIS VIRGINIANA 6C,,,,,,,,,,,,,,,,,,,,,,,,,80.00,,,,,,,,,,PLT,,,,,,,,Feb 21 2016 1,,,,,,,,0.63,,,,,,,,,,,,
4,,,0030696035313,,,,,1,,,,,,,,BOIRON,,,,,,,,,,,,,,,,,HAMAMELIS VIRGINIANA-30C,,,,,,,,,,,,,,,,,,,,,,,,,80.00,,,,,,,,,,PLT,,,,,,,,Feb 21 2016 1,,,,,,,,0.63,,,,,,,,,,,,
5,,,0030696036313,,,,,1,,,,,,,,BOIRON,,,,,,,,,,,,,,,,,HEPAR SULPHURIS CALCEREUM-30C,,,,,,,,,,,,,,,,,,,,,,,,,80.00,,,,,,,,,,PLT,,,,,,,,Feb 21 2016 1,,,,,,,,0.63,,,,,,,,,,,,
6,,,0030696101708,,,,,1,,,,,,,,BOIRON,,,,,,,,,,,,,,,,,HISTAMINUM HYDROCHLORICUM-6C,,,,,,,,,,,,,,,,,,,,,,,,,80.00,,,,,,,,,,PLT,,,,,,,,Feb 21 2016 1,,,,,,,,0.63,,,,,,,,,,,,
7,,,0030696101713,,,,,1,,,,,,,,BOIRON,,,,,,,,,,,,,,,,,HISTAMINUM HYDROCHLORICUM-30C,,,,,,,,,,,,,,,,,,,,,,,,,80.00,,,,,,,,,,PLT,,,,,,,,Feb 21 2016 1,,,,,,,,0.63,,,,,,,,,,,,
8,,,0030696037208,,,,,1,,,,,,,,BOIRON,,,,,,,,,,,,,,,,,HYDRASTIS CANADENSIS-6C,,,,,,,,,,,,,,,,,,,,,,,,,80.00,,,,,,,,,,PLT,,,,,,,,Feb 21 2016 1,,,,,,,,0.63,,,,,,,,,,,,
9,,,0030696037213,,,,,1,,,,,,,,BOIRON,,,,,,,,,,,,,,,,,HYDRASTIS CANADENSIS-30C,,,,,,,,,,,,,,,,,,,,,,,,,80.00,,,,,,,,,,PLT,,,,,,,,Feb 21 2016 1,,,,,,,,0.63,,,,,,,,,,,,
10,,,0030696037608,,,,,1,,,,,,,,BOIRON,,,,,,,,,,,,,,,,,HYPERICUM PERFORATUM-6C,,,,,,,,,,,,,,,,,,,,,,,,,80.00,,,,,,,,,,PLT,,,,,,,,Feb 21 2016 1,,,,,,,,0.63,,,,,,,,,,,,
11,,,0030696037613,,,,,1,,,,,,,,BOIRON,,,,,,,,,,,,,,,,,HYPERICUM PERFORATUM-30C,,,,,,,,,,,,,,,,,,,,,,,,,80.00,,,,,,,,,,PLT,,,,,,,,Feb 21 2016 1,,,,,,,,0.63,,,,,,,,,,,,
12,,,0030696038408,,,,,1,,,,,,,,BOIRON,,,,,,,,,,,,,,,,,IGNATIA AMARA-6C,,,,,,,,,,,,,,,,,,,,,,,,,80.00,,,,,,,,,,PLT,,,,,,,,Feb 21 2016 1,,,,,,,,0.63,,,,,,,,,,,,
13,,,0030696038413,,,,,1,,,,,,,,BOIRON,,,,,,,,,,,,,,,,,IGNATIA AMARA-30C,,,,,,,,,,,,,,,,,,,,,,,,,80.00,,,,,,,,,,PLT,,,,,,,,Feb 21 2016 1,,,,,,,,0.63,,,,,,,,,,,,
14,,,0030696039013,,,,,1,,,,,,,,BOIRON,,,,,,,,,,,,,,,,,IPECACUANHA-30C,,,,,,,,,,,,,,,,,,,,,,,,,80.00,,,,,,,,,,PLT,,,,,,,,Feb 21 2016 1,,,,,,,,0.63,,,,,,,,,,,,
15,,,0030696040113,,,,,1,,,,,,,,BOIRON,,,,,,,,,,,,,,,,,KALI BICHROMICUM-30C,,,,,,,,,,,,,,,,,,,,,,,,,80.00,,,,,,,,,,PLT,,,,,,,,Feb 21 2016 1,,,,,,,,0.63,,,,,,,,,,,,
16,,,0030696040313,,,,,1,,,,,,,,BOIRON,,,,,,,,,,,,,,,,,KALI CARBONICUM-30C,,,,,,,,,,,,,,,,,,,,,,,,,80.00,,,,,,,,,,PLT,,,,,,,,Feb 21 2016 1,,,,,,,,0.63,,,,,,,,,,,,
17,,,0030696040713,,,,,1,,,,,,,,BOIRON,,,,,,,,,,,,,,,,,KALI PHOSPHORICUM-30C,,,,,,,,,,,,,,,,,,,,,,,,,80.00,,,,,,,,,,PLT,,,,,,,,Feb 21 2016 1,,,,,,,,0.63,,,,,,,,,,,,
18,,,0030696041408,,,,,1,,,,,,,,BOIRON,,,,,,,,,,,,,,,,,LACHESIS MUTUS-6C,,,,,,,,,,,,,,,,,,,,,,,,,80.00,,,,,,,,,,PLT,,,,,,,,Feb 21 2016 1,,,,,,,,0.63,,,,,,,,,,,,
Positio,,,,,,UPC,,,,Facings,,,,,,,,,,,Brand,,,,,,,,,,,,,,,Long Description,,,,,,,,,,,,,,,,,,,,,,,,Size,,,,,,,,,,,UOM,,,,,,,Date,,,,,,,Width,,,,,,,,,,,
-----------   --------------------------------- ------------------------------------------------------------------------------------------------------------------ ------------ -------------------- ---------------,,,,,,,,,,,,,,,,,,,,,,,,,,,,,,,,,,,,,,,,,,,,,,,,,,,,,,,,,,,,,,,,,,,,,,,,,,,,,,,,,,,,,,,,,,,,,,,,
19,,,0030696041413,,,,,1,,,,,,,,BOIRON,,,,,,,,,,,,,,,,,LACHESIS MUTUS-30C,,,,,,,,,,,,,,,,,,,,,,,,,80.00,,,,,,,,,,PLT,,,,,,,,Feb 21 2016 1,,,,,,,,0.63,,,,,,,,,,,,
20,,,0030696043013,,,,,1,,,,,,,,BOIRON,,,,,,,,,,,,,,,,,LEDUM PALUSTRE-30C,,,,,,,,,,,,,,,,,,,,,,,,,80.00,,,,,,,,,,PLT,,,,,,,,Feb 21 2016 1,,,,,,,,0.63,,,,,,,,,,,,
21,,,0030696044413,,,,,1,,,,,,,,BOIRON,,,,,,,,,,,,,,,,,LOBELIA INFLATA-30C,,,,,,,,,,,,,,,,,,,,,,,,,80.00,,,,,,,,,,PLT,,,,,,,,Feb 21 2016 1,,,,,,,,0.63,,,,,,,,,,,,
22,,,0030696044908,,,,,1,,,,,,,,BOIRON,,,,,,,,,,,,,,,,,LYCOPODIUM CLAVATUM-6C,,,,,,,,,,,,,,,,,,,,,,,,,80.00,,,,,,,,,,PLT,,,,,,,,Feb 21 2016 1,,,,,,,,0.63,,,,,,,,,,,,
23,,,0030696044913,,,,,1,,,,,,,,BOIRON,,,,,,,,,,,,,,,,,LYCOPODIUM CLAVATUM-30C,,,,,,,,,,,,,,,,,,,,,,,,,80.00,,,,,,,,,,PLT,,,,,,,,Feb 21 2016 1,,,,,,,,0.63,,,,,,,,,,,,
24,,,0030696045713,,,,,1,,,,,,,,BOIRON,,,,,,,,,,,,,,,,,MAGNESIA PHOSPHORICA-30C,,,,,,,,,,,,,,,,,,,,,,,,,80.00,,,,,,,,,,PLT,,,,,,,,Feb 21 2016 1,,,,,,,,0.63,,,,,,,,,,,,
25,,,0030696048313,,,,,1,,,,,,,,BOIRON,,,,,,,,,,,,,,,,,MERCURIUS SOLUBILIS-30C,,,,,,,,,,,,,,,,,,,,,,,,,80.00,,,,,,,,,,PLT,,,,,,,,Feb 21 2016 1,,,,,,,,0.63,,,,,,,,,,,,
26,,,0030696048713,,,,,1,,,,,,,,BOIRON,,,,,,,,,,,,,,,,,MERZEREUM-30C,,,,,,,,,,,,,,,,,,,,,,,,,80.00,,,,,,,,,,PLT,,,,,,,,Feb 21 2016 1,,,,,,,,0.63,,,,,,,,,,,,
27,,,0030696051108,,,,,1,,,,,,,,BOIRON,,,,,,,,,,,,,,,,,NATRUM MURIATICUM-6C,,,,,,,,,,,,,,,,,,,,,,,,,80.00,,,,,,,,,,PLT,,,,,,,,Feb 21 2016 1,,,,,,,,0.63,,,,,,,,,,,,
28,,,0030696051113,,,,,1,,,,,,,,BOIRON,,,,,,,,,,,,,,,,,NATRUM MURIATICUM-30C,,,,,,,,,,,,,,,,,,,,,,,,,80.00,,,,,,,,,,PLT,,,,,,,,Feb 21 2016 1,,,,,,,,0.63,,,,,,,,,,,,
29,,,0030696052708,,,,,1,,,,,,,,BOIRON,,,,,,,,,,,,,,,,,NUX VOMICA-6C,,,,,,,,,,,,,,,,,,,,,,,,,80.00,,,,,,,,,,PLT,,,,,,,,Feb 21 2016 1,,,,,,,,0.63,,,,,,,,,,,,
30,,,0030696052713,,,,,1,,,,,,,,BOIRON,,,,,,,,,,,,,,,,,NUX VOMICA-30C,,,,,,,,,,,,,,,,,,,,,,,,,80.00,,,,,,,,,,PLT,,,,,,,,Feb 21 2016 1,,,,,,,,0.63,,,,,,,,,,,,
31,,,0030696056813,,,,,1,,,,,,,,BOIRON,,,,,,,,,,,,,,,,,PHOSPHORICUM ACIDUM-30C,,,,,,,,,,,,,,,,,,,,,,,,,80.00,,,,,,,,,,PLT,,,,,,,,Feb 21 2016 1,,,,,,,,0.63,,,,,,,,,,,,
32,,,0030696056913,,,,,1,,,,,,,,BOIRON,,,,,,,,,,,,,,,,,PHOSPHORUS-30C,,,,,,,,,,,,,,,,,,,,,,,,,80.00,,,,,,,,,,PLT,,,,,,,,Feb 21 2016 1,,,,,,,,0.63,,,,,,,,,,,,
33,,,0030696057308,,,,,1,,,,,,,,BOIRON,,,,,,,,,,,,,,,,,PHYTOLACCA DECANDRA-6C,,,,,,,,,,,,,,,,,,,,,,,,,80.00,,,,,,,,,,PLT,,,,,,,,Feb 21 2016 1,,,,,,,,0.63,,,,,,,,,,,,
34,,,0030696057313,,,,,1,,,,,,,,BOIRON,,,,,,,,,,,,,,,,,PHYTOLACCA DECANDRA-30C,,,,,,,,,,,,,,,,,,,,,,,,,80.00,,,,,,,,,,PLT,,,,,,,,Feb 21 2016 1,,,,,,,,0.63,,,,,,,,,,,,
35,,,0030696060608,,,,,1,,,,,,,,BOIRON,,,,,,,,,,,,,,,,,PULSATILLA-6C,,,,,,,,,,,,,,,,,,,,,,,,,80.00,,,,,,,,,,PLT,,,,,,,,Feb 21 2016 1,,,,,,,,0.63,,,,,,,,,,,,
36,,,0030696060613,,,,,1,,,,,,,,BOIRON,,,,,,,,,,,,,,,,,PULSATILLA-30C,,,,,,,,,,,,,,,,,,,,,,,,,80.00,,,,,,,,,,PLT,,,,,,,,Feb 21 2016 1,,,,,,,,0.63,,,,,,,,,,,,
37,,,0030696063108,,,,,1,,,,,,,,BOIRON,,,,,,,,,,,,,,,,,RHUS TOXICODENDRON-6C,,,,,,,,,,,,,,,,,,,,,,,,,80.00,,,,,,,,,,PLT,,,,,,,,Feb 21 2016 1,,,,,,,,0.63,,,,,,,,,,,,
38,,,0030696063113,,,,,1,,,,,,,,BOIRON,,,,,,,,,,,,,,,,,RHUS TOXICODENDRON-30C,,,,,,,,,,,,,,,,,,,,,,,,,80.00,,,,,,,,,,PLT,,,,,,,,Feb 21 2016 1,,,,,,,,0.63,,,,,,,,,,,,
39,,,0030696064308,,,,,1,,,,,,,,BOIRON,,,,,,,,,,,,,,,,,RUTA GRAVEOLENS-6C,,,,,,,,,,,,,,,,,,,,,,,,,80.00,,,,,,,,,,PLT,,,,,,,,Feb 21 2016 1,,,,,,,,0.63,,,,,,,,,,,,
40,,,0030696064313,,,,,1,,,,,,,,BOIRON,,,,,,,,,,,,,,,,,RUTA GRAVEOLENS-30C,,,,,,,,,,,,,,,,,,,,,,,,,80.00,,,,,,,,,,PLT,,,,,,,,Feb 21 2016 1,,,,,,,,0.63,,,,,,,,,,,,
41,,,0030696064613,,,,,1,,,,,,,,BOIRON,,,,,,,,,,,,,,,,,SABINA-30C,,,,,,,,,,,,,,,,,,,,,,,,,80.00,,,,,,,,,,PLT,,,,,,,,Feb 21 2016 1,,,,,,,,0.63,,,,,,,,,,,,
42,,,0030696067708,,,,,1,,,,,,,,BOIRON,,,,,,,,,,,,,,,,,SEPIA-6C,,,,,,,,,,,,,,,,,,,,,,,,,80.00,,,,,,,,,,PLT,,,,,,,,Feb 21 2016 1,,,,,,,,0.63,,,,,,,,,,,,
,,,,,,,,---------------,,,,,,,,,,,,,,,,,,,,,,,,,,,,,,,,,,,,,,,,,,,,,,,,,,,,,,,,,,,,,,,,,,,,,,,,,,,,,,,,,,,,,,,,
Totals:,,,,,,,,42,,,,,,,,,,,,,,,,,,,,,,,,,,,,,,,,,,,,,,,,,,,,,,,,,,,,,,,,,,,,,,,,,,,,,,,,,,,,,,,,,,,,,,,,
"Shelf: 17,   Length: 0' 11.25"",    Height: 1' 6.00"",   Depth: 1' 0.50"",   Product: 0' 0.00""",,,,,,,,,,,,,,,,,,,,,,,,,,,,,,,,,,,,,,,,,,,,,,,,,,,,,,,,,,,,,,,,,,,,,,,,,,,,,,,,,,,,,,,,,,,,,,,,
1,,,0030696067713,,,,,1,,,,,,,,BOIRON,,,,,,,,,,,,,,,,,SEPIA-30C,,,,,,,,,,,,,,,,,,,,,,,,,80.00,,,,,,,,,,PLT,,,,,,,,Feb 21 2016 1,,,,,,,,0.63,,,,,,,,,,,,
2,,,0030696068408,,,,,1,,,,,,,,BOIRON,,,,,,,,,,,,,,,,,SILICEA-6C,,,,,,,,,,,,,,,,,,,,,,,,,80.00,,,,,,,,,,PLT,,,,,,,,Feb 21 2016 1,,,,,,,,0.63,,,,,,,,,,,,
3,,,0030696068413,,,,,1,,,,,,,,BOIRON,,,,,,,,,,,,,,,,,SILICEA-30C,,,,,,,,,,,,,,,,,,,,,,,,,80.00,,,,,,,,,,PLT,,,,,,,,Feb 21 2016 1,,,,,,,,0.63,,,,,,,,,,,,
4,,,0030696069808,,,,,1,,,,,,,,BOIRON,,,,,,,,,,,,,,,,,SPONGIA TOSTA-6C,,,,,,,,,,,,,,,,,,,,,,,,,80.00,,,,,,,,,,PLT,,,,,,,,Feb 21 2016 1,,,,,,,,0.63,,,,,,,,,,,,
5,,,0030696069813,,,,,1,,,,,,,,BOIRON,,,,,,,,,,,,,,,,,SPONGIA TOSTA-30C,,,,,,,,,,,,,,,,,,,,,,,,,80.00,,,,,,,,,,PLT,,,,,,,,Feb 21 2016 1,,,,,,,,0.63,,,,,,,,,,,,
6,,,0030696070113,,,,,1,,,,,,,,BOIRON,,,,,,,,,,,,,,,,,STAPHYSAGRIA-30C,,,,,,,,,,,,,,,,,,,,,,,,,80.00,,,,,,,,,,PLT,,,,,,,,Feb 21 2016 1,,,,,,,,0.63,,,,,,,,,,,,
7,,,0030696071208,,,,,1,,,,,,,,BOIRON,,,,,,,,,,,,,,,,,SULPHUR-6C,,,,,,,,,,,,,,,,,,,,,,,,,80.00,,,,,,,,,,PLT,,,,,,,,Feb 21 2016 1,,,,,,,,0.63,,,,,,,,,,,,
8,,,0030696071213,,,,,1,,,,,,,,BOIRON,,,,,,,,,,,,,,,,,SULPHUR-30C,,,,,,,,,,,,,,,,,,,,,,,,,80.00,,,,,,,,,,PLT,,,,,,,,Feb 21 2016 1,,,,,,,,0.63,,,,,,,,,,,,
9,,,0030696071708,,,,,1,,,,,,,,BOIRON,,,,,,,,,,,,,,,,,SYMPHYTUM OFFICINALE-6C,,,,,,,,,,,,,,,,,,,,,,,,,80.00,,,,,,,,,,PLT,,,,,,,,Feb 21 2016 1,,,,,,,,0.63,,,,,,,,,,,,
10,,,0030696071713,,,,,1,,,,,,,,BOIRON,,,,,,,,,,,,,,,,,SYMPHYTUM OFFICINALE-30C,,,,,,,,,,,,,,,,,,,,,,,,,80.00,,,,,,,,,,PLT,,,,,,,,Feb 21 2016 1,,,,,,,,0.63,,,,,,,,,,,,
Positio,,,,,,UPC,,,,Facings,,,,,,,,,,,Brand,,,,,,,,,,,,,,,Long Description,,,,,,,,,,,,,,,,,,,,,,,,Size,,,,,,,,,,,UOM,,,,,,,Date,,,,,,,Width,,,,,,,,,,,
-----------   --------------------------------- ------------------------------------------------------------------------------------------------------------------ ------------ -------------------- ---------------,,,,,,,,,,,,,,,,,,,,,,,,,,,,,,,,,,,,,,,,,,,,,,,,,,,,,,,,,,,,,,,,,,,,,,,,,,,,,,,,,,,,,,,,,,,,,,,,
11,,,0030696073508,,,,,1,,,,,,,,BOIRON,,,,,,,,,,,,,,,,,THUJA OCCIDENTALIS-6C,,,,,,,,,,,,,,,,,,,,,,,,,80.00,,,,,,,,,,PLT,,,,,,,,Feb 21 2016 1,,,,,,,,0.63,,,,,,,,,,,,
12,,,0030696073513,,,,,1,,,,,,,,BOIRON,,,,,,,,,,,,,,,,,THUJA OCCIDENTALIS-30C,,,,,,,,,,,,,,,,,,,,,,,,,80.00,,,,,,,,,,PLT,,,,,,,,Feb 21 2016 1,,,,,,,,0.63,,,,,,,,,,,,
13,,,0030696076613,,,,,1,,,,,,,,BOIRON,,,,,,,,,,,,,,,,,URTICA URENS-30C,,,,,,,,,,,,,,,,,,,,,,,,,80.00,,,,,,,,,,PLT,,,,,,,,Feb 21 2016 1,,,,,,,,0.63,,,,,,,,,,,,
14,,,0030696081913,,,,,1,,,,,,,,BOIRON,,,,,,,,,,,,,,,,,ZINCUM METALLICUM-30C,,,,,,,,,,,,,,,,,,,,,,,,,80.00,,,,,,,,,,PLT,,,,,,,,Feb 21 2016 1,,,,,,,,0.63,,,,,,,,,,,,
15,,,0030696001131,,,,,1,,,,,,,,BOIRON,,,,,,,,,,,,,,,,,ACONITUM NAPELLUS-200CK,,,,,,,,,,,,,,,,,,,,,,,,,80.00,,,,,,,,,,PLT,,,,,,,,Feb 21 2016 1,,,,,,,,0.63,,,,,,,,,,,,
16,,,0030696003231,,,,,1,,,,,,,,BOIRON,,,,,,,,,,,,,,,,,ALLIUM CEPA-200CK,,,,,,,,,,,,,,,,,,,,,,,,,80.00,,,,,,,,,,PLT,,,,,,,,Feb 21 2016 1,,,,,,,,0.63,,,,,,,,,,,,
17,,,0030696006231,,,,,1,,,,,,,,BOIRON,,,,,,,,,,,,,,,,,APIS MELLIFICA-200CK,,,,,,,,,,,,,,,,,,,,,,,,,80.00,,,,,,,,,,PLT,,,,,,,,Feb 21 2016 1,,,,,,,,0.63,,,,,,,,,,,,
18,,,0030696007531,,,,,2,,,,,,,,BOIRON,,,,,,,,,,,,,,,,,ARNICA MONTANA-200CK,,,,,,,,,,,,,,,,,,,,,,,,,80.00,,,,,,,,,,PLT,,,,,,,,Feb 21 2016 1,,,,,,,,0.63,,,,,,,,,,,,
19,,,0030696010831,,,,,1,,,,,,,,BOIRON,,,,,,,,,,,,,,,,,BELLADONNA-200CK,,,,,,,,,,,,,,,,,,,,,,,,,80.00,,,,,,,,,,PLT,,,,,,,,Feb 21 2016 1,,,,,,,,0.63,,,,,,,,,,,,
20,,,0030696007631,,,,,1,,,,,,,,BOIRON,,,,,,,,,,,,,,,,,ARSENICUM ALBUM-200CK,,,,,,,,,,,,,,,,,,,,,,,,,80.00,,,,,,,,,,PLT,,,,,,,,Feb 21 2016 1,,,,,,,,0.63,,,,,,,,,,,,
21,,,0030696013831,,,,,1,,,,,,,,BOIRON,,,,,,,,,,,,,,,,,BRYONIA ALBA-200CK,,,,,,,,,,,,,,,,,,,,,,,,,80.00,,,,,,,,,,PLT,,,,,,,,Feb 21 2016 1,,,,,,,,0.63,,,,,,,,,,,,
22,,,0030696015431,,,,,1,,,,,,,,BOIRON,,,,,,,,,,,,,,,,,CALCAREA SULPHURICA-200CK,,,,,,,,,,,,,,,,,,,,,,,,,80.00,,,,,,,,,,PLT,,,,,,,,Feb 21 2016 1,,,,,,,,0.63,,,,,,,,,,,,
23,,,0030696016631,,,,,1,,,,,,,,BOIRON,,,,,,,,,,,,,,,,,CARBO VEGETABILIS-200CK,,,,,,,,,,,,,,,,,,,,,,,,,80.00,,,,,,,,,,PLT,,,,,,,,Feb 21 2016 1,,,,,,,,0.63,,,,,,,,,,,,
24,,,0030696019331,,,,,1,,,,,,,,BOIRON,,,,,,,,,,,,,,,,,CHAMOMILLA-200CK,,,,,,,,,,,,,,,,,,,,,,,,,80.00,,,,,,,,,,PLT,,,,,,,,Feb 21 2016 1,,,,,,,,0.63,,,,,,,,,,,,
25,,,0030696022431,,,,,1,,,,,,,,BOIRON,,,,,,,,,,,,,,,,,COFFEA CRUDA-200CK,,,,,,,,,,,,,,,,,,,,,,,,,80.00,,,,,,,,,,PLT,,,,,,,,Feb 21 2016 1,,,,,,,,0.63,,,,,,,,,,,,
26,,,0030696101731,,,,,1,,,,,,,,BOIRON,,,,,,,,,,,,,,,,,HISTAMINUM HYDROCHLORICUM-200CK,,,,,,,,,,,,,,,,,,,,,,,,,80.00,,,,,,,,,,PLT,,,,,,,,Feb 21 2016 1,,,,,,,,0.63,,,,,,,,,,,,
27,,,0030696037631,,,,,1,,,,,,,,BOIRON,,,,,,,,,,,,,,,,,HYPERICUM PERFORATUM-200CK,,,,,,,,,,,,,,,,,,,,,,,,,80.00,,,,,,,,,,PLT,,,,,,,,Feb 21 2016 1,,,,,,,,0.63,,,,,,,,,,,,
28,,,0030696038431,,,,,1,,,,,,,,BOIRON,,,,,,,,,,,,,,,,,IGNATIA AMARA-200CK,,,,,,,,,,,,,,,,,,,,,,,,,80.00,,,,,,,,,,PLT,,,,,,,,Feb 21 2016 1,,,,,,,,0.63,,,,,,,,,,,,
29,,,0030696040131,,,,,1,,,,,,,,BOIRON,,,,,,,,,,,,,,,,,KALI BICHROMICUM-200CK,,,,,,,,,,,,,,,,,,,,,,,,,80.00,,,,,,,,,,PLT,,,,,,,,Feb 21 2016 1,,,,,,,,0.63,,,,,,,,,,,,
30,,,0030696041431,,,,,1,,,,,,,,BOIRON,,,,,,,,,,,,,,,,,LACHESIS MUTUS-200CK,,,,,,,,,,,,,,,,,,,,,,,,,80.00,,,,,,,,,,PLT,,,,,,,,Feb 21 2016 1,,,,,,,,0.63,,,,,,,,,,,,
31,,,0030696044931,,,,,1,,,,,,,,BOIRON,,,,,,,,,,,,,,,,,LYCOPODIUM CLAVATUM-200CK,,,,,,,,,,,,,,,,,,,,,,,,,80.00,,,,,,,,,,PLT,,,,,,,,Feb 21 2016 1,,,,,,,,0.63,,,,,,,,,,,,
32,,,0030696051131,,,,,1,,,,,,,,BOIRON,,,,,,,,,,,,,,,,,NATRUM MURIATICUM-200CK,,,,,,,,,,,,,,,,,,,,,,,,,80.00,,,,,,,,,,PLT,,,,,,,,Feb 21 2016 1,,,,,,,,0.63,,,,,,,,,,,,
33,,,0030696052731,,,,,1,,,,,,,,BOIRON,,,,,,,,,,,,,,,,,NUX VOMICA-200CK,,,,,,,,,,,,,,,,,,,,,,,,,80.00,,,,,,,,,,PLT,,,,,,,,Feb 21 2016 1,,,,,,,,0.63,,,,,,,,,,,,
34,,,0030696056931,,,,,1,,,,,,,,BOIRON,,,,,,,,,,,,,,,,,PHOSPHORUS-200CK,,,,,,,,,,,,,,,,,,,,,,,,,80.00,,,,,,,,,,PLT,,,,,,,,Feb 21 2016 1,,,,,,,,0.63,,,,,,,,,,,,
35,,,0030696060631,,,,,1,,,,,,,,BOIRON,,,,,,,,,,,,,,,,,PULSATILLA-200CK,,,,,,,,,,,,,,,,,,,,,,,,,80.00,,,,,,,,,,PLT,,,,,,,,Feb 21 2016 1,,,,,,,,0.63,,,,,,,,,,,,
36,,,0030696063131,,,,,1,,,,,,,,BOIRON,,,,,,,,,,,,,,,,,RHUS TOXICODENDRON-200CK,,,,,,,,,,,,,,,,,,,,,,,,,80.00,,,,,,,,,,PLT,,,,,,,,Feb 21 2016 1,,,,,,,,0.63,,,,,,,,,,,,
37,,,0030696067731,,,,,1,,,,,,,,BOIRON,,,,,,,,,,,,,,,,,SEPIA-200CK,,,,,,,,,,,,,,,,,,,,,,,,,80.00,,,,,,,,,,PLT,,,,,,,,Feb 21 2016 1,,,,,,,,0.63,,,,,,,,,,,,
38,,,0030696068431,,,,,1,,,,,,,,BOIRON,,,,,,,,,,,,,,,,,SILICEA-200K,,,,,,,,,,,,,,,,,,,,,,,,,80.00,,,,,,,,,,PLT,,,,,,,,Feb 21 2016 1,,,,,,,,0.63,,,,,,,,,,,,
39,,,0030696071231,,,,,1,,,,,,,,BOIRON,,,,,,,,,,,,,,,,,SULPHUR-200CK,,,,,,,,,,,,,,,,,,,,,,,,,80.00,,,,,,,,,,PLT,,,,,,,,Feb 21 2016 1,,,,,,,,0.63,,,,,,,,,,,,
40,,,0030696071731,,,,,1,,,,,,,,BOIRON,,,,,,,,,,,,,,,,,SYMPHYTUM OFFICINALE-200CK,,,,,,,,,,,,,,,,,,,,,,,,,80.00,,,,,,,,,,PLT,,,,,,,,Feb 21 2016 1,,,,,,,,0.63,,,,,,,,,,,,
41,,,0030696073531,,,,,1,,,,,,,,BOIRON,,,,,,,,,,,,,,,,,THUJA OCCIDENTALIS-200K,,,,,,,,,,,,,,,,,,,,,,,,,80.00,,,,,,,,,,PLT,,,,,,,,Feb 21 2016 1,,,,,,,,0.63,,,,,,,,,,,,
,,,,,,,,---------------,,,,,,,,,,,,,,,,,,,,,,,,,,,,,,,,,,,,,,,,,,,,,,,,,,,,,,,,,,,,,,,,,,,,,,,,,,,,,,,,,,,,,,,,
Totals:,,,,,,,,42,,,,,,,,,,,,,,,,,,,,,,,,,,,,,,,,,,,,,,,,,,,,,,,,,,,,,,,,,,,,,,,,,,,,,,,,,,,,,,,,,,,,,,,,
"Shelf: 18,   Length: 0' 7.00"",    Height: 1' 8.00"",   Depth: 1' 1.00"",   Product: 0' 0.00""",,,,,,,,,,,,,,,,,,,,,,,,,,,,,,,,,,,,,,,,,,,,,,,,,,,,,,,,,,,,,,,,,,,,,,,,,,,,,,,,,,,,,,,,,,,,,,,,
1,,,0030696279724,,,,,1,,,,,,,,BOIRON,,,,,,,,,,,,,,,,,ARNICA-30C BUY 2 GET 1 FREE,,,,,,,,,,,,,,,,,,,,,,,,,2.00,,,,,,,,,,PK,,,,,,,,Feb 21 2016 1,,,,,,,,3.65,,,,,,,,,,,,
2,,,0030696279724,,,,,1,,,,,,,,BOIRON,,,,,,,,,,,,,,,,,ARNICA-30C BUY 2 GET 1 FREE,,,,,,,,,,,,,,,,,,,,,,,,,2.00,,,,,,,,,,PK,,,,,,,,Feb 21 2016 1,,,,,,,,3.65,,,,,,,,,,,,
3,,,0030696284424,,,,,1,,,,,,,,BOIRON,,,,,,,,,,,,,,,,,NUX VOMICA BUY 2 GET 1 FREE,,,,,,,,,,,,,,,,,,,,,,,,,3.00,,,,,,,,,,PK,,,,,,,,Jun 12 2016 1,,,,,,,,3.65,,,,,,,,,,,,
Positio,,,,,,UPC,,,,Facings,,,,,,,,,,,Brand,,,,,,,,,,,,,,,Long Description,,,,,,,,,,,,,,,,,,,,,,,,Size,,,,,,,,,,,UOM,,,,,,,Date,,,,,,,Width,,,,,,,,,,,
-----------   --------------------------------- ------------------------------------------------------------------------------------------------------------------ ------------ -------------------- ---------------,,,,,,,,,,,,,,,,,,,,,,,,,,,,,,,,,,,,,,,,,,,,,,,,,,,,,,,,,,,,,,,,,,,,,,,,,,,,,,,,,,,,,,,,,,,,,,,,
4,,,0030696284424,,,,,1,,,,,,,,BOIRON,,,,,,,,,,,,,,,,,NUX VOMICA BUY 2 GET 1 FREE,,,,,,,,,,,,,,,,,,,,,,,,,3.00,,,,,,,,,,PK,,,,,,,,Jun 12 2016 1,,,,,,,,3.65,,,,,,,,,,,,
5,,,0030696296124,,,,,1,,,,,,,,BOIRON,,,,,,,,,,,,,,,,,HISTAMINUM 30 C,,,,,,,,,,,,,,,,,,,,,,,,,3.00,,,,,,,,,,CNT,,,,,,,,May  8 2016 1,,,,,,,,3.65,,,,,,,,,,,,
"6
Totals:",,,0030696296124,,,,,"1
--------------- 6",,,,,,,,BOIRON,,,,,,,,,,,,,,,,,HISTAMINUM 30 C,,,,,,,,,,,,,,,,,,,,,,,,,3.00,,,,,,,,,,CNT,,,,,,,,May  8 2016 1,,,,,,,,3.65,,,,,,,,,,,,
"Shelf: 19,   Length: 0' 6.00"",    Height: 1' 1.25"",   Depth: 1' 1.00"",   Product: 0' 0.00""",,,,,,,,,,,,,,,,,,,,,,,,,,,,,,,,,,,,,,,,,,,,,,,,,,,,,,,,,,,,,,,,,,,,,,,,,,,,,,,,,,,,,,,,,,,,,,,,
1,,,0030696007513,,,,,1,,,,,,,,BOIRON,,,,,,,,,,,,,,,,,ARNICA MONTANA-30C,,,,,,,,,,,,,,,,,,,,,,,,,80.00,,,,,,,,,,PLT,,,,,,,,Feb 21 2016 1,,,,,,,,0.63,,,,,,,,,,,,
2,,,0030696007531,,,,,1,,,,,,,,BOIRON,,,,,,,,,,,,,,,,,ARNICA MONTANA-200CK,,,,,,,,,,,,,,,,,,,,,,,,,80.00,,,,,,,,,,PLT,,,,,,,,Feb 21 2016 1,,,,,,,,0.63,,,,,,,,,,,,
3,,,0030696007511,,,,,1,,,,,,,,BOIRON,,,,,,,,,,,,,,,,,ARNICA-12C,,,,,,,,,,,,,,,,,,,,,,,,,80.00,,,,,,,,,,PLT,,,,,,,,Feb 21 2016 1,,,,,,,,0.63,,,,,,,,,,,,
4,,,0030696007508,,,,,1,,,,,,,,BOIRON,,,,,,,,,,,,,,,,,ARNICA MONTANA-6C,,,,,,,,,,,,,,,,,,,,,,,,,80.00,,,,,,,,,,PLT,,,,,,,,Feb 21 2016 1,,,,,,,,0.63,,,,,,,,,,,,
5,,,0030696007521,,,,,1,,,,,,,,BOIRON,,,,,,,,,,,,,,,,,ARNICA-30X,,,,,,,,,,,,,,,,,,,,,,,,,80.00,,,,,,,,,,PLT,,,,,,,,Feb 21 2016 1,,,,,,,,0.63,,,,,,,,,,,,
6,,,0030696007503,,,,,1,,,,,,,,BOIRON,,,,,,,,,,,,,,,,,ARNICA MONTANA-6X,,,,,,,,,,,,,,,,,,,,,,,,,80.00,,,,,,,,,,PLT,,,,,,,,Feb 21 2016 1,,,,,,,,0.63,,,,,,,,,,,,
,,,,,,,,---------------,,,,,,,,,,,,,,,,,,,,,,,,,,,,,,,,,,,,,,,,,,,,,,,,,,,,,,,,,,,,,,,,,,,,,,,,,,,,,,,,,,,,,,,,
Totals:,,,,,,,,6,,,,,,,,,,,,,,,,,,,,,,,,,,,,,,,,,,,,,,,,,,,,,,,,,,,,,,,,,,,,,,,,,,,,,,,,,,,,,,,,,,,,,,,,