Project Type: STS 12/10/2018 Buyer: Kate Gibson x2317 Analyst: Tim Esch x1596,,,,,,,,,,,,,"11/30/2018
Vitamin Department
33532 Protein Powders-12' H-Released Option B",,,,,,,,,,,,,,,,,,,,,,,,
"Shelf 7:  Height 1' 0.00"", Length 4' 0.00"", Depth 1' 4.00""",,,,,,,,,,,,,"Shelf 14:  Height 1' 0.00"", Length 4' 0.00"", Depth 1' 4.00""",,,,,,,,,,,"Shelf 21:  Height 1' 0.00"", Length 4' 0.00"", Depth 1' 4.00""",,,,,,,,,,,,,
"Shelf 6:  Height 0' 9.50"", Length 4' 0.00"", Depth 1' 4.00""",,,,,,,,,,,,,"Shelf 13:  Height 0' 9.50"", Length 4' 0.00"", Depth 1' 4.00""",,,,,,,,,,,"Shelf 20:  Height 0' 10.50"", Length 4' 0.00"", Depth 1' 4.00""",,,,,,,,,,,,,
"Shelf 5:  Height 0' 10.50"", Length 4' 0.00"", Depth 1' 4.00""",,,,,,,,,,,,,,"Shelf 12:  Height 0' 9.50"", Length 4' 0.00"", Depth 1' 4.00""",,,,,,"Shelf 19:  Height 0' 7.50"", Length 4' 0.00"", Depth 1' 4.00""",,,,,,,,,,,,,,,,,
"Shelf 4:  Height 0' 9.50"", Length 4' 0.00"", Depth 1' 4.00""",,,,,,,,,,,,,"Shelf 11:  Height 0' 9.50"", Length 4' 0.00"", Depth 1' 4.00""",,,,,,,,,,,"Shelf 18:  Height 0' 10.50"", Length 4' 0.00"", Depth 1' 4.00""",,,,,,,,,,,,,
"Shelf 3:  Height 0' 7.50"", Length 4' 0.00"", Depth 1' 4.00""",,,,,,,,,,,,,"Shelf 10:  Height 0' 8.50"", Length 4' 0.00"", Depth 1' 4.00""",,,,,,,,,,,"Shelf 17:  Height 0' 7.50"", Length 4' 0.00"", Depth 1' 4.00""",,,,,,,,,,,,,
"Shelf 2:  Height 0' 9.50"", Length 4' 0.00"", Depth 1' 4.00""",,,,,,,,,,,,,"Shelf 9:  Height 0' 8.50"", Length 4' 0.00"", Depth 1' 4.00""",,,,,,,,,,,"Shelf 16:  Height 0' 8.50"", Length 4' 0.00"", Depth 1' 4.00""",,,,,,,,,,,,,
"Shelf 1:  Height 0' 8.50"", Length 4' 0.00"", Depth 1' 4.00""",,,,,,,,,,,,,"Shelf 8:  Height 0' 9.50"", Length 4' 0.00"", Depth 1' 4.00""",,,,,,,,,,,"Shelf 15:  Height 0' 10.50"", Length 4' 0.00"", Depth 1' 4.00""",,,,,,,,,,,,,
"Location(s):
Notes: Option B-Use when Sports Nutrition is to the right of Protein Powders",,,,,,,,,,,,,,,,,,,,,,,"Confidential-For Sprouts Use Only
Page 1 / 9",,,,,,,,,,,,,,
,,,,,,,,,,,,,,,,,,,,,,,,,,,,,,,,,,,,,
,,,,,,,,,,,,,,,,,,,,,,,,,,,,,,,,,,,,,
,,,,,,,,,,,,,,,,,,,,,,,,,,,,,,,,,,,,,
,,,,,,,,,,,,,,,,,,,,,,,,,,,,,First,,,,Product,,,,
Positio,,UPC,,,,Facings,,,Brand,,,,,,,,Long Description,,,,Size,,,,,UOM,,,Date,,,,Width,,,,
-----------   --------------------------------- ------------------------------------------------------------------------------------------------------------------ ------------ -------------------- ---------------,,,,,,,,,,,,,,,,,,,,,,,,,,,,,,,,,,,,,
"Shelf: 1,   Length: 4' 0.00"",    Height: 0' 8.50"",   Depth: 1' 4.00"",   Product: 4' 0.00""",,,,,,,,,,,,,,,,,,,,,,,,,,,,,,,,,,,,,
1,0060194477790,,,,1,,,PARADISE HERBS,,,,,,,ORAC ENERGY PROTEIN GREENS POWDER,,,,,16.00,,,,,OZ,,,Feb 21 2016 1,,,,5.00,,,,,
2,0060194477804,,,,1,,,PARADISE HERBS,,,,,,,MACA UP-VANILLA,,,,,15.94,,,,,OZ,,,Feb 21 2016 1,,,,5.00,,,,,
3,0064667068082,,,,1,,,SPROUTS,,,,,,,NON GMO SOY PROTEIN POWDER VANILLA,,,,,16.00,,,,,OZ,,,Feb 21 2016 1,,,,4.22,,,,,
4,0009746704580,,,,1,,,NATURE'S PLUS,,,,,,,SPIRUTEIN-VANILLA,,,,,1.20,,,,,LB,,,Feb 21 2016 1,,,,4.09,,,,,
5,0009746704581,,,,1,,,NATURE'S PLUS,,,,,,,SPIRUTEIN-VANILLA,,,,,2.40,,,,,LB,,,Feb 21 2016 1,,,,5.25,,,,,
6,0009746704570,,,,1,,,NATURE'S PLUS,,,,,,,SPIRUTEIN-CHOCOLATE,,,,,1.05,,,,,LB,,,Feb 21 2016 1,,,,4.09,,,,,
7,0009746704573,,,,1,,,NATURE'S PLUS,,,,,,,SPIRUTEIN-STRAWBERRY,,,,,1.20,,,,,LB,,,Feb 21 2016 1,,,,4.09,,,,,
8,0069765820201,,,,1,,,MANITOBA HARVEST,,,,,,,PROTEIN-ORG-HEMP-POWDER W FO,,,,,16.00,,,,,OZ,,,Feb 21 2016 1,,,,4.11,,,,,
9,0069765869105,,,,1,,,MANITOBA HARVEST,,,,,,,PROTEIN-ORG-HEMP-POWDER-PRO FIBER,,,,,32.00,,,,,OZ,,,Feb 21 2016 1,,,,7.84,,,,,
10,0069765810108,,,,1,,,MANITOBA HARVEST,,,,,,,HEMP PRO 50,,,,,16.00,,,,,OZ,,,Feb 21 2016 1,,,,4.11,,,,,
,,,,,---------------,,,,,,,,,,,,,,,,,,,,,,,,,,,,,,,,
Totals:,,,,,10,,,,,,,,,,,,,,,,,,,,,,,,,,,,,,,,
"Shelf: 2,   Length: 4' 0.00"",    Height: 0' 9.50"",   Depth: 1' 4.00"",   Product: 3' 11.98""",,,,,,,,,,,,,,,,,,,,,,,,,,,,,,,,,,,,,
1,0085733500422,,,,1,,,ONLY WHAT YOU NEED,,,,,,,PROTEIN-PLANT-SMOOTH VANILLA-TUB,,,,,1.08,,,,,LB,,,,,,,4.96,,,,,
2,0085733500423,,,,1,,,ONLY WHAT YOU NEED,,,,,,,PROTEIN-PLANT-DARK CHOCOLATE-TUB,,,,,1.17,,,,,LB,,,,,,,4.96,,,,,
3,0089098500193,,,,1,,,PLANT FUSION,,,,,,,PLANTFUSION COMPLETE UNFLAVORED,,,,,14.82,,,,,OZ,,,Feb 21 2016 1,,,,4.86,,,,,
4,0089098500190,,,,1,,,PLANT FUSION,,,,,,,PLANTFUSION COMPLETE VANILLA,,,,,15.87,,,,,OZ,,,Feb 21 2016 1,,,,4.86,,,,,
5,0089098500195,,,,1,,,PLANT FUSION,,,,,,,PLANTFUSION COMPLETE VANILLA,,,,,31.75,,,,,OZ,,,Feb 21 2016 1,,,,5.51,,,,,
6,0089098500191,,,,1,,,PLANT FUSION,,,,,,,PLANTFUSION COMPLETE CHOCOLATE,,,,,15.87,,,,,OZ,,,Feb 21 2016 1,,,,4.86,,,,,
7,0089098500196,,,,1,,,PLANT FUSION,,,,,,,PLANTFUSION COMPLETE CHOCOLATE,,,,,31.75,,,,,OZ,,,Feb 21 2016 1,,,,5.51,,,,,
8,0089098500160,,,,1,,,PLANT FUSION,,,,,,,PHOOD EVERYTHING SHAKE-VANILLA,,,,,31.80,,,,,OZ,,,Feb 21 2016 1,,,,5.51,,,,,
9,0089098500161,,,,1,,,PLANT FUSION,,,,,,,PLANTFUSION MEAL CHOC CARAMEL,,,,,31.80,,,,,OZ,,,Feb 21 2016 1,,,,5.51,,,,,
,,,,,---------------,,,,,,,,,,,,,,,,,,,,,,,,,,,,,,,,
Totals:,,,,,9,,,,,,,,,,,,,,,,,,,,,,,,,,,,,,,,
"Shelf: 3,   Length: 4' 0.00"",    Height: 0' 7.50"",   Depth: 1' 4.00"",   Product: 3' 11.96""",,,,,,,,,,,,,,,,,,,,,,,,,,,,,,,,,,,,,
1,0001579401785,,,,1,,,BIOCHEM,,,,,,,PROTEIN-PLANT-POWDER-NATURAL,,,,,12.40,,,,,OZ,,,,,,,4.10,,,,,
2,0001579401791,,,,1,,,BIOCHEM,,,,,,,PROTEIN-PLANT-POWDER-VANILLA,,,,,11.60,,,,,OZ,,,,,,,4.10,,,,,
3,0085046000534,,,,1,,,KULI KULI,,,,,,,POWDER-ORG-GREENS-MORINGA-NATURAL,,,,,7.30,,,,,OZ,,,,,,,6.00,,,,,
4,0085046000533,,,,1,,,KULI KULI,,,,,,,POWDER-ORG-GREENS-MORINGA-VANILLA,,,,,7.60,,,,,OZ,,,,,,,6.00,,,,,
5,0083876600614,,,,1,,,VEGA,,,,,,,VEGA PROTEIN SMOOTHIE VIVA VAN,,,,,9.30,,,,,OZ,,,Feb 21 2016 1,,,,6.50,,,,,
6,0083876600610,,,,1,,,VEGA,,,,,,,VEGA PROTEIN SMOOTHIE CHOC-A-LOT,,,,,9.20,,,,,OZ,,,Feb 21 2016 1,,,,6.50,,,,,
7,0083876600611,,,,1,,,VEGA,,,,,,,VEGA PROTEIN SMOOTHIE BODACIOUS BRY,,,,,9.20,,,,,OZ,,,Feb 21 2016 1,,,,6.50,,,,,
8,0083876600613,,,,1,,,VEGA,,,,,,,VEGA PROTEIN SMOOTHIE TRPCL TANGO,,,,,9.00,,,,,OZ,,,Feb 21 2016 1,,,,6.50,,,,,
Positio,,,,UPC,,Facings,,,,,,Brand,,,,,,Long Description,,,,Size,,,,,UOM,,,,Date,,,Width,,,
"-----------
Totals:",,,"--------------------------------- ------------------------------------------------------------------------------------------------------------------ ------------ -------------------- ---------------
---------------
8",,,,,,,,,,,,,,,,,,,,,,,,,,,,,,,,,,
"Shelf: 4,   Length: 4' 0.00"",    Height: 0' 9.50"",   Depth: 1' 4.00"",   Product: 3' 11.97""",,,,,,,,,,,,,,,,,,,,,,,,,,,,,,,,,,,,,
1,0083876600485,,,,1,,,VEGA,,,,,,,ALL-IN-ONE SHAKE-ORG-COCONUT ALMOND,,,,,12.10,,,,,OZ,,,,,,,4.80,,,,,
2,0083876600477,,,,1,,,VEGA,,,,,,,ALL-IN-ONE SHAKE-ORG-COCONUT ALMND,,,,,24.30,,,,,OZ,,,,,,,5.17,,,,,
3,0083876600489,,,,1,,,VEGA,,,,,,,ALL-IN-ONE SHAKE-ORG-BERRY,,,,,12.10,,,,,OZ,,,,,,,4.80,,,,,
4,0083876600481,,,,1,,,VEGA,,,,,,,ALL-IN-ONE SHAKE-ORG-BERRY,,,,,24.30,,,,,OZ,,,,,,,5.17,,,,,
5,0083876600488,,,,1,,,VEGA,,,,,,,ALL-IN-ONE SHAKE-ORG-CHOCOLATE,,,,,13.20,,,,,OZ,,,,,,,4.80,,,,,
6,0083876600480,,,,1,,,VEGA,,,,,,,ALL-IN-ONE SHAKE-ORG-CHOCOLATE,,,,,25.00,,,,,OZ,,,,,,,5.17,,,,,
7,0083876600641,,,,1,,,VEGA,,,,,,,PROTEIN & GREENS-VANILLA FLAVOR,,,,,21.70,,,,,OZ,,,Feb 21 2016 1,,,,4.82,,,,,
8,0083876600640,,,,1,,,VEGA,,,,,,,PROTEIN & GREENS-CHOCOLATE FLAVOR,,,,,21.80,,,,,OZ,,,Feb 21 2016 1,,,,4.82,,,,,
9,0083876600642,,,,1,,,VEGA,,,,,,,PROTEIN & GREENS-BERRY FLAVOR,,,,,21.50,,,,,OZ,,,Feb 21 2016 1,,,,4.82,,,,,
,,,,,---------------,,,,,,,,,,,,,,,,,,,,,,,,,,,,,,,,
Totals:,,,,,9,,,,,,,,,,,,,,,,,,,,,,,,,,,,,,,,
"Shelf: 5,   Length: 4' 0.00"",    Height: 0' 10.50"",   Depth: 1' 4.00"",   Product: 3' 11.97""",,,,,,,,,,,,,,,,,,,,,,,,,,,,,,,,,,,,,
1,0083876600483,,,,1,,,VEGA,,,,,,,ALL-IN-ONE SHAKE-ORG-PLAIN-UNSWTN,,,,,13.50,,,,,OZ,,,,,,,4.80,,,,,
2,0083876600475,,,,1,,,VEGA,,,,,,,ALL-IN-ONE SHAKE-ORG-PLAIN-UNSWTND,,,,,26.90,,,,,OZ,,,,,,,5.17,,,,,
3,0083876600484,,,,1,,,VEGA,,,,,,,ALL-IN-ONE SHAKE-ORG-FRENCH VANILLA,,,,,12.20,,,,,OZ,,,,,,,4.80,,,,,
4,0083876600476,,,,2,,,VEGA,,,,,,,ALL-IN-ONE SHAKE-ORG-FRENCH VANILLA,,,,,24.30,,,,,OZ,,,,,,,5.17,,,,,
5,0083876600486,,,,1,,,VEGA,,,,,,,ALL-IN-ONE SHAKE-ORG-MOCHA,,,,,12.70,,,,,OZ,,,,,,,4.80,,,,,
6,0083876600855,,,,1,,,VEGA,,,,,,,VEGA SPORT PROTEIN-TUB-VANILLA,,,,,29.20,,,,,OZ,,,May 15 2016 1,,,,5.00,,,,,
7,0083876600856,,,,1,,,VEGA,,,,,,,VEGA SPORT PROTEIN-TUB-CHOCOLATE,,,,,29.50,,,,,OZ,,,May 15 2016 1,,,,5.00,,,,,
8,0083876600857,,,,1,,,VEGA,,,,,,,VEGA SPORT PROTEIN-TUB-MOCHA,,,,,28.60,,,,,OZ,,,May 15 2016 1,,,,5.00,,,,,
,,,,,---------------,,,,,,,,,,,,,,,,,,,,,,,,,,,,,,,,
Totals:,,,,,9,,,,,,,,,,,,,,,,,,,,,,,,,,,,,,,,
"Shelf: 6,   Length: 4' 0.00"",    Height: 0' 9.50"",   Depth: 1' 4.00"",   Product: 3' 11.92""",,,,,,,,,,,,,,,,,,,,,,,,,,,,,,,,,,,,,
1,0082983500459,,,,1,,,AMAZING GRASS,,,,,,,PROTEIN SUPERFOOD-ORIGINAL,,,,,12.20,,,,,OZ,,,Apr 10 2016 1,,,,4.50,,,,,
2,0082983500463,,,,1,,,AMAZING GRASS,,,,,,,PROTEIN SUPERFOOD-VANILLA,,,,,12.00,,,,,OZ,,,Apr 10 2016 1,,,,4.50,,,,,
3,0082983500574,,,,1,,,AMAZING GRASS,,,,,,,PROTEIN-SPRFOOD-ORG-VANILLA-20 SERVE,,,,,21.90,,,,,OZ,,,,,,,4.98,,,,,
4,0082983500601,,,,1,,,AMAZING GRASS,,,,,,,PROTEIN SUPERFOOD-ORG-RICH CHOCOLATE,,,,,12.70,,,,,OZ,,,,,,,4.50,,,,,
5,0082983500467,,,,1,,,AMAZING GRASS,,,,,,,PROTEIN SUPERFOOD- CHOC PEANT BTTR,,,,,15.10,,,,,OZ,,,Mar 27 2016 1,,,,4.50,,,,,
6,0082983500575,,,,1,,,AMAZING GRASS,,,,,,,PROTEIN-SPRFOOD-ORG-CHOCO PNUT BUTTR,,,,,27.30,,,,,OZ,,,,,,,4.98,,,,,
7,0082983500639,,,,1,,,AMAZING GRASS,,,,,,,PROTEIN & KALE-ORG-SIMPLY VANILLA,,,,,17.50,,,,,OZ,,,,,,,4.85,,,,,
8,0082983500632,,,,1,,,AMAZING GRASS,,,,,,,PROTEIN & KALE-ORG-SMOOTH CHOCOLATE,,,,,19.60,,,,,OZ,,,,,,,4.85,,,,,
9,0082983500420,,,,1,,,AMAZING GRASS,,,,,,,AMAZING SPORT-PURE VANILLA-ORG,,,,,10.20,,,,,OZ,,,May 15 2016 1,,,,6.75,,,,,
Positio,,,,UPC,,Facings,,,,,,Brand,,,,,,Long Description,,,,Size,,,,,UOM,,,,Date,,,Width,,,
"-----------
Totals:",,,"--------------------------------- ------------------------------------------------------------------------------------------------------------------ ------------ -------------------- ---------------
---------------
9",,,,,,,,,,,,,,,,,,,,,,,,,,,,,,,,,,
"Shelf: 7,   Length: 4' 0.00"",    Height: 1' 0.00"",   Depth: 1' 4.00"",   Product: 4' 0.00""",,,,,,,,,,,,,,,,,,,,,,,,,,,,,,,,,,,,,
1,0060949272231,,,,1,,,MRM,,,,,,,VEGGIE PROTEIN VANILLA GLUTEN FREE,,,,,20.10,,,,,OZ,,,Feb 21 2016 1,,,,5.00,,,,,
2,0060949272230,,,,1,,,MRM,,,,,,,VEGGIE PROTEIN CHOCOLATE GLUTEN FREE,,,,,20.10,,,,,OZ,,,Feb 21 2016 1,,,,5.00,,,,,
3,0060949272044,,,,1,,,MRM,,,,,,,VEGGIE MEAL-VANILLA BEAN,,,,,3.00,,,,,LB,,,Feb 21 2016 1,,,,6.00,,,,,
4,0060949272043,,,,1,,,MRM,,,,,,,VEGGIE MEAL-CHOCOLATE MOCHA,,,,,3.00,,,,,LB,,,Feb 21 2016 1,,,,6.00,,,,,
5,0085831000406,,,,1,,,GROUND BASED NUTRITION,,,,,,,SUPERFOOD PROTEIN NATURAL,,,,,13.20,,,,,OZ,,,,,,,7.26,,,,,
6,0085831000400,,,,1,,,GROUND BASED NUTRITION,,,,,,,SUPERFOOD PROTEIN VANILLA,,,,,1.00,,,,,LB,,,Feb 21 2016 1,,,,7.26,,,,,
7,0085831000401,,,,1,,,GROUND BASED NUTRITION,,,,,,,SUPERFOOD PROTEIN CHOCOLATE,,,,,1.10,,,,,LB,,,Feb 21 2016 1,,,,7.26,,,,,
8,0085177000603,,,,1,,,ORGAIN,,,,,,,PROTEIN-ORG-PLANT BASED-UNSWT,,,,,720.00,,,,,GM,,,,,,,5.58,,,,,
,,,,,---------------,,,,,,,,,,,,,,,,,,,,,,,,,,,,,,,,
Totals:,,,,,8,,,,,,,,,,,,,,,,,,,,,,,,,,,,,,,,
"Shelf: 8,   Length: 4' 0.00"",    Height: 0' 9.50"",   Depth: 1' 4.00"",   Product: 3' 11.99""",,,,,,,,,,,,,,,,,,,,,,,,,,,,,,,,,,,,,
1,0069765869003,,,,1,,,MANITOBA HARVEST,,,,,,,PROTEIN-HEMP-POWDER-PRO 70,,,,,16.00,,,,,OZ,,,Feb 21 2016 1,,,,4.11,,,,,
2,0069765869158,,,,1,,,MANITOBA HARVEST,,,,,,,PROTEIN-ORG-PLANT-HEMP-UNSWTND,,,,,16.00,,,,,OZ,,,,,,,4.80,,,,,
3,0069765869157,,,,1,,,MANITOBA HARVEST,,,,,,,PROTEIN-ORG-PLANT-HEMP-VANILLA,,,,,16.00,,,,,OZ,,,,,,,4.80,,,,,
4,0079001121027,,,,1,,,JARROW FORMULAS,,,,,,,BROWN RICE PROTEIN-VANILLA,,,,,17.80,,,,,OZ,,,Feb 21 2016 1,,,,4.75,,,,,
5,0081521101018,,,,1,,,GROWING NATURALS,,,,,,,RICE PROTEIN-ORG,,,,,16.20,,,,,OZ,,,Feb 21 2016 1,,,,5.00,,,,,
6,0081521101019,,,,1,,,GROWING NATURALS,,,,,,,ORG BROWN RICE PROTEIN-VANILLA,,,,,16.40,,,,,OZ,,,Feb 21 2016 1,,,,5.00,,,,,
7,0081521101001,,,,1,,,GROWING NATURALS,,,,,,,BROWN RICE PROTEIN-VANILLA BLAST-ORG,,,,,32.80,,,,,OZ,,,Feb 21 2016 1,,,,5.25,,,,,
8,0018286300139,,,,1,,,NUTRASUMMA,,,,,,,PLANT PROTEIN-VANILLA-MUSHROOM,,,,,19.00,,,,,OZ,,,,,,,7.75,,,,,
9,0018286300127,,,,1,,,NUTRASUMMA,,,,,,,PROTEIN-PLANT BASED-SPORT-VANILLA,,,,,20.11,,,,,OZ,,,,,,,7.70,,,,,
,,,,,---------------,,,,,,,,,,,,,,,,,,,,,,,,,,,,,,,,
Totals:,,,,,9,,,,,,,,,,,,,,,,,,,,,,,,,,,,,,,,
"Shelf: 9,   Length: 4' 0.00"",    Height: 0' 8.50"",   Depth: 1' 4.00"",   Product: 3' 11.95""",,,,,,,,,,,,,,,,,,,,,,,,,,,,,,,,,,,,,
1,0079001121816,,,,1,,,JARROW FORMULAS,,,,,,,OPTIMAL PLANT PROTEINS,,,,,19.00,,,,,OZ,,,Feb 21 2016 1,,,,4.60,,,,,
2,0062477700914,,,,1,,,GENUINE HEALTH,,,,,,,PROTEIN-FERMENTED-VEGAN-VANILLA,,,,,21.16,,,,,OZ,,,,,,,4.72,,,,,
3,0062477700915,,,,1,,,GENUINE HEALTH,,,,,,,PROTEIN-FERMENTED-VEGAN-CHOCO,,,,,21.70,,,,,OZ,,,,,,,4.72,,,,,
4,0081478402420,,,,1,,,SUNWARRIOR,,,,,,,PROTEIN-ORG-PLUS-VANILLA,,,,,13.20,,,,,OZ,,,Apr 10 2016 1,,,,4.73,,,,,
5,0081478402416,,,,1,,,SUNWARRIOR,,,,,,,PROTEIN-ORG-PLUS-CHOCOLATE,,,,,13.20,,,,,OZ,,,Apr 10 2016 1,,,,4.73,,,,,
6,0081478402428,,,,1,,,SUNWARRIOR,,,,,,,PROTEIN-ORG-NATURAL-WARRIOR BLEND,,,,,13.20,,,,,OZ,,,Feb 21 2016 1,,,,4.75,,,,,
7,0081478402430,,,,1,,,SUNWARRIOR,,,,,,,PROTEIN-ORG-VANILLA-WARRIOR BLEND,,,,,13.20,,,,,OZ,,,Feb 21 2016 1,,,,4.75,,,,,
8,0081478402431,,,,1,,,SUNWARRIOR,,,,,,,PROTEIN-ORG-VANILLA-WARRIOR BLEND,,,,,1.65,,,,,LB,,,Feb 21 2016 1,,,,4.75,,,,,
9,0081478402424,,,,1,,,SUNWARRIOR,,,,,,,PROTEIN-ORG-CHOCOLATE-WARRIOR BLEND,,,,,13.20,,,,,OZ,,,Feb 21 2016 1,,,,4.75,,,,,
Positio,,,,UPC,,Facings,,,,,,Brand,,,,,,Long Description,,,,Size,,,,,UOM,,,,Date,,,Width,,,
-----------   --------------------------------- ------------------------------------------------------------------------------------------------------------------ ------------ -------------------- ---------------,,,,,,,,,,,,,,,,,,,,,,,,,,,,,,,,,,,,,
"10
Totals:",,,0081478402425,,,,"1
--------------- 10",,,,SUNWARRIOR,,,,,PROTEIN-ORG-CHOCOLATE-WARRIOR BLEND,,,,,,,1.65             LB,,,,,,,Feb 21 2016 1,,,,,4.75,,
"Shelf: 10,   Length: 4' 0.00"",    Height: 0' 8.50"",   Depth: 1' 4.00"",   Product: 3' 11.94""",,,,,,,,,,,,,,,,,,,,,,,,,,,,,,,,,,,,,
1,0065801011863,,,,1,,,GARDEN OF LIFE,,,,,,,PLANT PROTEIN-NATURAL-ORGANIC,,,,,8.00,,,,,OZ,,,Feb 21 2016 1,,,,6.50,,,,,
2,0065801011802,,,,1,,,GARDEN OF LIFE,,,,,,,PLANT PROTEIN-ORG-SMOOTH VANILLA,,,,,9.00,,,,,OZ,,,Feb 21 2016 1,,,,6.50,,,,,
3,0065801011803,,,,1,,,GARDEN OF LIFE,,,,,,,PLANT PROTEIN-ORG-SMOOTH CHOCOLATE,,,,,10.00,,,,,OZ,,,Feb 21 2016 1,,,,6.50,,,,,
4,0065801011868,,,,1,,,GARDEN OF LIFE,,,,,,,RAW PROTEIN & GREENS-LIGHTLY SWT-ORG,,,,,23.00,,,,,OZ,,,Feb 21 2016 1,,,,4.82,,,,,
5,0065801011870,,,,1,,,GARDEN OF LIFE,,,,,,,RAW PROTEIN & GREENS-VANILLA-ORG,,,,,19.30,,,,,OZ,,,Feb 21 2016 1,,,,4.82,,,,,
6,0065801011872,,,,1,,,GARDEN OF LIFE,,,,,,,RAW PROTEIN & GREENS-CHOCOLATE-ORG,,,,,21.60,,,,,OZ,,,Feb 21 2016 1,,,,4.82,,,,,
7,0065801011672,,,,1,,,GARDEN OF LIFE,,,,,,,RAW FIT,,,,,14.00,,,,,OZ,,,Feb 21 2016 1,,,,4.88,,,,,
8,0065801011741,,,,1,,,GARDEN OF LIFE,,,,,,,PROTEIN-RAW FIT-VANILLA-ORGANIC,,,,,14.80,,,,,OZ,,,Feb 21 2016 1,,,,5.00,,,,,
9,0065801011742,,,,1,,,GARDEN OF LIFE,,,,,,,PROTEIN-RAW FIT-CHOCOLATE-ORGANIC,,,,,15.80,,,,,OZ,,,Feb 21 2016 1,,,,5.00,,,,,
,,,,,---------------,,,,,,,,,,,,,,,,,,,,,,,,,,,,,,,,
Totals:,,,,,9,,,,,,,,,,,,,,,,,,,,,,,,,,,,,,,,
"Shelf: 11,   Length: 4' 0.00"",    Height: 0' 9.50"",   Depth: 1' 4.00"",   Product: 3' 11.94""",,,,,,,,,,,,,,,,,,,,,,,,,,,,,,,,,,,,,
1,0065801011696,,,,1,,,GARDEN OF LIFE,,,,,,,RAW MEAL,,,,,16.00,,,,,OZ,,,Feb 21 2016 1,,,,4.78,,,,,
2,0065801011414,,,,1,,,GARDEN OF LIFE,,,,,,,RAW MEAL,,,,,32.00,,,,,OZ,,,Feb 21 2016 1,,,,5.17,,,,,
3,0065801011693,,,,1,,,GARDEN OF LIFE,,,,,,,RAW MEAL VANILLA,,,,,16.75,,,,,OZ,,,Feb 21 2016 1,,,,4.78,,,,,
4,0065801011602,,,,2,,,GARDEN OF LIFE,,,,,,,RAW MEAL-VANILLA,,,,,34.20,,,,,OZ,,,Feb 21 2016 1,,,,5.17,,,,,
5,0065801011695,,,,1,,,GARDEN OF LIFE,,,,,,,RAW MEAL CHOCOLATE,,,,,17.39,,,,,OZ,,,Feb 21 2016 1,,,,4.78,,,,,
6,0065801011593,,,,1,,,GARDEN OF LIFE,,,,,,,RAW MEAL-CHOCOLATE CACAO,,,,,34.78,,,,,OZ,,,Feb 21 2016 1,,,,5.17,,,,,
7,0065801011694,,,,1,,,GARDEN OF LIFE,,,,,,,RAW MEAL VANILLA SPICED CHAI,,,,,15.00,,,,,OZ,,,Feb 21 2016 1,,,,4.78,,,,,
8,0065801011604,,,,1,,,GARDEN OF LIFE,,,,,,,RAW MEAL VANILLA SPICED CHAI,,,,,32.00,,,,,OZ,,,Feb 21 2016 1,,,,5.17,,,,,
,,,,,---------------,,,,,,,,,,,,,,,,,,,,,,,,,,,,,,,,
Totals:,,,,,9,,,,,,,,,,,,,,,,,,,,,,,,,,,,,,,,
"Shelf: 12,   Length: 4' 0.00"",    Height: 0' 9.50"",   Depth: 1' 4.00"",   Product: 3' 11.94""",,,,,,,,,,,,,,,,,,,,,,,,,,,,,,,,,,,,,
1,0065801011943,,,,1,,,GARDEN OF LIFE,,,,,,,PROTEIN-ORG-SPORT-VANILLA,,,,,28.40,,,,,OZ,,,,,,,5.55,,,,,
2,0065801011941,,,,1,,,GARDEN OF LIFE,,,,,,,PROTEIN-ORG-SPORT- CHOCOLATE,,,,,29.60,,,,,OZ,,,,,,,5.55,,,,,
3,0065801012066,,,,1,,,GARDEN OF LIFE,,,,,,,PROTEIN-SPORT-REFUEL-STRAWBRRY,,,,,27.70,,,,,OZ,,,,,,,5.55,,,,,
4,0065801011415,,,,1,,,GARDEN OF LIFE,,,,,,,RAW PROTEIN POWDER-ORG,,,,,19.75,,,,,OZ,,,Feb 21 2016 1,,,,4.81,,,,,
5,0065801011603,,,,2,,,GARDEN OF LIFE,,,,,,,RAW PROTEIN POWDER-ORG VANILLA,,,,,22.00,,,,,OZ,,,Feb 21 2016 1,,,,4.81,,,,,
6,0065801011594,,,,2,,,GARDEN OF LIFE,,,,,,,RAW PROTEIN POWDER-ORG CHOCOLATE,,,,,23.40,,,,,OZ,,,Feb 21 2016 1,,,,4.81,,,,,
7,0065801011606,,,,1,,,GARDEN OF LIFE,,,,,,,RAW PROTEIN PWDR-ORG VAN SPC CHAI,,,,,20.50,,,,,OZ,,,Feb 21 2016 1,,,,4.81,,,,,
,,,,,---------------,,,,,,,,,,,,,,,,,,,,,,,,,,,,,,,,
Positio,,,,UPC,,Facings,,,,,,Brand,,,,,,Long Description,,,,Size,,,,,UOM,,,,Date,,,Width,,,
"-----------
Totals:",,,"--------------------------------- ------------------------------------------------------------------------------------------------------------------ ------------ -------------------- ---------------
9",,,,,,,,,,,,,,,,,,,,,,,,,,,,,,,,,,
"Shelf: 13,   Length: 4' 0.00"",    Height: 0' 9.50"",   Depth: 1' 4.00"",   Product: 3' 11.92""",,,,,,,,,,,,,,,,,,,,,,,,,,,,,,,,,,,,,
1,0064667068154,,,,1,,,SPROUTS,,,,,,,PROTEIN-VEGAN-VANILLA-SINGLE,,,,,1.13,,,,,OZ,,,Feb 21 2016 1,,,,4.90,,,,,
2,0064667068153,,,,1,,,SPROUTS,,,,,,,PROTEIN-VEGAN-VANILLA-CS,,,,,11.29,,,,,OZ,,,Feb 21 2016 1,,,,5.05,,,,,
3,0064667068152,,,,2,,,SPROUTS,,,,,,,PROTEIN-VEGAN-VANILLA,,,,,16.90,,,,,OZ,,,Feb 21 2016 1,,,,4.95,,,,,
4,0064667068147,,,,2,,,SPROUTS,,,,,,,PROTEIN-VEGAN-VANILLA,,,,,2.10,,,,,LB,,,Feb 21 2016 1,,,,5.38,,,,,
5,0064667068157,,,,1,,,SPROUTS,,,,,,,PROTEIN-VEGAN-CHOCOLATE-SINGLE,,,,,1.18,,,,,OZ,,,Feb 21 2016 1,,,,4.90,,,,,
6,0064667068156,,,,1,,,SPROUTS,,,,,,,PROTEIN-VEGAN-CHOCOLATE-CS,,,,,11.82,,,,,OZ,,,Feb 21 2016 1,,,,5.05,,,,,
7,0064667068155,,,,1,,,SPROUTS,,,,,,,PROTEIN-VEGAN-CHOCOLATE,,,,,17.70,,,,,OZ,,,Feb 21 2016 1,,,,4.95,,,,,
8,0064667068146,,,,2,,,SPROUTS,,,,,,,PROTEIN-VEGAN-CHOCOLATE,,,,,2.20,,,,,LB,,,Feb 21 2016 1,,,,5.38,,,,,
,,,,,---------------,,,,,,,,,,,,,,,,,,,,,,,,,,,,,,,,
Totals:,,,,,11,,,,,,,,,,,,,,,,,,,,,,,,,,,,,,,,
"Shelf: 14,   Length: 4' 0.00"",    Height: 1' 0.00"",   Depth: 1' 4.00"",   Product: 4' 0.00""",,,,,,,,,,,,,,,,,,,,,,,,,,,,,,,,,,,,,
1,0085177000325,,,,1,,,ORGAIN,,,,,,,PROTEIN-ORG-POWDER-VANILLA BEAN,,,,,2.03,,,,,LB,,,Feb 21 2016 1,,,,5.58,,,,,
2,0085177000317,,,,1,,,ORGAIN,,,,,,,PROTEIN-POWDER-CREAMY CHOCO FUDGE,,,,,2.03,,,,,LB,,,Feb 21 2016 1,,,,5.58,,,,,
3,0085177000662,,,,1,,,ORGAIN,,,,,,,PROTEIN-POWDER-ORG-PLANT BASED-PB,,,,,920.00,,,,,GM,,,,,,,5.58,,,,,
4,0085177000602,,,,1,,,ORGAIN,,,,,,,PROTEIN-ORG-POWDER-PLNT BSD-CHOCO PB,,,,,2.03,,,,,LB,,,,,,,5.58,,,,,
5,0085177000337,,,,1,,,ORGAIN,,,,,,,NUTRITIONAL-ORG-POWDER-VANILLA BEAN,,,,,912.00,,,,,GM,,,,,,,5.58,,,,,
6,0085177000336,,,,1,,,ORGAIN,,,,,,,NUTRITIONAL-ORG-POWDER-CHOCO,,,,,912.00,,,,,GM,,,,,,,5.58,,,,,
7,0089624526892,,,,1,,,GENCEUTIC NATURALS,,,,,,,REAL MEAL-PLANT HEAD-VANILLA,,,,,2.30,,,,,LB,,,Feb 21 2016 1,,,,5.58,,,,,
8,0089624526887,,,,1,,,GENCEUTIC NATURALS,,,,,,,REAL MEAL-PLANT HEAD-CHOCOLATE,,,,,2.30,,,,,LB,,,Feb 21 2016 1,,,,5.58,,,,,
,,,,,---------------,,,,,,,,,,,,,,,,,,,,,,,,,,,,,,,,
Totals:,,,,,8,,,,,,,,,,,,,,,,,,,,,,,,,,,,,,,,
"Shelf: 15,   Length: 4' 0.00"",    Height: 0' 10.50"",   Depth: 1' 4.00"",   Product: 3' 11.97""",,,,,,,,,,,,,,,,,,,,,,,,,,,,,,,,,,,,,
1,0018286300126,,,,1,,,NUTRASUMMA,,,,,,,PEA PROTEIN-UNFLAVORED,,,,,18.09,,,,,OZ,,,Feb 21 2016 1,,,,7.75,,,,,
2,0018286300140,,,,1,,,NUTRASUMMA,,,,,,,PEA PROTEIN FRMNTED-UNFLVRD ECO BOTT,,,,,34.37,,,,,OZ,,,,,,,6.62,,,,,
3,0018286300141,,,,1,,,NUTRASUMMA,,,,,,,PEA PROTEIN FRMNTED-VNILLA ECO BOTTL,,,,,32.94,,,,,OZ,,,,,,,6.62,,,,,
4,0018286300142,,,,1,,,NUTRASUMMA,,,,,,,PEA PROTEIN FRMNTED-CHCLT ECO BOTTLE,,,,,34.57,,,,,OZ,,,,,,,6.62,,,,,
5,0060390700462,,,,1,,,JAY ROBB,,,,,,,EGG PROTEIN-VANILLA,,,,,24.00,,,,,OZ,,,Feb 21 2016 1,,,,8.50,,,,,
6,0060390700472,,,,1,,,JAY ROBB,,,,,,,EGG PROTEIN-CHOCOLATE,,,,,24.00,,,,,OZ,,,Feb 21 2016 1,,,,8.50,,,,,
,,,,,---------------,,,,,,,,,,,,,,,,,,,,,,,,,,,,,,,,
Totals:,,,,,6,,,,,,,,,,,,,,,,,,,,,,,,,,,,,,,,
"Shelf: 16,   Length: 4' 0.00"",    Height: 0' 8.50"",   Depth: 1' 4.00"",   Product: 4' 0.00""",,,,,,,,,,,,,,,,,,,,,,,,,,,,,,,,,,,,,
1                       0060390700400                1,,,,,,,,,,JAY ROBB,,,,,WHEY PROTEIN-VANILLA,,,,12.00            OZ,,,,,,,,,,,Feb 21 2016 1,,,,,7.00,,
Positio,,,,UPC,,Facings,,,,,,Brand,,,,,,Long Description,,,,Size,,,,,UOM,,,,Date,,,Width,,,
-----------   --------------------------------- ------------------------------------------------------------------------------------------------------------------ ------------ -------------------- ---------------,,,,,,,,,,,,,,,,,,,,,,,,,,,,,,,,,,,,,
2,0060390700402,,,,1,,,JAY ROBB,,,,,,,WHEY PROTEIN-VANILLA,,,,,24.00,,,,,OZ,,,Feb 21 2016 1,,,,8.50,,,,,
3,0060390700410,,,,1,,,JAY ROBB,,,,,,,WHEY PROTEIN-CHOCOLATE,,,,,12.00,,,,,OZ,,,Feb 21 2016 1,,,,7.00,,,,,
4,0060390700412,,,,1,,,JAY ROBB,,,,,,,WHEY PROTEIN-CHOCOLATE,,,,,24.00,,,,,OZ,,,Feb 21 2016 1,,,,8.50,,,,,
5,0060390700422,,,,1,,,JAY ROBB,,,,,,,WHEY PROTEIN-STRAWBERRY,,,,,24.00,,,,,OZ,,,Feb 21 2016 1,,,,8.50,,,,,
6,0060949272071,,,,1,,,MRM,,,,,,,EGG WHITE PROTEIN-VANILLA,,,,,12.00,,,,,OZ,,,Feb 21 2016 1,,,,4.95,,,,,
7,0060949272070,,,,1,,,MRM,,,,,,,EGG WHITE PROTEIN-CHOCOLATE,,,,,12.00,,,,,OZ,,,Feb 21 2016 1,,,,4.95,,,,,
,,,,,---------------,,,,,,,,,,,,,,,,,,,,,,,,,,,,,,,,
Totals:,,,,,7,,,,,,,,,,,,,,,,,,,,,,,,,,,,,,,,
"Shelf: 17,   Length: 4' 0.00"",    Height: 0' 7.50"",   Depth: 1' 4.00"",   Product: 3' 11.91""",,,,,,,,,,,,,,,,,,,,,,,,,,,,,,,,,,,,,
1,0001579401840,,,,1,,,BIOCHEM,,,,,,,WHEY PROTEIN-NATURAL,,,,,12.30,,,,,OZ,,,Feb 21 2016 1,,,,4.10,,,,,
2,0001579401841,,,,1,,,BIOCHEM,,,,,,,WHEY PROTEIN-NATURAL,,,,,24.60,,,,,OZ,,,Feb 21 2016 1,,,,6.27,,,,,
3,0001579402010,,,,1,,,BIOCHEM,,,,,,,WHEY PROTEIN-VANILLA,,,,,14.90,,,,,OZ,,,Feb 21 2016 1,,,,4.10,,,,,
4,0001579402011,,,,1,,,BIOCHEM,,,,,,,WHEY PROTEIN-VANILLA,,,,,29.90,,,,,OZ,,,Feb 21 2016 1,,,,6.27,,,,,
5,0001579402000,,,,1,,,BIOCHEM,,,,,,,WHEY PROTEIN-CHOCOLATE,,,,,15.40,,,,,OZ,,,Feb 21 2016 1,,,,4.10,,,,,
6,0001579402002,,,,1,,,BIOCHEM,,,,,,,WHEY PROTEIN-CHOCOLATE,,,,,30.90,,,,,OZ,,,Feb 21 2016 1,,,,6.27,,,,,
7,0001579402076,,,,1,,,BIOCHEM,,,,,,,100% WHEY PROTEIN-SUGAR FREE-VANILLA,,,,,11.80,,,,,OZ,,,Feb 21 2016 1,,,,4.10,,,,,
8,0001579402073,,,,1,,,BIOCHEM,,,,,,,100% WHEY PROTEIN-SUGAR FREE-CHCLTE,,,,,12.50,,,,,OZ,,,Feb 21 2016 1,,,,4.10,,,,,
9,0001579402081,,,,1,,,BIOCHEM,,,,,,,WHEY PROTEIN-SUGAR FREE COCONUT,,,,,11.20,,,,,OZ,,,Feb 21 2016 1,,,,4.10,,,,,
10,0001579402086,,,,1,,,BIOCHEM,,,,,,,WHEY PROTEIN-MATCHA GREEN TEA,,,,,10.50,,,,,OZ,,,,,,,4.10,,,,,
,,,,,---------------,,,,,,,,,,,,,,,,,,,,,,,,,,,,,,,,
Totals:,,,,,10,,,,,,,,,,,,,,,,,,,,,,,,,,,,,,,,
"Shelf: 18,   Length: 4' 0.00"",    Height: 0' 10.50"",   Depth: 1' 4.00"",   Product: 3' 11.99""",,,,,,,,,,,,,,,,,,,,,,,,,,,,,,,,,,,,,
1,0065801012126,,,,1,,,GARDEN OF LIFE,,,,,,,PROTEIN-ORG-WHEY-VANILLA-GRASS FED,,,,,13.37,,,,,OZ,,,,,,,4.24,,,,,
2,0065801012122,,,,1,,,GARDEN OF LIFE,,,,,,,PROTEIN-ORG-WHEY-CHOCOLATE-GRASS FD,,,,,14.03,,,,,OZ,,,,,,,4.24,,,,,
3,0065801012124,,,,1,,,GARDEN OF LIFE,,,,,,,PROTEIN-ORG-WHEY-CHOCO PNUT BUTTER,,,,,13.84,,,,,OZ,,,,,,,4.24,,,,,
4,0065801012063,,,,1,,,GARDEN OF LIFE,,,,,,,WHEY-SPORT-REFUEL-VANILLA,,,,,23.00,,,,,OZ,,,,,,,5.18,,,,,
5,0065801012062,,,,1,,,GARDEN OF LIFE,,,,,,,WHEY-SPORT-REFUEL-CHOCOLATE,,,,,23.70,,,,,OZ,,,,,,,5.18,,,,,
6,0085177000614,,,,1,,,ORGAIN,,,,,,,PROTEIN-POWDER-WHEY-VANILLA BEAN,,,,,1.82,,,,,LB,,,,,,,5.58,,,,,
7,0085177000615,,,,1,,,ORGAIN,,,,,,,PROTEIN-POWDER-WHEY-CRMY CHOCO FUDG,,,,,1.82,,,,,LB,,,,,,,5.58,,,,,
8,0074371501564,,,,1,,,BLUEBONNET,,,,,,,WHEY PROTEIN ISOLATE-FRENCH VANILLA,,,,,16.00,,,,,OZ,,,Feb 21 2016 1,,,,5.12,,,,,
9,0074371501568,,,,1,,,BLUEBONNET,,,,,,,WHEY PROTEIN ISOLATE-CHOCOLATE,,,,,16.00,,,,,OZ,,,Feb 21 2016 1,,,,5.12,,,,,
,,,,,---------------,,,,,,,,,,,,,,,,,,,,,,,,,,,,,,,,
Totals:,,,,,9,,,,,,,,,,,,,,,,,,,,,,,,,,,,,,,,
"Shelf: 19,   Length: 4' 0.00"",    Height: 0' 7.50"",   Depth: 1' 4.00"",   Product: 3' 11.91""",,,,,,,,,,,,,,,,,,,,,,,,,,,,,,,,,,,,,
1                       0064667068149                1,,,,,,,,,,SPROUTS,,,,,PROTEIN-WHEY-NATURAL FLAVOR-ORGANIC,,,,,,,12.60            OZ,,,,,,,,Feb 21 2016 1,,,,,4.22,,
Positio,,,,UPC,,Facings,,,,,,Brand,,,,,,Long Description,,,,Size,,,,,UOM,,,,Date,,,Width,,,
-----------   --------------------------------- ------------------------------------------------------------------------------------------------------------------ ------------ -------------------- ---------------,,,,,,,,,,,,,,,,,,,,,,,,,,,,,,,,,,,,,
2,0079001121048,,,,1,,,JARROW FORMULAS,,,,,,,WHEY PROTEIN-VANILLA,,,,,13.00,,,,,OZ,,,Feb 21 2016 1,,,,4.15,,,,,
3,0079001121049,,,,1,,,JARROW FORMULAS,,,,,,,WHEY PROTEIN-CHOCOLATE,,,,,13.80,,,,,OZ,,,Feb 21 2016 1,,,,4.15,,,,,
4,0085062800258,,,,1,,,TERA'S WHEY,,,,,,,ORG WHEY PROTEIN-GRASS FED-PLAIN,,,,,12.00,,,,,OZ,,,Feb 21 2016 1,,,,4.11,,,,,
5,0085062800254,,,,1,,,TERA'S WHEY,,,,,,,ORG WHEY PROTEIN-BOURBON VANILLA,,,,,12.00,,,,,OZ,,,Feb 21 2016 1,,,,4.11,,,,,
6,0085062800230,,,,1,,,TERA'S WHEY,,,,,,,ORG WHEY PROTEIN-DARK CHOCOLATE,,,,,12.00,,,,,OZ,,,Feb 21 2016 1,,,,4.11,,,,,
7,0085062800203,,,,1,,,TERA'S WHEY,,,,,,,WHEY PROTEIN-RBGH FREE-PLAIN UNSWT,,,,,12.00,,,,,OZ,,,Feb 21 2016 1,,,,4.11,,,,,
8,0085062800219,,,,1,,,TERA'S WHEY,,,,,,,WHEY PROTEIN-RBGH FREE-BOURBON VAN,,,,,12.00,,,,,OZ,,,Feb 21 2016 1,,,,4.11,,,,,
9,0085062800294,,,,1,,,TERA'S WHEY,,,,,,,WHEY PROTEIN-BOURBON VANILLA,,,,,24.00,,,,,OZ,,,Feb 21 2016 1,,,,5.19,,,,,
10,0085062800218,,,,1,,,TERA'S WHEY,,,,,,,WHEY PROTEIN-RBGH FREE-DRK CHOCOLATE,,,,,12.00,,,,,OZ,,,Feb 21 2016 1,,,,4.11,,,,,
11,0085062800205,,,,1,,,TERA'S WHEY,,,,,,,GOAT WHEY PROTEIN-VANILLA HONEY,,,,,12.00,,,,,OZ,,,Feb 21 2016 1,,,,4.11,,,,,
,,,,,---------------,,,,,,,,,,,,,,,,,,,,,,,,,,,,,,,,
Totals:,,,,,11,,,,,,,,,,,,,,,,,,,,,,,,,,,,,,,,
"Shelf: 20,   Length: 4' 0.00"",    Height: 0' 10.50"",   Depth: 1' 4.00"",   Product: 4' 0.00""",,,,,,,,,,,,,,,,,,,,,,,,,,,,,,,,,,,,,
1,0064667068140,,,,1,,,SPROUTS,,,,,,,WHEY PROTEIN-VANILLA-SINGLE,,,,,0.86,,,,,OZ,,,Feb 21 2016 1,,,,4.90,,,,,
2,0064667068141,,,,1,,,SPROUTS,,,,,,,WHEY PROTEIN-VANILLA-10 PK,,,,,8.57,,,,,OZ,,,Feb 21 2016 1,,,,5.05,,,,,
3,0064667068118,,,,1,,,SPROUTS,,,,,,,WHEY PROTEIN VANILLA,,,,,16.00,,,,,OZ,,,Feb 21 2016 1,,,,4.95,,,,,
4,0064667068124,,,,1,,,SPROUTS,,,,,,,WHEY PROTEIN VANILLA,,,,,32.00,,,,,OZ,,,Feb 21 2016 1,,,,5.51,,,,,
5,0064667068142,,,,1,,,SPROUTS,,,,,,,WHEY PROTEIN-CHOCOLATE-SINGLE,,,,,0.90,,,,,OZ,,,Feb 21 2016 1,,,,4.90,,,,,
6,0064667068143,,,,1,,,SPROUTS,,,,,,,WHEY PROTEIN-CHOCOLATE-10 PK,,,,,8.99,,,,,OZ,,,Feb 21 2016 1,,,,5.05,,,,,
7,0064667068120,,,,1,,,SPROUTS,,,,,,,WHEY PROTEIN CHOCOLATE,,,,,16.00,,,,,OZ,,,Feb 21 2016 1,,,,4.95,,,,,
8,0064667068126,,,,1,,,SPROUTS,,,,,,,WHEY PROTEIN CHOCOLATE,,,,,32.00,,,,,OZ,,,Feb 21 2016 1,,,,5.51,,,,,
9,0064667068144,,,,1,,,SPROUTS,,,,,,,WHEY PROTEIN-STRAWBERRY-SINGLE,,,,,0.90,,,,,OZ,,,Feb 21 2016 1,,,,4.90,,,,,
10,0064667068145,,,,1,,,SPROUTS,,,,,,,WHEY PROTEIN-STRAWBERRY-10 PK,,,,,9.03,,,,,OZ,,,Feb 21 2016 1,,,,5.05,,,,,
11,0064667068122,,,,1,,,SPROUTS,,,,,,,WHEY PROTEIN STRAWBERRY,,,,,16.00,,,,,OZ,,,Feb 21 2016 1,,,,4.95,,,,,
12,0064667068128,,,,1,,,SPROUTS,,,,,,,WHEY PROTEIN STRAWBERRY,,,,,32.00,,,,,OZ,,,Feb 21 2016 1,,,,5.51,,,,,
,,,,,---------------,,,,,,,,,,,,,,,,,,,,,,,,,,,,,,,,
Totals:,,,,,12,,,,,,,,,,,,,,,,,,,,,,,,,,,,,,,,
"Shelf: 21,   Length: 4' 0.00"",    Height: 1' 0.00"",   Depth: 1' 4.00"",   Product: 3' 11.96""",,,,,,,,,,,,,,,,,,,,,,,,,,,,,,,,,,,,,
1,0073373902172,,,,1,,,NOW,,,,,,,WHEY PROTEIN ISOLATE,,,,,1.20,,,,,LB,,,May 15 2016 1,,,,5.25,,,,,
2,0079001121014,,,,1,,,JARROW FORMULAS,,,,,,,WHEY PROTEIN-NATURAL,,,,,32.00,,,,,OZ,,,Feb 21 2016 1,,,,5.55,,,,,
3,0079001121003,,,,1,,,JARROW FORMULAS,,,,,,,WHEY PROTEIN-VANILLA CREAM,,,,,32.00,,,,,OZ,,,Feb 21 2016 1,,,,5.54,,,,,
4,0060949272006,,,,1,,,MRM,,,,,,,WHEY PROTEIN-RICH VANILLA,,,,,1.01,,,,,LB,,,Feb 21 2016 1,,,,4.95,,,,,
5,0060949272002,,,,1,,,MRM,,,,,,,ALL NATURAL WHEY-VANILLA,,,,,2.03,,,,,LB,,,Feb 21 2016 1,,,,5.51,,,,,
6,0060949272005,,,,1,,,MRM,,,,,,,WHEY PROTEIN-DUTCH CHOCOLATE,,,,,1.01,,,,,LB,,,Feb 21 2016 1,,,,4.95,,,,,
7,0060949272004,,,,1,,,MRM,,,,,,,ALL NATURAL WHEY-CHOCOLATE,,,,,2.02,,,,,LB,,,Feb 21 2016 1,,,,5.51,,,,,
8,0060949273006,,,,1,,,MRM,,,,,,,ALL NATURAL GAINER-VANILLA,,,,,3.30,,,,,LB,,,May 15 2016 1,,,,5.35,,,,,
Positio,,,,UPC,,Facings,,,,,,Brand,,,,,,Long Description,,,,Size,,,,,UOM,,,,Date,,,Width,,,
-----------   --------------------------------- ------------------------------------------------------------------------------------------------------------------ ------------ -------------------- ---------------,,,,,,,,,,,,,,,,,,,,,,,,,,,,,,,,,,,,,
"9
Totals:",,,"0060949273004                1
--------------- 9",,,,,,,,,MRM                                     ALL NATURAL GAINER-CHOCOLATE                                                                 3.30             LB                May 15 2016 1                  5.35,,,,,,,,,,,,,,,,,,,,,,,,,